{"textures":{"0":"modelengine:entity/pudgelin"},"elements":[{"from":[6.285714,4.0,6.285714],"to":[9.714286,9.714286,9.714286],"rotation":{"angle":0.0,"axis":"y","origin":[8.0,8.571428,8.0]},"faces":{"east":{"uv":[4.75,13.0,5.75,15.0],"rotation":0,"texture":"#0","tintindex":0},"south":{"uv":[6.75,13.0,7.75,15.0],"rotation":0,"texture":"#0","tintindex":0},"north":{"uv":[5.75,13.0,6.75,15.0],"rotation":0,"texture":"#0","tintindex":0},"west":{"uv":[6.75,13.0,7.75,15.0],"rotation":0,"texture":"#0","tintindex":0},"up":{"uv":[0.0,0.0,1.0,1.0],"rotation":0,"texture":"#missing","tintindex":0},"down":{"uv":[6.5,12.0,7.5,13.0],"rotation":0,"texture":"#0","tintindex":0}}}],"display":{"head":{"translation":[0.0,-6.4,0.0],"scale":[4.0,4.0,4.0]}}}