{
	"parent": "item/handheld",
	"textures": {
		"layer0": "block/pink_glazed_terracotta"
	},
	
	"overrides": [
		{"predicate": {"custom_model_data":1}, "model": "item/iron_nugget/1"},
		{"predicate": {"custom_model_data":2}, "model": "item/iron_nugget/2"},
		{"predicate": {"custom_model_data":3}, "model": "item/iron_nugget/3"},
		{"predicate": {"custom_model_data":4}, "model": "item/iron_nugget/4"},
		{"predicate": {"custom_model_data":5}, "model": "item/iron_nugget/5"},
		{"predicate": {"custom_model_data":6}, "model": "item/iron_nugget/6"},
		{"predicate": {"custom_model_data":7}, "model": "item/iron_nugget/7"},
		{"predicate": {"custom_model_data":8}, "model": "item/iron_nugget/8"},
		{"predicate": {"custom_model_data":9}, "model": "item/iron_nugget/9"},
		{"predicate": {"custom_model_data":10}, "model": "item/iron_nugget/10"},
		{"predicate": {"custom_model_data":11}, "model": "item/iron_nugget/11"},
		{"predicate": {"custom_model_data":12}, "model": "item/iron_nugget/12"},
		{"predicate": {"custom_model_data":13}, "model": "item/iron_nugget/13"},
		{"predicate": {"custom_model_data":14}, "model": "item/iron_nugget/14"},
		{"predicate": {"custom_model_data":15}, "model": "item/iron_nugget/15"},
		{"predicate": {"custom_model_data":16}, "model": "item/iron_nugget/16"},
		{"predicate": {"custom_model_data":17}, "model": "item/iron_nugget/17"},
		{"predicate": {"custom_model_data":18}, "model": "item/iron_nugget/18"},
		{"predicate": {"custom_model_data":19}, "model": "item/iron_nugget/19"},
		{"predicate": {"custom_model_data":20}, "model": "item/iron_nugget/20"}
	]
}