{"textures":{"0":"modelengine:entity/pudgelin"},"elements":[{"from":[9.142858,1.6571422,3.4285712],"to":[10.571428,3.0857139,9.714286],"rotation":{"angle":0.0,"axis":"y","origin":[-1.1428576,-4.6285725,2.2857141]},"faces":{"east":{"uv":[4.25,6.5,5.75,7.5],"rotation":0,"texture":"#0","tintindex":0},"south":{"uv":[4.25,6.5,5.25,7.5],"rotation":0,"texture":"#0","tintindex":0},"north":{"uv":[4.25,6.5,5.75,7.5],"rotation":0,"texture":"#0","tintindex":0},"west":{"uv":[4.25,6.5,5.75,7.5],"rotation":0,"texture":"#0","tintindex":0},"up":{"uv":[4.25,6.5,5.75,7.5],"rotation":0,"texture":"#0","tintindex":0},"down":{"uv":[4.25,6.5,5.75,7.5],"rotation":0,"texture":"#0","tintindex":0}}},{"from":[9.142858,1.0285711,-3.8285723],"to":[10.571428,2.4571428,-1.5428581],"rotation":{"angle":45.0,"axis":"x","origin":[-1.1428576,-4.6285725,1.7142854]},"faces":{"east":{"uv":[4.5,6.5,5.5,7.5],"rotation":0,"texture":"#0","tintindex":0},"south":{"uv":[4.5,6.5,5.5,7.5],"rotation":0,"texture":"#0","tintindex":0},"north":{"uv":[4.5,6.5,5.5,7.5],"rotation":0,"texture":"#0","tintindex":0},"west":{"uv":[4.5,6.5,5.5,7.5],"rotation":0,"texture":"#0","tintindex":0},"up":{"uv":[4.5,6.5,5.5,7.5],"rotation":0,"texture":"#0","tintindex":0},"down":{"uv":[4.5,6.5,5.5,7.5],"rotation":0,"texture":"#0","tintindex":0}}},{"from":[9.142858,-1.4285717,-5.4285717],"to":[10.571428,0.85714245,-4.000001],"rotation":{"angle":45.0,"axis":"x","origin":[-1.1428576,-4.6285725,1.7142854]},"faces":{"east":{"uv":[4.5,6.75,5.5,7.375],"rotation":270,"texture":"#0","tintindex":0},"south":{"uv":[4.5,6.75,5.5,7.375],"rotation":270,"texture":"#0","tintindex":0},"north":{"uv":[4.5,6.75,5.5,7.375],"rotation":270,"texture":"#0","tintindex":0},"west":{"uv":[4.5,6.75,5.5,7.375],"rotation":270,"texture":"#0","tintindex":0},"up":{"uv":[4.5,6.75,5.5,7.375],"rotation":270,"texture":"#0","tintindex":0},"down":{"uv":[4.5,6.75,5.5,7.375],"rotation":270,"texture":"#0","tintindex":0}}},{"from":[9.142858,0.9714279,-1.1428576],"to":[10.571428,2.6857138,0.28571415],"rotation":{"angle":0.0,"axis":"y","origin":[-1.1428576,-4.6285725,2.2857141]},"faces":{"east":{"uv":[4.5,6.75,5.25,7.375],"rotation":270,"texture":"#0","tintindex":0},"south":{"uv":[4.5,6.75,5.25,7.375],"rotation":270,"texture":"#0","tintindex":0},"north":{"uv":[4.5,6.75,5.25,7.375],"rotation":270,"texture":"#0","tintindex":0},"west":{"uv":[4.5,6.75,5.25,7.375],"rotation":270,"texture":"#0","tintindex":0},"up":{"uv":[4.5,6.75,5.25,7.375],"rotation":270,"texture":"#0","tintindex":0},"down":{"uv":[4.5,6.75,5.25,7.375],"rotation":270,"texture":"#0","tintindex":0}}},{"from":[9.142858,-0.11428642,1.3142858],"to":[10.571428,1.5999999,2.742857],"rotation":{"angle":-22.5,"axis":"x","origin":[-1.1428576,-4.6285725,1.7142854]},"faces":{"east":{"uv":[4.25,6.75,5.0,7.375],"rotation":270,"texture":"#0","tintindex":0},"south":{"uv":[4.25,6.75,5.0,7.375],"rotation":270,"texture":"#0","tintindex":0},"north":{"uv":[4.25,6.75,5.0,7.375],"rotation":270,"texture":"#0","tintindex":0},"west":{"uv":[4.25,6.75,5.0,7.375],"rotation":270,"texture":"#0","tintindex":0},"up":{"uv":[4.25,6.75,5.0,7.375],"rotation":270,"texture":"#0","tintindex":0},"down":{"uv":[4.25,6.75,5.0,7.375],"rotation":270,"texture":"#0","tintindex":0}}},{"from":[9.142858,2.9714284,0.5142851],"to":[10.571428,4.3999996,2.7999997],"rotation":{"angle":0.0,"axis":"y","origin":[-1.1428576,-4.057143,1.7142854]},"faces":{"east":{"uv":[4.5,6.5,5.5,7.5],"rotation":0,"texture":"#0","tintindex":0},"south":{"uv":[4.5,6.5,5.5,7.5],"rotation":0,"texture":"#0","tintindex":0},"north":{"uv":[4.5,6.5,5.5,7.5],"rotation":0,"texture":"#0","tintindex":0},"west":{"uv":[4.5,6.5,5.5,7.5],"rotation":0,"texture":"#0","tintindex":0},"up":{"uv":[4.25,6.0,5.75,6.25],"rotation":0,"texture":"#0","tintindex":0},"down":{"uv":[4.25,6.0,5.75,6.5],"rotation":0,"texture":"#0","tintindex":0}}}],"display":{"head":{"translation":[0.0,-6.4,0.0],"scale":[4.0,4.0,4.0]}}}