{
    "parent": "item/handheld",
    "textures": {
        "layer0": "minecraft:item/stone_pickaxe"
    },
    "overrides": [
        {"predicate": {"custom_model_data":1}, "model": "item/stone_pickaxe/1"},
        {"predicate": {"custom_model_data":2}, "model": "item/stone_pickaxe/2"},
        {"predicate": {"custom_model_data":3}, "model": "item/stone_pickaxe/3"},
        {"predicate": {"custom_model_data":4}, "model": "item/stone_pickaxe/4"},
        {"predicate": {"custom_model_data":5}, "model": "item/stone_pickaxe/5"},
        {"predicate": {"custom_model_data":6}, "model": "item/stone_pickaxe/6"},
        {"predicate": {"custom_model_data":7}, "model": "item/stone_pickaxe/7"},
        {"predicate": {"custom_model_data":8}, "model": "item/stone_pickaxe/8"},
        {"predicate": {"custom_model_data":9}, "model": "item/stone_pickaxe/9"},
        {"predicate": {"custom_model_data":10}, "model": "item/stone_pickaxe/10"},
        {"predicate": {"custom_model_data":11}, "model": "item/stone_pickaxe/11"},
        {"predicate": {"custom_model_data":12}, "model": "item/stone_pickaxe/12"},
        {"predicate": {"custom_model_data":13}, "model": "item/stone_pickaxe/13"},
        {"predicate": {"custom_model_data":14}, "model": "item/stone_pickaxe/14"},
        {"predicate": {"custom_model_data":15}, "model": "item/stone_pickaxe/15"},
        {"predicate": {"custom_model_data":16}, "model": "item/stone_pickaxe/16"},
        {"predicate": {"custom_model_data":17}, "model": "item/stone_pickaxe/17"},
        {"predicate": {"custom_model_data":18}, "model": "item/stone_pickaxe/18"},
        {"predicate": {"custom_model_data":19}, "model": "item/stone_pickaxe/19"},
        {"predicate": {"custom_model_data":20}, "model": "item/stone_pickaxe/20"},
        {"predicate": {"custom_model_data":21}, "model": "item/stone_pickaxe/21"},
        {"predicate": {"custom_model_data":22}, "model": "item/stone_pickaxe/22"},
        {"predicate": {"custom_model_data":23}, "model": "item/stone_pickaxe/23"},
        {"predicate": {"custom_model_data":24}, "model": "item/stone_pickaxe/24"},
        {"predicate": {"custom_model_data":25}, "model": "item/stone_pickaxe/25"},
        {"predicate": {"custom_model_data":26}, "model": "item/stone_pickaxe/26"},
        {"predicate": {"custom_model_data":27}, "model": "item/stone_pickaxe/27"},
        {"predicate": {"custom_model_data":28}, "model": "item/stone_pickaxe/28"},
        {"predicate": {"custom_model_data":29}, "model": "item/stone_pickaxe/29"},
        {"predicate": {"custom_model_data":30}, "model": "item/stone_pickaxe/30"},
        {"predicate": {"custom_model_data":31}, "model": "item/stone_pickaxe/31"},
        {"predicate": {"custom_model_data":32}, "model": "item/stone_pickaxe/32"},
        {"predicate": {"custom_model_data":33}, "model": "item/stone_pickaxe/33"},
        {"predicate": {"custom_model_data":100}, "model": "item/stone_pickaxe/100"},
        {"predicate": {"custom_model_data":101}, "model": "item/stone_pickaxe/101"},
        {"predicate": {"custom_model_data":102}, "model": "item/stone_pickaxe/102"},
        {"predicate": {"custom_model_data":103}, "model": "item/stone_pickaxe/103"},
        {"predicate": {"custom_model_data":104}, "model": "item/stone_pickaxe/104"},
        {"predicate": {"custom_model_data":105}, "model": "item/stone_pickaxe/105"},
        {"predicate": {"custom_model_data":106}, "model": "item/stone_pickaxe/106"},
        {"predicate": {"custom_model_data":107}, "model": "item/stone_pickaxe/107"},
        {"predicate": {"custom_model_data":108}, "model": "item/stone_pickaxe/108"},
        {"predicate": {"custom_model_data":109}, "model": "item/stone_pickaxe/109"},
        {"predicate": {"custom_model_data":110}, "model": "item/stone_pickaxe/110"},
        {"predicate": {"custom_model_data":111}, "model": "item/stone_pickaxe/111"},
        {"predicate": {"custom_model_data":112}, "model": "item/stone_pickaxe/112"},
        {"predicate": {"custom_model_data":113}, "model": "item/stone_pickaxe/113"},
        {"predicate": {"custom_model_data":114}, "model": "item/stone_pickaxe/114"}
        ]
}
