{
	"credit": "Made with Blockbench",
	"texture_size": [32, 32],
	"textures": {
		"0": "block/equipment/belt_pocket",
		"particle": "block/equipment/belt_pocket"
	},
	"elements": [
		{
			"from": [5, 0, 7],
			"to": [11, 3, 11],
			"rotation": {"angle": 0, "axis": "y", "origin": [7, 0, 7]},
			"faces": {
				"north": {"uv": [3.5, 5.5, 6.5, 7], "texture": "#0"},
				"east": {"uv": [6.5, 5.5, 8.5, 7], "texture": "#0"},
				"south": {"uv": [0, 6.5, 3, 8], "texture": "#0"},
				"west": {"uv": [3, 7, 5, 8.5], "texture": "#0"},
				"up": {"uv": [6.5, 2, 3.5, 0], "texture": "#0"},
				"down": {"uv": [6.5, 2, 3.5, 4], "texture": "#0"}
			}
		},
		{
			"from": [4.5, 2, 6.5],
			"to": [11.5, 5, 11.5],
			"rotation": {"angle": 0, "axis": "y", "origin": [7, 2, 7]},
			"faces": {
				"north": {"uv": [3.5, 4, 7, 5.5], "texture": "#0"},
				"east": {"uv": [6.5, 0, 9, 1.5], "texture": "#0"},
				"south": {"uv": [0, 5, 3.5, 6.5], "texture": "#0"},
				"west": {"uv": [6.5, 1.5, 9, 3], "texture": "#0"},
				"up": {"uv": [3.5, 2.5, 0, 0], "texture": "#0"},
				"down": {"uv": [3.5, 2.5, 0, 5], "texture": "#0"}
			}
		},
		{
			"from": [6, 1.9, 6.4],
			"to": [10, 3, 7.3],
			"rotation": {"angle": 0, "axis": "y", "origin": [7, -0.5, 6.8]},
			"faces": {
				"north": {"uv": [6.5, 3, 8.5, 3.5], "texture": "#0"},
				"east": {"uv": [3, 6.5, 3.5, 7], "texture": "#0"},
				"south": {"uv": [6.5, 3.5, 8.5, 4], "texture": "#0"},
				"west": {"uv": [5, 7, 5.5, 7.5], "texture": "#0"},
				"up": {"uv": [9, 4.5, 7, 4], "texture": "#0"},
				"down": {"uv": [9, 4.5, 7, 5], "texture": "#0"}
			}
		}
	],
	"display": {
		"thirdperson_righthand": {
			"translation": [0, 2.75, -1.25],
			"scale": [0.65, 0.65, 0.65]
		},
		"ground": {
			"translation": [0, 7, 0]
		},
		"gui": {
			"rotation": [30, -150, 0],
			"translation": [1.25, 5.75, 0],
			"scale": [1.44, 1.44, 1.44]
		},
		"head": {
			"translation": [0, -16, -5.75]
		}
	}
}