{"textures":{"0":"modelengine:entity/pudgelin"},"elements":[{"from":[-2.285715,7.6,0.28571415],"to":[9.142858,13.714286,7.142857],"rotation":{"angle":0.0,"axis":"y","origin":[-1.4285717,4.5714283,-1.1428576]},"faces":{"east":{"uv":[12.75,9.5,15.25,11.5],"rotation":0,"texture":"#0","tintindex":0},"south":{"uv":[8.5,13.5,13.25,15.5],"rotation":0,"texture":"#0","tintindex":0},"north":{"uv":[0.0,10.25,4.5,11.75],"rotation":0,"texture":"#0","tintindex":0},"west":{"uv":[11.75,9.5,14.25,11.5],"rotation":0,"texture":"#0","tintindex":0},"up":{"uv":[4.5,10.5,7.25,11.75],"rotation":0,"texture":"#0","tintindex":0},"down":{"uv":[6.25,11.25,8.0,11.75],"rotation":0,"texture":"#0","tintindex":0}}},{"from":[0.85714245,9.702968,-0.041765213],"to":[5.8857145,12.560111,3.9582348],"rotation":{"angle":22.5,"axis":"x","origin":[3.142857,11.93154,1.8439493]},"faces":{"east":{"uv":[6.25,10.75,6.75,11.5],"rotation":0,"texture":"#0","tintindex":0},"south":{"uv":[5.25,10.0,9.75,11.75],"rotation":0,"texture":"#0","tintindex":0},"north":{"uv":[6.0,10.25,8.5,11.75],"rotation":0,"texture":"#0","tintindex":0},"west":{"uv":[6.25,10.75,7.25,11.5],"rotation":0,"texture":"#0","tintindex":0},"up":{"uv":[5.0,10.5,9.5,11.75],"rotation":0,"texture":"#0","tintindex":0},"down":{"uv":[6.5,10.25,8.0,11.75],"rotation":0,"texture":"#0","tintindex":0}}},{"from":[-2.0,8.971429,0.5714283],"to":[8.857143,19.6,6.857143],"rotation":{"angle":0.0,"axis":"y","origin":[-1.4285717,4.5714283,-1.1428576]},"faces":{"east":{"uv":[0.0,8.75,2.25,12.5],"rotation":0,"texture":"#0","tintindex":0},"south":{"uv":[0.0,8.5,3.25,12.25],"rotation":0,"texture":"#0","tintindex":0},"north":{"uv":[0.75,8.5,4.0,12.0],"rotation":0,"texture":"#0","tintindex":0},"west":{"uv":[2.25,8.5,4.25,12.0],"rotation":0,"texture":"#0","tintindex":0},"up":{"uv":[0.25,10.75,3.5,12.75],"rotation":0,"texture":"#0","tintindex":0},"down":{"uv":[0.0,0.0,4.5,2.25],"rotation":0,"texture":"#missing","tintindex":0}}}],"display":{"head":{"translation":[0.0,-6.4,0.0],"scale":[4.0,4.0,4.0]}}}