{"textures":{"0":"modelengine:entity/lapis_block","1":"modelengine:entity/bee_lapis","2":"modelengine:entity/bluefire"},"elements":[{"from":[5.168,8.0,4.199],"to":[10.832,13.664,4.199],"faces":{"east":{"uv":[4.0,0.0,0.0,3.0],"tintindex":0,"rotation":0,"texture":"#1"},"south":{"uv":[3.0,6.0,0.0,9.0],"tintindex":0,"rotation":0,"texture":"#1"},"north":{"uv":[16.0,10.0,10.0,16.0],"tintindex":0,"rotation":0,"texture":"#1"},"west":{"uv":[4.0,3.0,0.0,6.0],"tintindex":0,"rotation":0,"texture":"#1"},"up":{"uv":[7.0,0.0,4.0,4.0],"tintindex":0,"rotation":0,"texture":"#1"},"down":{"uv":[7.0,8.0,4.0,4.0],"tintindex":0,"rotation":0,"texture":"#1"}}},{"from":[5.168,8.0,4.224],"to":[10.832,13.664,11.776],"faces":{"east":{"uv":[0.0,1.75,15.125,12.75],"tintindex":0,"rotation":0,"texture":"#0"},"south":{"uv":[14.0,2.0,2.0,13.0],"tintindex":0,"rotation":0,"texture":"#0"},"north":{"uv":[2.0,2.0,14.0,13.0],"tintindex":0,"rotation":0,"texture":"#0"},"west":{"uv":[15.125,1.75,0.0,12.75],"tintindex":0,"rotation":0,"texture":"#0"},"up":{"uv":[14.0,0.0,2.0,16.0],"tintindex":0,"rotation":0,"texture":"#0"},"down":{"uv":[14.0,0.0,2.0,16.0],"tintindex":0,"rotation":0,"texture":"#0"}}},{"from":[5.1480002,7.98,6.704],"to":[10.852,13.684,9.2960005],"faces":{"east":{"uv":[3.25,11.75,0.0,16.0],"tintindex":0,"rotation":0,"texture":"#1"},"south":{"uv":[28.0,4.0,4.0,26.0],"tintindex":0,"rotation":0,"texture":"#1"},"north":{"uv":[4.0,4.0,28.0,26.0],"tintindex":0,"rotation":0,"texture":"#1"},"west":{"uv":[3.25,11.75,0.0,16.0],"tintindex":0,"rotation":0,"texture":"#1"},"up":{"uv":[3.25,11.75,0.0,16.0],"tintindex":0,"rotation":0,"texture":"#1"},"down":{"uv":[3.25,11.75,0.0,16.0],"tintindex":0,"rotation":0,"texture":"#1"}}},{"from":[8.0,13.6,7.25],"to":[8.0,17.6,12.0],"faces":{"east":{"uv":[0.0,0.0,16.0,16.0],"tintindex":0,"rotation":0,"texture":"#2"},"south":{"uv":[0.0,0.0,16.0,16.0],"tintindex":0,"rotation":0,"texture":"#2"},"north":{"uv":[0.0,0.0,16.0,16.0],"tintindex":0,"rotation":0,"texture":"#2"},"west":{"uv":[0.0,0.0,16.0,16.0],"tintindex":0,"rotation":0,"texture":"#2"},"up":{"uv":[0.0,0.0,16.0,16.0],"tintindex":0,"rotation":0,"texture":"#2"},"down":{"uv":[0.0,0.0,16.0,16.0],"tintindex":0,"rotation":0,"texture":"#2"}}}],"display":{"gui":{"rotation":[30,225,0]}}}