{"textures":{"0":"modelengine:entity/piranha_plant"},"elements":[{"from":[7.7714286,8.0,8.0],"to":[8.457143,15.428572,8.685715],"rotation":{"angle":0.0,"axis":"y","origin":[8.114285,11.714286,8.342857]},"faces":{"east":{"uv":[9.0,8.0,9.75,16.0],"rotation":0,"texture":"#0","tintindex":0},"south":{"uv":[9.0,8.0,9.75,16.0],"rotation":0,"texture":"#0","tintindex":0},"north":{"uv":[9.0,8.0,9.75,16.0],"rotation":0,"texture":"#0","tintindex":0},"west":{"uv":[9.0,8.0,9.75,16.0],"rotation":0,"texture":"#0","tintindex":0},"up":{"uv":[11.5,8.0,12.25,9.5],"rotation":0,"texture":"#0","tintindex":0},"down":{"uv":[11.5,8.0,12.25,9.5],"rotation":0,"texture":"#0","tintindex":0}}},{"from":[8.02892,12.67275,8.4],"to":[10.314634,15.529894,8.457143],"rotation":{"angle":-45.0,"axis":"z","origin":[9.171777,14.101322,8.428572]},"faces":{"east":{"uv":[13.0,15.5,15.0,16.0],"rotation":180,"texture":"#0","tintindex":0},"south":{"uv":[14.0,9.5,16.0,14.5],"rotation":180,"texture":"#0","tintindex":0},"north":{"uv":[14.0,9.5,16.0,14.5],"rotation":180,"texture":"#0","tintindex":0},"west":{"uv":[13.0,15.0,15.0,15.5],"rotation":180,"texture":"#0","tintindex":0},"up":{"uv":[12.75,15.5,14.75,16.0],"rotation":180,"texture":"#0","tintindex":0},"down":{"uv":[13.0,15.0,15.0,15.5],"rotation":180,"texture":"#0","tintindex":0}}}],"display":{"head":{"translation":[0.0,-6.4,0.0],"scale":[4.0,4.0,4.0]}}}