{
	"credit": "Made with Blockbench",
	"textures": {
		"1": "block/yellow_concrete_powder",
		"2": "block/stone",
		"particle": "block/iron_block"
	},
	"elements": [
		{
			"from": [10, 0, 6.5],
			"to": [14, 1, 9.5],
			"faces": {
				"north": {"uv": [0, 0, 4, 1], "texture": "#1"},
				"east": {"uv": [0, 0, 3, 1], "texture": "#1"},
				"south": {"uv": [0, 0, 4, 1], "texture": "#1"},
				"west": {"uv": [0, 0, 3, 1], "texture": "#1"},
				"up": {"uv": [0, 0, 4, 3], "texture": "#1"},
				"down": {"uv": [0, 0, 4, 3], "texture": "#1"}
			}
		},
		{
			"from": [9, 0, 6.5],
			"to": [10, 4, 9.5],
			"faces": {
				"north": {"uv": [0, 0, 1, 4], "texture": "#1"},
				"east": {"uv": [0, 0, 3, 4], "texture": "#1"},
				"south": {"uv": [0, 0, 1, 4], "texture": "#1"},
				"west": {"uv": [0, 0, 3, 4], "texture": "#1"},
				"up": {"uv": [0, 0, 1, 3], "texture": "#1"},
				"down": {"uv": [0, 0, 1, 3], "texture": "#1"}
			}
		},
		{
			"from": [9, 4, 6.5],
			"to": [13, 5, 9.5],
			"faces": {
				"north": {"uv": [0, 0, 4, 1], "texture": "#1"},
				"east": {"uv": [0, 0, 3, 1], "texture": "#1"},
				"south": {"uv": [0, 0, 4, 1], "texture": "#1"},
				"west": {"uv": [0, 0, 3, 1], "texture": "#1"},
				"up": {"uv": [0, 0, 4, 3], "texture": "#1"},
				"down": {"uv": [0, 0, 4, 3], "texture": "#1"}
			}
		},
		{
			"from": [13, 1, 6.5],
			"to": [14, 5, 9.5],
			"faces": {
				"north": {"uv": [0, 0, 1, 4], "texture": "#1"},
				"east": {"uv": [0, 0, 3, 4], "texture": "#1"},
				"south": {"uv": [0, 0, 1, 4], "texture": "#1"},
				"west": {"uv": [0, 0, 3, 4], "texture": "#1"},
				"up": {"uv": [0, 0, 1, 3], "texture": "#1"},
				"down": {"uv": [0, 0, 1, 3], "texture": "#1"}
			}
		},
		{
			"from": [3, 0, 6.5],
			"to": [7, 1, 9.5],
			"faces": {
				"north": {"uv": [0, 0, 4, 1], "texture": "#1"},
				"east": {"uv": [0, 0, 3, 1], "texture": "#1"},
				"south": {"uv": [0, 0, 4, 1], "texture": "#1"},
				"west": {"uv": [0, 0, 3, 1], "texture": "#1"},
				"up": {"uv": [0, 0, 4, 3], "texture": "#1"},
				"down": {"uv": [0, 0, 4, 3], "texture": "#1"}
			}
		},
		{
			"from": [2, 0, 6.5],
			"to": [3, 4, 9.5],
			"faces": {
				"north": {"uv": [0, 0, 1, 4], "texture": "#1"},
				"east": {"uv": [0, 0, 3, 4], "texture": "#1"},
				"south": {"uv": [0, 0, 1, 4], "texture": "#1"},
				"west": {"uv": [0, 0, 3, 4], "texture": "#1"},
				"up": {"uv": [0, 0, 1, 3], "texture": "#1"},
				"down": {"uv": [0, 0, 1, 3], "texture": "#1"}
			}
		},
		{
			"from": [2, 4, 6.5],
			"to": [6, 5, 9.5],
			"faces": {
				"north": {"uv": [0, 0, 4, 1], "texture": "#1"},
				"east": {"uv": [0, 0, 3, 1], "texture": "#1"},
				"south": {"uv": [0, 0, 4, 1], "texture": "#1"},
				"west": {"uv": [0, 0, 3, 1], "texture": "#1"},
				"up": {"uv": [0, 0, 4, 3], "texture": "#1"},
				"down": {"uv": [0, 0, 4, 3], "texture": "#1"}
			}
		},
		{
			"from": [6, 1, 6.5],
			"to": [7, 5, 9.5],
			"faces": {
				"north": {"uv": [0, 0, 1, 4], "texture": "#1"},
				"east": {"uv": [0, 0, 3, 4], "texture": "#1"},
				"south": {"uv": [0, 0, 1, 4], "texture": "#1"},
				"west": {"uv": [0, 0, 3, 4], "texture": "#1"},
				"up": {"uv": [0, 0, 1, 3], "texture": "#1"},
				"down": {"uv": [0, 0, 1, 3], "texture": "#1"}
			}
		},
		{
			"from": [8.75, 0, 7],
			"to": [11.25, 13, 9.25],
			"rotation": {"angle": 22.5, "axis": "z", "origin": [0, 0, 0]},
			"faces": {
				"north": {"uv": [4, 1, 7, 14], "texture": "#2"},
				"east": {"uv": [4, 1, 6, 14], "texture": "#2"},
				"south": {"uv": [4, 1, 7, 14], "texture": "#2"},
				"west": {"uv": [4, 1, 6, 14], "texture": "#2"},
				"up": {"uv": [7, 3, 4, 1], "texture": "#2"},
				"down": {"uv": [7, 1, 4, 3], "texture": "#2"}
			}
		},
		{
			"from": [3.75, 6, 6.75],
			"to": [6.25, 19, 9],
			"rotation": {"angle": -22.5, "axis": "z", "origin": [0, 0, 0]},
			"faces": {
				"north": {"uv": [3, 1, 5.5, 14], "texture": "#2"},
				"east": {"uv": [3, 1, 5.25, 14], "texture": "#2"},
				"south": {"uv": [3, 1, 5.5, 14], "texture": "#2"},
				"west": {"uv": [3, 1, 5.25, 14], "texture": "#2"},
				"up": {"uv": [3, 1, 5.5, 3.25], "texture": "#2"},
				"down": {"uv": [3, 1, 5.5, 3.25], "texture": "#2"}
			}
		}
	],
	"display": {
		"thirdperson_righthand": {
			"rotation": [21, 0, 0],
			"translation": [0, 3.25, 2],
			"scale": [0.63, 0.63, 0.63]
		},
		"thirdperson_lefthand": {
			"rotation": [21, 0, 0],
			"translation": [0, 3.25, 2],
			"scale": [0.63, 0.63, 0.63]
		},
		"firstperson_righthand": {
			"rotation": [-23, 0, 0],
			"translation": [0, 5.5, -0.5],
			"scale": [0.65, 0.65, 0.65]
		},
		"firstperson_lefthand": {
			"rotation": [-23, 0, 0],
			"translation": [0, 5.5, 0.5],
			"scale": [0.65, 0.65, 0.65]
		},
		"ground": {
			"translation": [0, 5.5, 0]
		},
		"gui": {
			"rotation": [31, 30, 0],
			"translation": [0, 0.5, 0],
			"scale": [0.85, 0.85, 0.85]
		},
		"head": {
			"translation": [0, 6, 0]
		}
	},
	"groups": [
		{
			"name": "handle1",
			"origin": [8, 8, 8],
			"color": 0,
			"children": [0, 1, 2, 3]
		},
		{
			"name": "handle2",
			"origin": [8, 8, 8],
			"color": 0,
			"children": [4, 5, 6, 7]
		},
		{
			"name": "blade1",
			"origin": [8, 8, 8],
			"color": 0,
			"children": [8]
		},
		{
			"name": "blade2",
			"origin": [8, 8, 8],
			"color": 0,
			"children": [9]
		}
	]
}