{
	"credit": "Made with Blockbench",
	"textures": {
		"0": "block/white_wool",
		"1": "block/spruce_log",
		"particle": "block/white_wool"
	},
	"elements": [
		{
			"from": [11, 17.75, 3.75],
			"to": [12, 18.75, 11.25],
			"rotation": {"angle": -45, "axis": "y", "origin": [8, 0, 8]},
			"faces": {
				"north": {"uv": [0, 0, 1, 1], "texture": "#0"},
				"east": {"uv": [0, 0, 7.5, 1], "texture": "#0"},
				"south": {"uv": [0, 0, 1, 1], "texture": "#0"},
				"west": {"uv": [0, 0, 7.5, 1], "texture": "#0"},
				"up": {"uv": [0, 0, 1, 7.5], "texture": "#0"},
				"down": {"uv": [0, 0, 1, 7.5], "texture": "#0"}
			}
		},
		{
			"from": [7.5, 8.75, 17.75],
			"to": [8.5, 9.75, 24.75],
			"rotation": {"angle": -45, "axis": "x", "origin": [8.5, 0, 8]},
			"faces": {
				"north": {"uv": [0, 0, 1, 1], "texture": "#0"},
				"east": {"uv": [0, 0, 7, 1], "texture": "#0"},
				"south": {"uv": [0, 0, 1, 1], "texture": "#0"},
				"west": {"uv": [0, 0, 7, 1], "texture": "#0"},
				"up": {"uv": [0, 0, 1, 7], "texture": "#0"},
				"down": {"uv": [0, 0, 1, 7], "texture": "#0"}
			}
		},
		{
			"from": [5.25, 12.5, 2.75],
			"to": [6.25, 18, 3.75],
			"rotation": {"angle": 22.5, "axis": "x", "origin": [8.5, 0, 8]},
			"faces": {
				"north": {"uv": [0, 0, 1, 5.5], "rotation": 180, "texture": "#0"},
				"east": {"uv": [0, 0, 5.5, 1], "rotation": 90, "texture": "#0"},
				"south": {"uv": [0, 0, 1, 5.5], "texture": "#0"},
				"west": {"uv": [0, 0, 5.5, 1], "rotation": 270, "texture": "#0"},
				"up": {"uv": [0, 0, 1, 1], "texture": "#0"},
				"down": {"uv": [0, 0, 1, 1], "rotation": 180, "texture": "#0"}
			}
		},
		{
			"from": [9.75, 12.5, 2.75],
			"to": [10.75, 18, 3.75],
			"rotation": {"angle": 22.5, "axis": "x", "origin": [8.5, 0, 8]},
			"faces": {
				"north": {"uv": [0, 0, 1, 5.5], "rotation": 180, "texture": "#0"},
				"east": {"uv": [0, 0, 5.5, 1], "rotation": 90, "texture": "#0"},
				"south": {"uv": [0, 0, 1, 5.5], "texture": "#0"},
				"west": {"uv": [0, 0, 5.5, 1], "rotation": 270, "texture": "#0"},
				"up": {"uv": [0, 0, 1, 1], "texture": "#0"},
				"down": {"uv": [0, 0, 1, 1], "rotation": 180, "texture": "#0"}
			}
		},
		{
			"from": [7.5, 15.75, -9],
			"to": [8.5, 16.75, -1],
			"rotation": {"angle": 45, "axis": "x", "origin": [8.5, 0, 8]},
			"faces": {
				"north": {"uv": [0, 0, 1, 1], "texture": "#0"},
				"east": {"uv": [0, 0, 8, 1], "texture": "#0"},
				"south": {"uv": [0, 0, 1, 1], "texture": "#0"},
				"west": {"uv": [0, 0, 8, 1], "texture": "#0"},
				"up": {"uv": [0, 0, 1, 8], "texture": "#0"},
				"down": {"uv": [0, 0, 1, 8], "texture": "#0"}
			}
		},
		{
			"from": [9.75, 16.25, 16.75],
			"to": [10.75, 22, 17.75],
			"rotation": {"angle": -22.5, "axis": "x", "origin": [8.5, 0, 8]},
			"faces": {
				"north": {"uv": [0, 0, 1, 5.75], "rotation": 180, "texture": "#0"},
				"east": {"uv": [0, 0, 5.75, 1], "rotation": 270, "texture": "#0"},
				"south": {"uv": [0, 0, 1, 5.75], "texture": "#0"},
				"west": {"uv": [0, 0, 5.75, 1], "rotation": 90, "texture": "#0"},
				"up": {"uv": [0, 0, 1, 1], "rotation": 180, "texture": "#0"},
				"down": {"uv": [0, 0, 1, 1], "texture": "#0"}
			}
		},
		{
			"from": [5.25, 16.25, 16.75],
			"to": [6.25, 22, 17.75],
			"rotation": {"angle": -22.5, "axis": "x", "origin": [8.5, 0, 8]},
			"faces": {
				"north": {"uv": [0, 0, 1, 5.75], "rotation": 180, "texture": "#0"},
				"east": {"uv": [0, 0, 5.75, 1], "rotation": 270, "texture": "#0"},
				"south": {"uv": [0, 0, 1, 5.75], "texture": "#0"},
				"west": {"uv": [0, 0, 5.75, 1], "rotation": 90, "texture": "#0"},
				"up": {"uv": [0, 0, 1, 1], "rotation": 180, "texture": "#0"},
				"down": {"uv": [0, 0, 1, 1], "texture": "#0"}
			}
		},
		{
			"from": [4, 17.75, 3.75],
			"to": [5, 18.75, 11.25],
			"rotation": {"angle": 45, "axis": "y", "origin": [8, 0, 8]},
			"faces": {
				"north": {"uv": [0, 0, 1, 1], "texture": "#0"},
				"east": {"uv": [0, 0, 7.5, 1], "texture": "#0"},
				"south": {"uv": [0, 0, 1, 1], "texture": "#0"},
				"west": {"uv": [0, 0, 7.5, 1], "texture": "#0"},
				"up": {"uv": [0, 0, 1, 7.5], "texture": "#0"},
				"down": {"uv": [0, 0, 1, 7.5], "texture": "#0"}
			}
		},
		{
			"from": [2, 15, 7],
			"to": [4, 23, 9],
			"faces": {
				"north": {"uv": [0, 0, 2, 8], "texture": "#1"},
				"east": {"uv": [0, 0, 2, 8], "texture": "#1"},
				"south": {"uv": [0, 0, 2, 8], "texture": "#1"},
				"west": {"uv": [0, 0, 2, 8], "texture": "#1"},
				"up": {"uv": [0, 0, 2, 2], "texture": "#1"},
				"down": {"uv": [0, 0, 2, 2], "texture": "#1"}
			}
		},
		{
			"from": [6, 0, 7],
			"to": [10, 13, 9],
			"faces": {
				"north": {"uv": [0, 0, 4, 13], "texture": "#1"},
				"east": {"uv": [0, 0, 2, 13], "texture": "#1"},
				"south": {"uv": [0, 0, 4, 13], "texture": "#1"},
				"west": {"uv": [0, 0, 2, 13], "texture": "#1"},
				"up": {"uv": [0, 0, 4, 2], "texture": "#1"},
				"down": {"uv": [0, 0, 4, 2], "texture": "#1"}
			}
		},
		{
			"from": [2, 13, 7],
			"to": [14, 15, 9],
			"faces": {
				"north": {"uv": [0, 0, 12, 2], "texture": "#1"},
				"east": {"uv": [0, 0, 2, 2], "texture": "#1"},
				"south": {"uv": [0, 0, 12, 2], "texture": "#1"},
				"west": {"uv": [0, 0, 2, 2], "texture": "#1"},
				"up": {"uv": [0, 0, 12, 2], "texture": "#1"},
				"down": {"uv": [0, 0, 12, 2], "texture": "#1"}
			}
		},
		{
			"from": [2, 23, 7],
			"to": [12, 25, 9],
			"faces": {
				"north": {"uv": [0, 0, 10, 2], "texture": "#1"},
				"east": {"uv": [0, 0, 2, 2], "texture": "#1"},
				"south": {"uv": [0, 0, 10, 2], "texture": "#1"},
				"west": {"uv": [0, 0, 2, 2], "texture": "#1"},
				"up": {"uv": [0, 0, 10, 2], "texture": "#1"},
				"down": {"uv": [0, 0, 10, 2], "texture": "#1"}
			}
		},
		{
			"from": [12, 15, 7],
			"to": [14, 25, 9],
			"faces": {
				"north": {"uv": [0, 0, 2, 10], "texture": "#1"},
				"east": {"uv": [0, 0, 2, 10], "texture": "#1"},
				"south": {"uv": [0, 0, 2, 10], "texture": "#1"},
				"west": {"uv": [0, 0, 2, 10], "texture": "#1"},
				"up": {"uv": [0, 0, 2, 2], "texture": "#1"},
				"down": {"uv": [0, 0, 2, 2], "texture": "#1"}
			}
		}
	],
	"display": {
		"thirdperson_righthand": {
			"rotation": [27, 0, 0],
			"translation": [0, 2, 2],
			"scale": [0.44, 0.44, 0.44]
		},
		"thirdperson_lefthand": {
			"rotation": [27, 0, 0],
			"translation": [0, 2, 2],
			"scale": [0.44, 0.44, 0.44]
		},
		"firstperson_righthand": {
			"rotation": [-19.5, 0, 0],
			"translation": [3, 2.5, 0],
			"scale": [0.44, 0.44, 0.44]
		},
		"firstperson_lefthand": {
			"rotation": [-19.5, 0, 0],
			"translation": [3, 2.5, 0],
			"scale": [0.44, 0.44, 0.44]
		},
		"ground": {
			"rotation": [58, 0, 0],
			"translation": [0, -1.25, 0],
			"scale": [0.44, 0.44, 0.44]
		},
		"gui": {
			"rotation": [10, -160, 0],
			"translation": [0, -2.75, 0],
			"scale": [0.61, 0.61, 0.61]
		},
		"fixed": {
			"rotation": [0, 180, 0],
			"translation": [0, -2.5, 0.25],
			"scale": [0.67, 0.67, 0.67]
		}
	},
	"groups": [
		{
			"name": "Net",
			"origin": [0, 0, 0],
			"color": 0,
			"children": [0, 1, 2, 3, 4, 5, 6, 7]
		},
		{
			"name": "base",
			"origin": [8, 8, 8],
			"color": 0,
			"children": [
				8,
				9,
				10,
				11,
				12,
				{
					"name": "group",
					"origin": [8, 8, 8],
					"color": 0,
					"children": []
				}
			]
		}
	]
}