{
	"credit": "Made with Blockbench",
	"texture_size": [64, 64],
	"textures": {
		"2": "item/pets/wither/blue",
		"particle": "wither"
	},
	"elements": [
		{
			"name": "upperBodyPart1",
			"from": [-2, 17.1, 7.5],
			"to": [18, 20.1, 10.5],
			"rotation": {"angle": 0, "axis": "y", "origin": [8, 0, 8]},
			"faces": {
				"north": {"uv": [0.75, 4.75, 5.75, 5.5], "texture": "#2"},
				"east": {"uv": [0, 4.75, 0.75, 5.5], "texture": "#2"},
				"south": {"uv": [6.5, 4.75, 11.5, 5.5], "texture": "#2"},
				"west": {"uv": [5.75, 4.75, 6.5, 5.5], "texture": "#2"},
				"up": {"uv": [5.75, 4.75, 0.75, 4], "texture": "#2"},
				"down": {"uv": [10.75, 4, 5.75, 4.75], "texture": "#2"}
			}
		},
		{
			"name": "upperBodyPart2",
			"from": [7, 7.1, 7.5],
			"to": [10, 17.1, 10.5],
			"rotation": {"angle": 0, "axis": "y", "origin": [8, 0, 8]},
			"faces": {
				"north": {"uv": [0.75, 6.25, 1.5, 8.75], "texture": "#2"},
				"east": {"uv": [0, 6.25, 0.75, 8.75], "texture": "#2"},
				"south": {"uv": [2.25, 6.25, 3, 8.75], "texture": "#2"},
				"west": {"uv": [1.5, 6.25, 2.25, 8.75], "texture": "#2"},
				"up": {"uv": [1.5, 6.25, 0.75, 5.5], "texture": "#2"},
				"down": {"uv": [2.25, 5.5, 1.5, 6.25], "texture": "#2"}
			}
		},
		{
			"name": "upperBodyPart2",
			"from": [3, 13.6, 8],
			"to": [14, 15.6, 10],
			"rotation": {"angle": 0, "axis": "y", "origin": [8, 0, 8]},
			"faces": {
				"north": {"uv": [6.5, 6, 9.25, 6.5], "texture": "#2"},
				"east": {"uv": [6, 6, 6.5, 6.5], "texture": "#2"},
				"south": {"uv": [9.75, 6, 12.5, 6.5], "texture": "#2"},
				"west": {"uv": [9.25, 6, 9.75, 6.5], "texture": "#2"},
				"up": {"uv": [9.25, 6, 6.5, 5.5], "texture": "#2"},
				"down": {"uv": [12, 5.5, 9.25, 6], "texture": "#2"}
			}
		},
		{
			"name": "upperBodyPart2",
			"from": [3, 11.1, 8],
			"to": [14, 13.1, 10],
			"rotation": {"angle": 0, "axis": "y", "origin": [8, 0, 8]},
			"faces": {
				"north": {"uv": [6.5, 6, 9.25, 6.5], "texture": "#2"},
				"east": {"uv": [6, 6, 6.5, 6.5], "texture": "#2"},
				"south": {"uv": [9.75, 6, 12.5, 6.5], "texture": "#2"},
				"west": {"uv": [9.25, 6, 9.75, 6.5], "texture": "#2"},
				"up": {"uv": [9.25, 6, 6.5, 5.5], "texture": "#2"},
				"down": {"uv": [12, 5.5, 9.25, 6], "texture": "#2"}
			}
		},
		{
			"name": "upperBodyPart2",
			"from": [3, 8.6, 8],
			"to": [14, 10.6, 10],
			"rotation": {"angle": 0, "axis": "y", "origin": [8, 0, 8]},
			"faces": {
				"north": {"uv": [6.5, 6, 9.25, 6.5], "texture": "#2"},
				"east": {"uv": [6, 6, 6.5, 6.5], "texture": "#2"},
				"south": {"uv": [9.75, 6, 12.5, 6.5], "texture": "#2"},
				"west": {"uv": [9.25, 6, 9.75, 6.5], "texture": "#2"},
				"up": {"uv": [9.25, 6, 6.5, 5.5], "texture": "#2"},
				"down": {"uv": [12, 5.5, 9.25, 6], "texture": "#2"}
			}
		},
		{
			"name": "upperBodyPart3",
			"from": [7.05, -0.75, 12.5],
			"to": [9.95, 5.25, 15.5],
			"rotation": {"angle": -45, "axis": "x", "origin": [8, 0, 8]},
			"faces": {
				"north": {"uv": [3.75, 6.25, 4.25, 7.75], "texture": "#2"},
				"east": {"uv": [3, 6.25, 3.75, 7.75], "texture": "#2"},
				"south": {"uv": [5, 6.25, 5.5, 7.75], "texture": "#2"},
				"west": {"uv": [4.25, 6.25, 5, 7.75], "texture": "#2"},
				"up": {"uv": [4.25, 6.25, 3.75, 5.5], "texture": "#2"},
				"down": {"uv": [4.75, 5.5, 4.25, 6.25], "texture": "#2"}
			}
		},
		{
			"name": "head1",
			"from": [4, 20, 4],
			"to": [12, 28, 12],
			"rotation": {"angle": 0, "axis": "y", "origin": [8, 0, 8]},
			"faces": {
				"north": {"uv": [2, 2, 4, 4], "texture": "#2"},
				"east": {"uv": [0, 2, 2, 4], "texture": "#2"},
				"south": {"uv": [6, 2, 8, 4], "texture": "#2"},
				"west": {"uv": [4, 2, 6, 4], "texture": "#2"},
				"up": {"uv": [4, 2, 2, 0], "texture": "#2"},
				"down": {"uv": [6, 0, 4, 2], "texture": "#2"}
			}
		},
		{
			"name": "head2",
			"from": [14, 18, 4],
			"to": [20, 24, 10],
			"rotation": {"angle": 0, "axis": "y", "origin": [8, 0, 8]},
			"faces": {
				"north": {"uv": [9.5, 1.5, 11, 3], "texture": "#2"},
				"east": {"uv": [8, 1.5, 9.5, 3], "texture": "#2"},
				"south": {"uv": [12.5, 1.5, 14, 3], "texture": "#2"},
				"west": {"uv": [11, 1.5, 12.5, 3], "texture": "#2"},
				"up": {"uv": [11, 1.5, 9.5, 0], "texture": "#2"},
				"down": {"uv": [12.5, 0, 11, 1.5], "texture": "#2"}
			}
		},
		{
			"name": "head3",
			"from": [-4, 18, 4],
			"to": [2, 24, 10],
			"rotation": {"angle": 0, "axis": "y", "origin": [8, 0, 8]},
			"faces": {
				"north": {"uv": [9.5, 1.5, 11, 3], "texture": "#2"},
				"east": {"uv": [8, 1.5, 9.5, 3], "texture": "#2"},
				"south": {"uv": [12.5, 1.5, 14, 3], "texture": "#2"},
				"west": {"uv": [11, 1.5, 12.5, 3], "texture": "#2"},
				"up": {"uv": [11, 1.5, 9.5, 0], "texture": "#2"},
				"down": {"uv": [12.5, 0, 11, 1.5], "texture": "#2"}
			}
		}
	],
	"display": {
		"thirdperson_righthand": {
			"rotation": [2, 0, 0],
			"translation": [0, 0, 0.25],
			"scale": [0.4, 0.4, 0.4]
		},
		"firstperson_righthand": {
			"translation": [0.75, 0, 0],
			"scale": [0.3, 0.3, 0.3]
		},
		"ground": {
			"scale": [0.53, 0.53, 0.53]
		},
		"gui": {
			"rotation": [30, -150, 0],
			"translation": [0, -4.75, 0],
			"scale": [0.59, 0.59, 0.59]
		}
	},
	"groups": [
		{
			"name": "upperBodyPart1",
			"origin": [0, 0, 0],
			"color": 0,
			"children": [
				0,
				{
					"name": "upperBodyPart2",
					"origin": [2, 17.1, -0.5],
					"color": 0,
					"children": [
						1,
						2,
						3,
						4,
						{
							"name": "upperBodyPart3",
							"origin": [0, 7, 0],
							"color": 0,
							"children": [5]
						}
					]
				},
				{
					"name": "head1",
					"origin": [0, 20, 0],
					"color": 0,
					"children": [6]
				},
				{
					"name": "head2",
					"origin": [9, 18, -1],
					"color": 0,
					"children": [7]
				},
				{
					"name": "head3",
					"origin": [-9, 18, -1],
					"color": 0,
					"children": [8]
				}
			]
		}
	]
}