{
    "model": {
        "type": "range_dispatch",
        "property": "custom_model_data",
        "fallback": {
            "type": "model",
            "model": "minecraft:item/emerald"
        },
        "entries": [
            {
                "threshold": 1,
                "model": {
                    "type": "model",
                    "model": "item/emerald/1"
                }
            },
            {
                "threshold": 2,
                "model": {
                    "type": "model",
                    "model": "item/emerald/2"
                }
            },
            {
                "threshold": 3,
                "model": {
                    "type": "model",
                    "model": "item/emerald/3"
                }
            },
            {
                "threshold": 4,
                "model": {
                    "type": "model",
                    "model": "item/emerald/4"
                }
            },
            {
                "threshold": 5,
                "model": {
                    "type": "model",
                    "model": "item/emerald/5"
                }
            },
            {
                "threshold": 6,
                "model": {
                    "type": "model",
                    "model": "item/emerald/6"
                }
            },
            {
                "threshold": 7,
                "model": {
                    "type": "model",
                    "model": "item/emerald/7"
                }
            },
            {
                "threshold": 8,
                "model": {
                    "type": "model",
                    "model": "item/emerald/8"
                }
            },
            {
                "threshold": 9,
                "model": {
                    "type": "model",
                    "model": "item/emerald/9"
                }
            },
            {
                "threshold": 10,
                "model": {
                    "type": "model",
                    "model": "item/emerald/10"
                }
            },
            {
                "threshold": 11,
                "model": {
                    "type": "model",
                    "model": "item/emerald/11"
                }
            },
            {
                "threshold": 12,
                "model": {
                    "type": "model",
                    "model": "item/emerald/12"
                }
            },
            {
                "threshold": 13,
                "model": {
                    "type": "model",
                    "model": "item/emerald/13"
                }
            },
            {
                "threshold": 14,
                "model": {
                    "type": "model",
                    "model": "item/emerald/14"
                }
            },
            {
                "threshold": 15,
                "model": {
                    "type": "model",
                    "model": "item/emerald/15"
                }
            },
            {
                "threshold": 16,
                "model": {
                    "type": "model",
                    "model": "item/emerald/16"
                }
            },
            {
                "threshold": 17,
                "model": {
                    "type": "model",
                    "model": "item/emerald/17"
                }
            },
            {
                "threshold": 18,
                "model": {
                    "type": "model",
                    "model": "item/emerald/18"
                }
            },
            {
                "threshold": 19,
                "model": {
                    "type": "model",
                    "model": "item/emerald/19"
                }
            },
            {
                "threshold": 20,
                "model": {
                    "type": "model",
                    "model": "item/emerald/20"
                }
            },
            {
                "threshold": 21,
                "model": {
                    "type": "model",
                    "model": "item/emerald/21"
                }
            },
            {
                "threshold": 22,
                "model": {
                    "type": "model",
                    "model": "item/emerald/22"
                }
            },
            {
                "threshold": 23,
                "model": {
                    "type": "model",
                    "model": "item/emerald/23"
                }
            },
            {
                "threshold": 24,
                "model": {
                    "type": "model",
                    "model": "item/emerald/24"
                }
            },
            {
                "threshold": 25,
                "model": {
                    "type": "model",
                    "model": "item/emerald/25"
                }
            },
            {
                "threshold": 26,
                "model": {
                    "type": "model",
                    "model": "item/emerald/26"
                }
            },
            {
                "threshold": 27,
                "model": {
                    "type": "model",
                    "model": "item/emerald/27"
                }
            },
            {
                "threshold": 28,
                "model": {
                    "type": "model",
                    "model": "item/emerald/28"
                }
            },
            {
                "threshold": 29,
                "model": {
                    "type": "model",
                    "model": "item/emerald/29"
                }
            },
            {
                "threshold": 30,
                "model": {
                    "type": "model",
                    "model": "item/emerald/30"
                }
            },
            {
                "threshold": 31,
                "model": {
                    "type": "model",
                    "model": "item/emerald/31"
                }
            },
            {
                "threshold": 32,
                "model": {
                    "type": "model",
                    "model": "item/emerald/32"
                }
            },
            {
                "threshold": 33,
                "model": {
                    "type": "model",
                    "model": "item/emerald/33"
                }
            },
            {
                "threshold": 34,
                "model": {
                    "type": "model",
                    "model": "item/emerald/34"
                }
            },
            {
                "threshold": 35,
                "model": {
                    "type": "model",
                    "model": "item/emerald/35"
                }
            },
            {
                "threshold": 36,
                "model": {
                    "type": "model",
                    "model": "item/emerald/36"
                }
            },
            {
                "threshold": 37,
                "model": {
                    "type": "model",
                    "model": "item/emerald/37"
                }
            },
            {
                "threshold": 38,
                "model": {
                    "type": "model",
                    "model": "item/emerald/38"
                }
            },
            {
                "threshold": 39,
                "model": {
                    "type": "model",
                    "model": "item/emerald/39"
                }
            },
            {
                "threshold": 40,
                "model": {
                    "type": "model",
                    "model": "item/emerald/40"
                }
            },
            {
                "threshold": 41,
                "model": {
                    "type": "model",
                    "model": "item/emerald/41"
                }
            },
            {
                "threshold": 42,
                "model": {
                    "type": "model",
                    "model": "item/emerald/42"
                }
            },
            {
                "threshold": 43,
                "model": {
                    "type": "model",
                    "model": "item/emerald/43"
                }
            },
            {
                "threshold": 44,
                "model": {
                    "type": "model",
                    "model": "item/emerald/44"
                }
            },
            {
                "threshold": 45,
                "model": {
                    "type": "model",
                    "model": "item/emerald/45"
                }
            },
            {
                "threshold": 46,
                "model": {
                    "type": "model",
                    "model": "item/emerald/46"
                }
            },
            {
                "threshold": 47,
                "model": {
                    "type": "model",
                    "model": "item/emerald/47"
                }
            },
            {
                "threshold": 48,
                "model": {
                    "type": "model",
                    "model": "item/emerald/48"
                }
            },
            {
                "threshold": 49,
                "model": {
                    "type": "model",
                    "model": "item/emerald/49"
                }
            },
            {
                "threshold": 50,
                "model": {
                    "type": "model",
                    "model": "item/emerald/50"
                }
            }
        ]
    }
}