{
    "model": {
        "type": "range_dispatch",
        "property": "custom_model_data",
        "fallback": {
            "type": "model",
            "model": "minecraft:item/iron_shovel"
        },
        "entries": [
            {
                "threshold": 1,
                "model": {
                    "type": "model",
                    "model": "item/iron_shovel/1"
                }
            },
            {
                "threshold": 2,
                "model": {
                    "type": "model",
                    "model": "item/iron_shovel/2"
                }
            },
            {
                "threshold": 3,
                "model": {
                    "type": "model",
                    "model": "item/iron_shovel/3"
                }
            },
            {
                "threshold": 4,
                "model": {
                    "type": "model",
                    "model": "item/iron_shovel/4"
                }
            },
            {
                "threshold": 5,
                "model": {
                    "type": "model",
                    "model": "item/iron_shovel/5"
                }
            },
            {
                "threshold": 6,
                "model": {
                    "type": "model",
                    "model": "item/iron_shovel/6"
                }
            },
            {
                "threshold": 7,
                "model": {
                    "type": "model",
                    "model": "item/iron_shovel/7"
                }
            },
            {
                "threshold": 8,
                "model": {
                    "type": "model",
                    "model": "item/iron_shovel/8"
                }
            },
            {
                "threshold": 9,
                "model": {
                    "type": "model",
                    "model": "item/iron_shovel/9"
                }
            },
            {
                "threshold": 10,
                "model": {
                    "type": "model",
                    "model": "item/iron_shovel/10"
                }
            },
            {
                "threshold": 11,
                "model": {
                    "type": "model",
                    "model": "item/iron_shovel/11"
                }
            },
            {
                "threshold": 12,
                "model": {
                    "type": "model",
                    "model": "item/iron_shovel/12"
                }
            },
            {
                "threshold": 13,
                "model": {
                    "type": "model",
                    "model": "item/iron_shovel/13"
                }
            },
            {
                "threshold": 14,
                "model": {
                    "type": "model",
                    "model": "item/iron_shovel/14"
                }
            },
            {
                "threshold": 15,
                "model": {
                    "type": "model",
                    "model": "item/iron_shovel/15"
                }
            },
            {
                "threshold": 16,
                "model": {
                    "type": "model",
                    "model": "item/iron_shovel/16"
                }
            },
            {
                "threshold": 17,
                "model": {
                    "type": "model",
                    "model": "item/iron_shovel/17"
                }
            },
            {
                "threshold": 18,
                "model": {
                    "type": "model",
                    "model": "item/iron_shovel/18"
                }
            },
            {
                "threshold": 19,
                "model": {
                    "type": "model",
                    "model": "item/iron_shovel/19"
                }
            },
            {
                "threshold": 20,
                "model": {
                    "type": "model",
                    "model": "item/iron_shovel/20"
                }
            },
            {
                "threshold": 21,
                "model": {
                    "type": "model",
                    "model": "item/iron_shovel/21"
                }
            },
            {
                "threshold": 22,
                "model": {
                    "type": "model",
                    "model": "item/iron_shovel/22"
                }
            },
            {
                "threshold": 23,
                "model": {
                    "type": "model",
                    "model": "item/iron_shovel/23"
                }
            },
            {
                "threshold": 24,
                "model": {
                    "type": "model",
                    "model": "item/iron_shovel/24"
                }
            },
            {
                "threshold": 25,
                "model": {
                    "type": "model",
                    "model": "item/iron_shovel/25"
                }
            },
            {
                "threshold": 26,
                "model": {
                    "type": "model",
                    "model": "item/iron_shovel/26"
                }
            },
            {
                "threshold": 27,
                "model": {
                    "type": "model",
                    "model": "item/iron_shovel/27"
                }
            },
            {
                "threshold": 28,
                "model": {
                    "type": "model",
                    "model": "item/iron_shovel/28"
                }
            },
            {
                "threshold": 29,
                "model": {
                    "type": "model",
                    "model": "item/iron_shovel/29"
                }
            },
            {
                "threshold": 30,
                "model": {
                    "type": "model",
                    "model": "item/iron_shovel/30"
                }
            },
            {
                "threshold": 31,
                "model": {
                    "type": "model",
                    "model": "item/iron_shovel/31"
                }
            },
            {
                "threshold": 32,
                "model": {
                    "type": "model",
                    "model": "item/iron_shovel/32"
                }
            },
            {
                "threshold": 33,
                "model": {
                    "type": "model",
                    "model": "item/iron_shovel/33"
                }
            },
            {
                "threshold": 100,
                "model": {
                    "type": "model",
                    "model": "item/iron_shovel/100"
                }
            },
            {
                "threshold": 101,
                "model": {
                    "type": "model",
                    "model": "item/iron_shovel/101"
                }
            },
            {
                "threshold": 102,
                "model": {
                    "type": "model",
                    "model": "item/iron_shovel/102"
                }
            },
            {
                "threshold": 103,
                "model": {
                    "type": "model",
                    "model": "item/iron_shovel/103"
                }
            },
            {
                "threshold": 104,
                "model": {
                    "type": "model",
                    "model": "item/iron_shovel/104"
                }
            },
            {
                "threshold": 105,
                "model": {
                    "type": "model",
                    "model": "item/iron_shovel/105"
                }
            },
            {
                "threshold": 106,
                "model": {
                    "type": "model",
                    "model": "item/iron_shovel/106"
                }
            },
            {
                "threshold": 107,
                "model": {
                    "type": "model",
                    "model": "item/iron_shovel/107"
                }
            },
            {
                "threshold": 108,
                "model": {
                    "type": "model",
                    "model": "item/iron_shovel/108"
                }
            },
            {
                "threshold": 109,
                "model": {
                    "type": "model",
                    "model": "item/iron_shovel/109"
                }
            },
            {
                "threshold": 110,
                "model": {
                    "type": "model",
                    "model": "item/iron_shovel/110"
                }
            },
            {
                "threshold": 111,
                "model": {
                    "type": "model",
                    "model": "item/iron_shovel/111"
                }
            },
            {
                "threshold": 112,
                "model": {
                    "type": "model",
                    "model": "item/iron_shovel/112"
                }
            },
            {
                "threshold": 113,
                "model": {
                    "type": "model",
                    "model": "item/iron_shovel/113"
                }
            },
            {
                "threshold": 114,
                "model": {
                    "type": "model",
                    "model": "item/iron_shovel/114"
                }
            }
        ]
    }
}