{
    "model": {
        "type": "range_dispatch",
        "property": "custom_model_data",
        "fallback": {
            "type": "model",
            "model": "minecraft:item/leather_horse_armor",
            "tints": [
                {
                    "type": "minecraft:dye",
                    "default": -6265536
                }
            ]
        },
        "entries": [
            {
                "threshold": 1,
                "model": {
                    "type": "model",
                    "model": "modelengine:bee_amethyst/left_wing",
                    "tints": [
                        {
                            "type": "minecraft:dye",
                            "default": -6265536
                        }
                    ]
                }
            },
            {
                "threshold": 2,
                "model": {
                    "type": "model",
                    "model": "modelengine:bee_amethyst/right_wing",
                    "tints": [
                        {
                            "type": "minecraft:dye",
                            "default": -6265536
                        }
                    ]
                }
            },
            {
                "threshold": 3,
                "model": {
                    "type": "model",
                    "model": "modelengine:bee_amethyst/all",
                    "tints": [
                        {
                            "type": "minecraft:dye",
                            "default": -6265536
                        }
                    ]
                }
            },
            {
                "threshold": 4,
                "model": {
                    "type": "model",
                    "model": "modelengine:bee_angry/all",
                    "tints": [
                        {
                            "type": "minecraft:dye",
                            "default": -6265536
                        }
                    ]
                }
            },
            {
                "threshold": 5,
                "model": {
                    "type": "model",
                    "model": "modelengine:bee_angry/right_wing",
                    "tints": [
                        {
                            "type": "minecraft:dye",
                            "default": -6265536
                        }
                    ]
                }
            },
            {
                "threshold": 6,
                "model": {
                    "type": "model",
                    "model": "modelengine:bee_angry/left_wing",
                    "tints": [
                        {
                            "type": "minecraft:dye",
                            "default": -6265536
                        }
                    ]
                }
            },
            {
                "threshold": 7,
                "model": {
                    "type": "model",
                    "model": "modelengine:bee_basic/all",
                    "tints": [
                        {
                            "type": "minecraft:dye",
                            "default": -6265536
                        }
                    ]
                }
            },
            {
                "threshold": 8,
                "model": {
                    "type": "model",
                    "model": "modelengine:bee_basic/right_wing",
                    "tints": [
                        {
                            "type": "minecraft:dye",
                            "default": -6265536
                        }
                    ]
                }
            },
            {
                "threshold": 9,
                "model": {
                    "type": "model",
                    "model": "modelengine:bee_basic/left_wing",
                    "tints": [
                        {
                            "type": "minecraft:dye",
                            "default": -6265536
                        }
                    ]
                }
            },
            {
                "threshold": 10,
                "model": {
                    "type": "model",
                    "model": "modelengine:bee_blind/all",
                    "tints": [
                        {
                            "type": "minecraft:dye",
                            "default": -6265536
                        }
                    ]
                }
            },
            {
                "threshold": 11,
                "model": {
                    "type": "model",
                    "model": "modelengine:bee_blind/right_wing",
                    "tints": [
                        {
                            "type": "minecraft:dye",
                            "default": -6265536
                        }
                    ]
                }
            },
            {
                "threshold": 12,
                "model": {
                    "type": "model",
                    "model": "modelengine:bee_blind/left_wing",
                    "tints": [
                        {
                            "type": "minecraft:dye",
                            "default": -6265536
                        }
                    ]
                }
            },
            {
                "threshold": 13,
                "model": {
                    "type": "model",
                    "model": "modelengine:bee_miner/all",
                    "tints": [
                        {
                            "type": "minecraft:dye",
                            "default": -6265536
                        }
                    ]
                }
            },
            {
                "threshold": 14,
                "model": {
                    "type": "model",
                    "model": "modelengine:bee_miner/right_wing",
                    "tints": [
                        {
                            "type": "minecraft:dye",
                            "default": -6265536
                        }
                    ]
                }
            },
            {
                "threshold": 15,
                "model": {
                    "type": "model",
                    "model": "modelengine:bee_miner/left_wing",
                    "tints": [
                        {
                            "type": "minecraft:dye",
                            "default": -6265536
                        }
                    ]
                }
            },
            {
                "threshold": 16,
                "model": {
                    "type": "model",
                    "model": "modelengine:bee_captain/all",
                    "tints": [
                        {
                            "type": "minecraft:dye",
                            "default": -6265536
                        }
                    ]
                }
            },
            {
                "threshold": 17,
                "model": {
                    "type": "model",
                    "model": "modelengine:bee_captain/right_wing",
                    "tints": [
                        {
                            "type": "minecraft:dye",
                            "default": -6265536
                        }
                    ]
                }
            },
            {
                "threshold": 18,
                "model": {
                    "type": "model",
                    "model": "modelengine:bee_captain/left_wing",
                    "tints": [
                        {
                            "type": "minecraft:dye",
                            "default": -6265536
                        }
                    ]
                }
            },
            {
                "threshold": 19,
                "model": {
                    "type": "model",
                    "model": "modelengine:bee_gold/all",
                    "tints": [
                        {
                            "type": "minecraft:dye",
                            "default": -6265536
                        }
                    ]
                }
            },
            {
                "threshold": 20,
                "model": {
                    "type": "model",
                    "model": "modelengine:bee_gold/right_wing",
                    "tints": [
                        {
                            "type": "minecraft:dye",
                            "default": -6265536
                        }
                    ]
                }
            },
            {
                "threshold": 21,
                "model": {
                    "type": "model",
                    "model": "modelengine:bee_gold/left_wing",
                    "tints": [
                        {
                            "type": "minecraft:dye",
                            "default": -6265536
                        }
                    ]
                }
            },
            {
                "threshold": 22,
                "model": {
                    "type": "model",
                    "model": "modelengine:bee_enderman/all",
                    "tints": [
                        {
                            "type": "minecraft:dye",
                            "default": -6265536
                        }
                    ]
                }
            },
            {
                "threshold": 23,
                "model": {
                    "type": "model",
                    "model": "modelengine:bee_enderman/right_wing",
                    "tints": [
                        {
                            "type": "minecraft:dye",
                            "default": -6265536
                        }
                    ]
                }
            },
            {
                "threshold": 24,
                "model": {
                    "type": "model",
                    "model": "modelengine:bee_enderman/left_wing",
                    "tints": [
                        {
                            "type": "minecraft:dye",
                            "default": -6265536
                        }
                    ]
                }
            },
            {
                "threshold": 25,
                "model": {
                    "type": "model",
                    "model": "modelengine:bee_angel/all",
                    "tints": [
                        {
                            "type": "minecraft:dye",
                            "default": -6265536
                        }
                    ]
                }
            },
            {
                "threshold": 26,
                "model": {
                    "type": "model",
                    "model": "modelengine:bee_angel/right_wing",
                    "tints": [
                        {
                            "type": "minecraft:dye",
                            "default": -6265536
                        }
                    ]
                }
            },
            {
                "threshold": 27,
                "model": {
                    "type": "model",
                    "model": "modelengine:bee_angel/left_wing",
                    "tints": [
                        {
                            "type": "minecraft:dye",
                            "default": -6265536
                        }
                    ]
                }
            },
            {
                "threshold": 28,
                "model": {
                    "type": "model",
                    "model": "modelengine:bee_angel/halo",
                    "tints": [
                        {
                            "type": "minecraft:dye",
                            "default": -6265536
                        }
                    ]
                }
            },
            {
                "threshold": 29,
                "model": {
                    "type": "model",
                    "model": "modelengine:bee_lapis/all",
                    "tints": [
                        {
                            "type": "minecraft:dye",
                            "default": -6265536
                        }
                    ]
                }
            },
            {
                "threshold": 30,
                "model": {
                    "type": "model",
                    "model": "modelengine:bee_lapis/right_wing",
                    "tints": [
                        {
                            "type": "minecraft:dye",
                            "default": -6265536
                        }
                    ]
                }
            },
            {
                "threshold": 31,
                "model": {
                    "type": "model",
                    "model": "modelengine:bee_lapis/left_wing",
                    "tints": [
                        {
                            "type": "minecraft:dye",
                            "default": -6265536
                        }
                    ]
                }
            },
            {
                "threshold": 32,
                "model": {
                    "type": "model",
                    "model": "modelengine:bee_redstone/all",
                    "tints": [
                        {
                            "type": "minecraft:dye",
                            "default": -6265536
                        }
                    ]
                }
            },
            {
                "threshold": 33,
                "model": {
                    "type": "model",
                    "model": "modelengine:bee_redstone/right_wing",
                    "tints": [
                        {
                            "type": "minecraft:dye",
                            "default": -6265536
                        }
                    ]
                }
            },
            {
                "threshold": 34,
                "model": {
                    "type": "model",
                    "model": "modelengine:bee_redstone/left_wing",
                    "tints": [
                        {
                            "type": "minecraft:dye",
                            "default": -6265536
                        }
                    ]
                }
            },
            {
                "threshold": 35,
                "model": {
                    "type": "model",
                    "model": "modelengine:bee_sculk/all",
                    "tints": [
                        {
                            "type": "minecraft:dye",
                            "default": -6265536
                        }
                    ]
                }
            },
            {
                "threshold": 36,
                "model": {
                    "type": "model",
                    "model": "modelengine:bee_sculk/right_wing",
                    "tints": [
                        {
                            "type": "minecraft:dye",
                            "default": -6265536
                        }
                    ]
                }
            },
            {
                "threshold": 37,
                "model": {
                    "type": "model",
                    "model": "modelengine:bee_sculk/left_wing",
                    "tints": [
                        {
                            "type": "minecraft:dye",
                            "default": -6265536
                        }
                    ]
                }
            },
            {
                "threshold": 38,
                "model": {
                    "type": "model",
                    "model": "modelengine:bee_sculk/tendrils2",
                    "tints": [
                        {
                            "type": "minecraft:dye",
                            "default": -6265536
                        }
                    ]
                }
            },
            {
                "threshold": 39,
                "model": {
                    "type": "model",
                    "model": "modelengine:bee_spider/all",
                    "tints": [
                        {
                            "type": "minecraft:dye",
                            "default": -6265536
                        }
                    ]
                }
            },
            {
                "threshold": 40,
                "model": {
                    "type": "model",
                    "model": "modelengine:bee_spider/right_wing",
                    "tints": [
                        {
                            "type": "minecraft:dye",
                            "default": -6265536
                        }
                    ]
                }
            },
            {
                "threshold": 41,
                "model": {
                    "type": "model",
                    "model": "modelengine:bee_spider/left_wing",
                    "tints": [
                        {
                            "type": "minecraft:dye",
                            "default": -6265536
                        }
                    ]
                }
            },
            {
                "threshold": 42,
                "model": {
                    "type": "model",
                    "model": "modelengine:bee_volcano/all",
                    "tints": [
                        {
                            "type": "minecraft:dye",
                            "default": -6265536
                        }
                    ]
                }
            },
            {
                "threshold": 43,
                "model": {
                    "type": "model",
                    "model": "modelengine:bee_volcano/lava",
                    "tints": [
                        {
                            "type": "minecraft:dye",
                            "default": -6265536
                        }
                    ]
                }
            },
            {
                "threshold": 44,
                "model": {
                    "type": "model",
                    "model": "modelengine:bee_volcano/lava3",
                    "tints": [
                        {
                            "type": "minecraft:dye",
                            "default": -6265536
                        }
                    ]
                }
            },
            {
                "threshold": 45,
                "model": {
                    "type": "model",
                    "model": "modelengine:bee_volcano/lava2",
                    "tints": [
                        {
                            "type": "minecraft:dye",
                            "default": -6265536
                        }
                    ]
                }
            },
            {
                "threshold": 46,
                "model": {
                    "type": "model",
                    "model": "modelengine:bee_volcano/right_wing",
                    "tints": [
                        {
                            "type": "minecraft:dye",
                            "default": -6265536
                        }
                    ]
                }
            },
            {
                "threshold": 47,
                "model": {
                    "type": "model",
                    "model": "modelengine:bee_volcano/left_wing",
                    "tints": [
                        {
                            "type": "minecraft:dye",
                            "default": -6265536
                        }
                    ]
                }
            },
            {
                "threshold": 48,
                "model": {
                    "type": "model",
                    "model": "modelengine:bee_volcano/volcano",
                    "tints": [
                        {
                            "type": "minecraft:dye",
                            "default": -6265536
                        }
                    ]
                }
            },
            {
                "threshold": 49,
                "model": {
                    "type": "model",
                    "model": "modelengine:bee_warden/all",
                    "tints": [
                        {
                            "type": "minecraft:dye",
                            "default": -6265536
                        }
                    ]
                }
            },
            {
                "threshold": 50,
                "model": {
                    "type": "model",
                    "model": "modelengine:bee_warden/right_tendrils",
                    "tints": [
                        {
                            "type": "minecraft:dye",
                            "default": -6265536
                        }
                    ]
                }
            },
            {
                "threshold": 51,
                "model": {
                    "type": "model",
                    "model": "modelengine:bee_warden/right_wing",
                    "tints": [
                        {
                            "type": "minecraft:dye",
                            "default": -6265536
                        }
                    ]
                }
            },
            {
                "threshold": 52,
                "model": {
                    "type": "model",
                    "model": "modelengine:bee_warden/left_wing",
                    "tints": [
                        {
                            "type": "minecraft:dye",
                            "default": -6265536
                        }
                    ]
                }
            },
            {
                "threshold": 53,
                "model": {
                    "type": "model",
                    "model": "modelengine:bee_warden/left_tendrils",
                    "tints": [
                        {
                            "type": "minecraft:dye",
                            "default": -6265536
                        }
                    ]
                }
            },
            {
                "threshold": 54,
                "model": {
                    "type": "model",
                    "model": "modelengine:bee_breeze/all",
                    "tints": [
                        {
                            "type": "minecraft:dye",
                            "default": -6265536
                        }
                    ]
                }
            },
            {
                "threshold": 55,
                "model": {
                    "type": "model",
                    "model": "modelengine:bee_breeze/tornado",
                    "tints": [
                        {
                            "type": "minecraft:dye",
                            "default": -6265536
                        }
                    ]
                }
            },
            {
                "threshold": 56,
                "model": {
                    "type": "model",
                    "model": "modelengine:bee_breeze/right_wing",
                    "tints": [
                        {
                            "type": "minecraft:dye",
                            "default": -6265536
                        }
                    ]
                }
            },
            {
                "threshold": 57,
                "model": {
                    "type": "model",
                    "model": "modelengine:bee_breeze/left_wing",
                    "tints": [
                        {
                            "type": "minecraft:dye",
                            "default": -6265536
                        }
                    ]
                }
            },
            {
                "threshold": 58,
                "model": {
                    "type": "model",
                    "model": "modelengine:bee_diamond/all",
                    "tints": [
                        {
                            "type": "minecraft:dye",
                            "default": -6265536
                        }
                    ]
                }
            },
            {
                "threshold": 59,
                "model": {
                    "type": "model",
                    "model": "modelengine:bee_diamond/right_hair",
                    "tints": [
                        {
                            "type": "minecraft:dye",
                            "default": -6265536
                        }
                    ]
                }
            },
            {
                "threshold": 60,
                "model": {
                    "type": "model",
                    "model": "modelengine:bee_diamond/left_hair",
                    "tints": [
                        {
                            "type": "minecraft:dye",
                            "default": -6265536
                        }
                    ]
                }
            },
            {
                "threshold": 61,
                "model": {
                    "type": "model",
                    "model": "modelengine:bee_diamond/right_wing",
                    "tints": [
                        {
                            "type": "minecraft:dye",
                            "default": -6265536
                        }
                    ]
                }
            },
            {
                "threshold": 62,
                "model": {
                    "type": "model",
                    "model": "modelengine:bee_diamond/left_wing",
                    "tints": [
                        {
                            "type": "minecraft:dye",
                            "default": -6265536
                        }
                    ]
                }
            },
            {
                "threshold": 63,
                "model": {
                    "type": "model",
                    "model": "modelengine:bee_drone/all",
                    "tints": [
                        {
                            "type": "minecraft:dye",
                            "default": -6265536
                        }
                    ]
                }
            },
            {
                "threshold": 64,
                "model": {
                    "type": "model",
                    "model": "modelengine:bee_drone/bone3",
                    "tints": [
                        {
                            "type": "minecraft:dye",
                            "default": -6265536
                        }
                    ]
                }
            },
            {
                "threshold": 65,
                "model": {
                    "type": "model",
                    "model": "modelengine:bee_drone/bone2",
                    "tints": [
                        {
                            "type": "minecraft:dye",
                            "default": -6265536
                        }
                    ]
                }
            },
            {
                "threshold": 66,
                "model": {
                    "type": "model",
                    "model": "modelengine:bee_drone/bone4",
                    "tints": [
                        {
                            "type": "minecraft:dye",
                            "default": -6265536
                        }
                    ]
                }
            },
            {
                "threshold": 67,
                "model": {
                    "type": "model",
                    "model": "modelengine:bee_drone/bone",
                    "tints": [
                        {
                            "type": "minecraft:dye",
                            "default": -6265536
                        }
                    ]
                }
            },
            {
                "threshold": 68,
                "model": {
                    "type": "model",
                    "model": "modelengine:bee_drone/bone8",
                    "tints": [
                        {
                            "type": "minecraft:dye",
                            "default": -6265536
                        }
                    ]
                }
            },
            {
                "threshold": 69,
                "model": {
                    "type": "model",
                    "model": "modelengine:bee_drone/bone7",
                    "tints": [
                        {
                            "type": "minecraft:dye",
                            "default": -6265536
                        }
                    ]
                }
            },
            {
                "threshold": 70,
                "model": {
                    "type": "model",
                    "model": "modelengine:bee_drone/bone6",
                    "tints": [
                        {
                            "type": "minecraft:dye",
                            "default": -6265536
                        }
                    ]
                }
            },
            {
                "threshold": 71,
                "model": {
                    "type": "model",
                    "model": "modelengine:bee_drone/bone5",
                    "tints": [
                        {
                            "type": "minecraft:dye",
                            "default": -6265536
                        }
                    ]
                }
            },
            {
                "threshold": 72,
                "model": {
                    "type": "model",
                    "model": "modelengine:bee_phantom/all",
                    "tints": [
                        {
                            "type": "minecraft:dye",
                            "default": -6265536
                        }
                    ]
                }
            },
            {
                "threshold": 73,
                "model": {
                    "type": "model",
                    "model": "modelengine:bee_phantom/right_wing",
                    "tints": [
                        {
                            "type": "minecraft:dye",
                            "default": -6265536
                        }
                    ]
                }
            },
            {
                "threshold": 74,
                "model": {
                    "type": "model",
                    "model": "modelengine:bee_phantom/left_wing",
                    "tints": [
                        {
                            "type": "minecraft:dye",
                            "default": -6265536
                        }
                    ]
                }
            },
            {
                "threshold": 75,
                "model": {
                    "type": "model",
                    "model": "modelengine:bee_ruby/all",
                    "tints": [
                        {
                            "type": "minecraft:dye",
                            "default": -6265536
                        }
                    ]
                }
            },
            {
                "threshold": 76,
                "model": {
                    "type": "model",
                    "model": "modelengine:bee_ruby/right_hair",
                    "tints": [
                        {
                            "type": "minecraft:dye",
                            "default": -6265536
                        }
                    ]
                }
            },
            {
                "threshold": 77,
                "model": {
                    "type": "model",
                    "model": "modelengine:bee_ruby/left_hair",
                    "tints": [
                        {
                            "type": "minecraft:dye",
                            "default": -6265536
                        }
                    ]
                }
            },
            {
                "threshold": 78,
                "model": {
                    "type": "model",
                    "model": "modelengine:bee_ruby/right_wing",
                    "tints": [
                        {
                            "type": "minecraft:dye",
                            "default": -6265536
                        }
                    ]
                }
            },
            {
                "threshold": 79,
                "model": {
                    "type": "model",
                    "model": "modelengine:bee_ruby/left_wing",
                    "tints": [
                        {
                            "type": "minecraft:dye",
                            "default": -6265536
                        }
                    ]
                }
            },
            {
                "threshold": 80,
                "model": {
                    "type": "model",
                    "model": "modelengine:bee_king/all",
                    "tints": [
                        {
                            "type": "minecraft:dye",
                            "default": -6265536
                        }
                    ]
                }
            },
            {
                "threshold": 81,
                "model": {
                    "type": "model",
                    "model": "modelengine:bee_king/beard",
                    "tints": [
                        {
                            "type": "minecraft:dye",
                            "default": -6265536
                        }
                    ]
                }
            },
            {
                "threshold": 82,
                "model": {
                    "type": "model",
                    "model": "modelengine:bee_king/right_wing",
                    "tints": [
                        {
                            "type": "minecraft:dye",
                            "default": -6265536
                        }
                    ]
                }
            },
            {
                "threshold": 83,
                "model": {
                    "type": "model",
                    "model": "modelengine:bee_king/left_wing",
                    "tints": [
                        {
                            "type": "minecraft:dye",
                            "default": -6265536
                        }
                    ]
                }
            },
            {
                "threshold": 84,
                "model": {
                    "type": "model",
                    "model": "modelengine:bee_king/crown2",
                    "tints": [
                        {
                            "type": "minecraft:dye",
                            "default": -6265536
                        }
                    ]
                }
            },
            {
                "threshold": 85,
                "model": {
                    "type": "model",
                    "model": "modelengine:bee_molten/all",
                    "tints": [
                        {
                            "type": "minecraft:dye",
                            "default": -6265536
                        }
                    ]
                }
            },
            {
                "threshold": 86,
                "model": {
                    "type": "model",
                    "model": "modelengine:bee_molten/right_wing",
                    "tints": [
                        {
                            "type": "minecraft:dye",
                            "default": -6265536
                        }
                    ]
                }
            },
            {
                "threshold": 87,
                "model": {
                    "type": "model",
                    "model": "modelengine:bee_molten/left_wing",
                    "tints": [
                        {
                            "type": "minecraft:dye",
                            "default": -6265536
                        }
                    ]
                }
            },
            {
                "threshold": 88,
                "model": {
                    "type": "model",
                    "model": "modelengine:bee_queen/all",
                    "tints": [
                        {
                            "type": "minecraft:dye",
                            "default": -6265536
                        }
                    ]
                }
            },
            {
                "threshold": 89,
                "model": {
                    "type": "model",
                    "model": "modelengine:bee_queen/right_wing",
                    "tints": [
                        {
                            "type": "minecraft:dye",
                            "default": -6265536
                        }
                    ]
                }
            },
            {
                "threshold": 90,
                "model": {
                    "type": "model",
                    "model": "modelengine:bee_queen/left_wing",
                    "tints": [
                        {
                            "type": "minecraft:dye",
                            "default": -6265536
                        }
                    ]
                }
            },
            {
                "threshold": 91,
                "model": {
                    "type": "model",
                    "model": "modelengine:bee_queen/wand",
                    "tints": [
                        {
                            "type": "minecraft:dye",
                            "default": -6265536
                        }
                    ]
                }
            },
            {
                "threshold": 92,
                "model": {
                    "type": "model",
                    "model": "modelengine:bee_queen/crown",
                    "tints": [
                        {
                            "type": "minecraft:dye",
                            "default": -6265536
                        }
                    ]
                }
            },
            {
                "threshold": 93,
                "model": {
                    "type": "model",
                    "model": "modelengine:bee_radioactive/all",
                    "tints": [
                        {
                            "type": "minecraft:dye",
                            "default": -6265536
                        }
                    ]
                }
            },
            {
                "threshold": 94,
                "model": {
                    "type": "model",
                    "model": "modelengine:bee_radioactive/right_wing",
                    "tints": [
                        {
                            "type": "minecraft:dye",
                            "default": -6265536
                        }
                    ]
                }
            },
            {
                "threshold": 95,
                "model": {
                    "type": "model",
                    "model": "modelengine:bee_radioactive/left_wing",
                    "tints": [
                        {
                            "type": "minecraft:dye",
                            "default": -6265536
                        }
                    ]
                }
            },
            {
                "threshold": 96,
                "model": {
                    "type": "model",
                    "model": "modelengine:bee_totem/all",
                    "tints": [
                        {
                            "type": "minecraft:dye",
                            "default": -6265536
                        }
                    ]
                }
            },
            {
                "threshold": 97,
                "model": {
                    "type": "model",
                    "model": "modelengine:bee_totem/nose",
                    "tints": [
                        {
                            "type": "minecraft:dye",
                            "default": -6265536
                        }
                    ]
                }
            },
            {
                "threshold": 98,
                "model": {
                    "type": "model",
                    "model": "modelengine:bee_totem/right_wing",
                    "tints": [
                        {
                            "type": "minecraft:dye",
                            "default": -6265536
                        }
                    ]
                }
            },
            {
                "threshold": 99,
                "model": {
                    "type": "model",
                    "model": "modelengine:bee_totem/left_wing",
                    "tints": [
                        {
                            "type": "minecraft:dye",
                            "default": -6265536
                        }
                    ]
                }
            },
            {
                "threshold": 100,
                "model": {
                    "type": "model",
                    "model": "modelengine:mob_ladybug/l_leg3",
                    "tints": [
                        {
                            "type": "minecraft:dye",
                            "default": -6265536
                        }
                    ]
                }
            },
            {
                "threshold": 101,
                "model": {
                    "type": "model",
                    "model": "modelengine:mob_ladybug/head",
                    "tints": [
                        {
                            "type": "minecraft:dye",
                            "default": -6265536
                        }
                    ]
                }
            },
            {
                "threshold": 102,
                "model": {
                    "type": "model",
                    "model": "modelengine:mob_ladybug/r_leg2",
                    "tints": [
                        {
                            "type": "minecraft:dye",
                            "default": -6265536
                        }
                    ]
                }
            },
            {
                "threshold": 103,
                "model": {
                    "type": "model",
                    "model": "modelengine:mob_ladybug/r_leg1",
                    "tints": [
                        {
                            "type": "minecraft:dye",
                            "default": -6265536
                        }
                    ]
                }
            },
            {
                "threshold": 104,
                "model": {
                    "type": "model",
                    "model": "modelengine:mob_ladybug/r_leg3",
                    "tints": [
                        {
                            "type": "minecraft:dye",
                            "default": -6265536
                        }
                    ]
                }
            },
            {
                "threshold": 105,
                "model": {
                    "type": "model",
                    "model": "modelengine:mob_ladybug/bone",
                    "tints": [
                        {
                            "type": "minecraft:dye",
                            "default": -6265536
                        }
                    ]
                }
            },
            {
                "threshold": 106,
                "model": {
                    "type": "model",
                    "model": "modelengine:mob_ladybug/l_leg1",
                    "tints": [
                        {
                            "type": "minecraft:dye",
                            "default": -6265536
                        }
                    ]
                }
            },
            {
                "threshold": 107,
                "model": {
                    "type": "model",
                    "model": "modelengine:mob_ladybug/l_leg2",
                    "tints": [
                        {
                            "type": "minecraft:dye",
                            "default": -6265536
                        }
                    ]
                }
            },
            {
                "threshold": 108,
                "model": {
                    "type": "model",
                    "model": "modelengine:mob_ladybug/ante",
                    "tints": [
                        {
                            "type": "minecraft:dye",
                            "default": -6265536
                        }
                    ]
                }
            },
            {
                "threshold": 109,
                "model": {
                    "type": "model",
                    "model": "modelengine:mob_kingbeetle/l_leg3",
                    "tints": [
                        {
                            "type": "minecraft:dye",
                            "default": -6265536
                        }
                    ]
                }
            },
            {
                "threshold": 110,
                "model": {
                    "type": "model",
                    "model": "modelengine:mob_kingbeetle/head",
                    "tints": [
                        {
                            "type": "minecraft:dye",
                            "default": -6265536
                        }
                    ]
                }
            },
            {
                "threshold": 111,
                "model": {
                    "type": "model",
                    "model": "modelengine:mob_kingbeetle/r_leg2",
                    "tints": [
                        {
                            "type": "minecraft:dye",
                            "default": -6265536
                        }
                    ]
                }
            },
            {
                "threshold": 112,
                "model": {
                    "type": "model",
                    "model": "modelengine:mob_kingbeetle/r_leg1",
                    "tints": [
                        {
                            "type": "minecraft:dye",
                            "default": -6265536
                        }
                    ]
                }
            },
            {
                "threshold": 113,
                "model": {
                    "type": "model",
                    "model": "modelengine:mob_kingbeetle/r_leg3",
                    "tints": [
                        {
                            "type": "minecraft:dye",
                            "default": -6265536
                        }
                    ]
                }
            },
            {
                "threshold": 114,
                "model": {
                    "type": "model",
                    "model": "modelengine:mob_kingbeetle/bone",
                    "tints": [
                        {
                            "type": "minecraft:dye",
                            "default": -6265536
                        }
                    ]
                }
            },
            {
                "threshold": 115,
                "model": {
                    "type": "model",
                    "model": "modelengine:mob_kingbeetle/l_leg1",
                    "tints": [
                        {
                            "type": "minecraft:dye",
                            "default": -6265536
                        }
                    ]
                }
            },
            {
                "threshold": 116,
                "model": {
                    "type": "model",
                    "model": "modelengine:mob_kingbeetle/l_leg2",
                    "tints": [
                        {
                            "type": "minecraft:dye",
                            "default": -6265536
                        }
                    ]
                }
            },
            {
                "threshold": 117,
                "model": {
                    "type": "model",
                    "model": "modelengine:mob_kingbeetle/ante",
                    "tints": [
                        {
                            "type": "minecraft:dye",
                            "default": -6265536
                        }
                    ]
                }
            },
            {
                "threshold": 118,
                "model": {
                    "type": "model",
                    "model": "modelengine:mob_rhinobeetle/l_leg3",
                    "tints": [
                        {
                            "type": "minecraft:dye",
                            "default": -6265536
                        }
                    ]
                }
            },
            {
                "threshold": 119,
                "model": {
                    "type": "model",
                    "model": "modelengine:mob_rhinobeetle/head",
                    "tints": [
                        {
                            "type": "minecraft:dye",
                            "default": -6265536
                        }
                    ]
                }
            },
            {
                "threshold": 120,
                "model": {
                    "type": "model",
                    "model": "modelengine:mob_rhinobeetle/r_leg2",
                    "tints": [
                        {
                            "type": "minecraft:dye",
                            "default": -6265536
                        }
                    ]
                }
            },
            {
                "threshold": 121,
                "model": {
                    "type": "model",
                    "model": "modelengine:mob_rhinobeetle/r_leg1",
                    "tints": [
                        {
                            "type": "minecraft:dye",
                            "default": -6265536
                        }
                    ]
                }
            },
            {
                "threshold": 122,
                "model": {
                    "type": "model",
                    "model": "modelengine:mob_rhinobeetle/r_leg3",
                    "tints": [
                        {
                            "type": "minecraft:dye",
                            "default": -6265536
                        }
                    ]
                }
            },
            {
                "threshold": 123,
                "model": {
                    "type": "model",
                    "model": "modelengine:mob_rhinobeetle/bone",
                    "tints": [
                        {
                            "type": "minecraft:dye",
                            "default": -6265536
                        }
                    ]
                }
            },
            {
                "threshold": 124,
                "model": {
                    "type": "model",
                    "model": "modelengine:mob_rhinobeetle/l_leg1",
                    "tints": [
                        {
                            "type": "minecraft:dye",
                            "default": -6265536
                        }
                    ]
                }
            },
            {
                "threshold": 125,
                "model": {
                    "type": "model",
                    "model": "modelengine:mob_rhinobeetle/l_leg2",
                    "tints": [
                        {
                            "type": "minecraft:dye",
                            "default": -6265536
                        }
                    ]
                }
            },
            {
                "threshold": 126,
                "model": {
                    "type": "model",
                    "model": "modelengine:mob_rhinobeetle/ante",
                    "tints": [
                        {
                            "type": "minecraft:dye",
                            "default": -6265536
                        }
                    ]
                }
            },
            {
                "threshold": 127,
                "model": {
                    "type": "model",
                    "model": "modelengine:mob_snail/shell",
                    "tints": [
                        {
                            "type": "minecraft:dye",
                            "default": -6265536
                        }
                    ]
                }
            },
            {
                "threshold": 128,
                "model": {
                    "type": "model",
                    "model": "modelengine:mob_snail/bottom",
                    "tints": [
                        {
                            "type": "minecraft:dye",
                            "default": -6265536
                        }
                    ]
                }
            },
            {
                "threshold": 129,
                "model": {
                    "type": "model",
                    "model": "modelengine:mob_snail/l_antenna",
                    "tints": [
                        {
                            "type": "minecraft:dye",
                            "default": -6265536
                        }
                    ]
                }
            },
            {
                "threshold": 130,
                "model": {
                    "type": "model",
                    "model": "modelengine:mob_snail/r_antenna",
                    "tints": [
                        {
                            "type": "minecraft:dye",
                            "default": -6265536
                        }
                    ]
                }
            },
            {
                "threshold": 131,
                "model": {
                    "type": "model",
                    "model": "modelengine:bee_butterfly/all",
                    "tints": [
                        {
                            "type": "minecraft:dye",
                            "default": -6265536
                        }
                    ]
                }
            },
            {
                "threshold": 132,
                "model": {
                    "type": "model",
                    "model": "modelengine:bee_butterfly/right_wing",
                    "tints": [
                        {
                            "type": "minecraft:dye",
                            "default": -6265536
                        }
                    ]
                }
            },
            {
                "threshold": 133,
                "model": {
                    "type": "model",
                    "model": "modelengine:bee_butterfly/left_wing",
                    "tints": [
                        {
                            "type": "minecraft:dye",
                            "default": -6265536
                        }
                    ]
                }
            },
            {
                "threshold": 134,
                "model": {
                    "type": "model",
                    "model": "modelengine:bee_butterfly/bone",
                    "tints": [
                        {
                            "type": "minecraft:dye",
                            "default": -6265536
                        }
                    ]
                }
            },
            {
                "threshold": 135,
                "model": {
                    "type": "model",
                    "model": "modelengine:bee_butterfly/bone2",
                    "tints": [
                        {
                            "type": "minecraft:dye",
                            "default": -6265536
                        }
                    ]
                }
            },
            {
                "threshold": 136,
                "model": {
                    "type": "model",
                    "model": "modelengine:bee_clover/all",
                    "tints": [
                        {
                            "type": "minecraft:dye",
                            "default": -6265536
                        }
                    ]
                }
            },
            {
                "threshold": 137,
                "model": {
                    "type": "model",
                    "model": "modelengine:bee_clover/right_wing",
                    "tints": [
                        {
                            "type": "minecraft:dye",
                            "default": -6265536
                        }
                    ]
                }
            },
            {
                "threshold": 138,
                "model": {
                    "type": "model",
                    "model": "modelengine:bee_clover/left_wing",
                    "tints": [
                        {
                            "type": "minecraft:dye",
                            "default": -6265536
                        }
                    ]
                }
            },
            {
                "threshold": 139,
                "model": {
                    "type": "model",
                    "model": "modelengine:bee_clover/bone",
                    "tints": [
                        {
                            "type": "minecraft:dye",
                            "default": -6265536
                        }
                    ]
                }
            },
            {
                "threshold": 140,
                "model": {
                    "type": "model",
                    "model": "modelengine:bee_clover/bone2",
                    "tints": [
                        {
                            "type": "minecraft:dye",
                            "default": -6265536
                        }
                    ]
                }
            },
            {
                "threshold": 141,
                "model": {
                    "type": "model",
                    "model": "modelengine:mob_scorpion/l_leg3",
                    "tints": [
                        {
                            "type": "minecraft:dye",
                            "default": -6265536
                        }
                    ]
                }
            },
            {
                "threshold": 142,
                "model": {
                    "type": "model",
                    "model": "modelengine:mob_scorpion/head",
                    "tints": [
                        {
                            "type": "minecraft:dye",
                            "default": -6265536
                        }
                    ]
                }
            },
            {
                "threshold": 143,
                "model": {
                    "type": "model",
                    "model": "modelengine:mob_scorpion/r_leg2",
                    "tints": [
                        {
                            "type": "minecraft:dye",
                            "default": -6265536
                        }
                    ]
                }
            },
            {
                "threshold": 144,
                "model": {
                    "type": "model",
                    "model": "modelengine:mob_scorpion/r_leg1",
                    "tints": [
                        {
                            "type": "minecraft:dye",
                            "default": -6265536
                        }
                    ]
                }
            },
            {
                "threshold": 145,
                "model": {
                    "type": "model",
                    "model": "modelengine:mob_scorpion/r_leg3",
                    "tints": [
                        {
                            "type": "minecraft:dye",
                            "default": -6265536
                        }
                    ]
                }
            },
            {
                "threshold": 146,
                "model": {
                    "type": "model",
                    "model": "modelengine:mob_scorpion/bone",
                    "tints": [
                        {
                            "type": "minecraft:dye",
                            "default": -6265536
                        }
                    ]
                }
            },
            {
                "threshold": 147,
                "model": {
                    "type": "model",
                    "model": "modelengine:mob_scorpion/l_leg1",
                    "tints": [
                        {
                            "type": "minecraft:dye",
                            "default": -6265536
                        }
                    ]
                }
            },
            {
                "threshold": 148,
                "model": {
                    "type": "model",
                    "model": "modelengine:mob_scorpion/l_leg2",
                    "tints": [
                        {
                            "type": "minecraft:dye",
                            "default": -6265536
                        }
                    ]
                }
            },
            {
                "threshold": 149,
                "model": {
                    "type": "model",
                    "model": "modelengine:mob_scorpion/bone3",
                    "tints": [
                        {
                            "type": "minecraft:dye",
                            "default": -6265536
                        }
                    ]
                }
            },
            {
                "threshold": 150,
                "model": {
                    "type": "model",
                    "model": "modelengine:mob_scorpion/bone2",
                    "tints": [
                        {
                            "type": "minecraft:dye",
                            "default": -6265536
                        }
                    ]
                }
            },
            {
                "threshold": 151,
                "model": {
                    "type": "model",
                    "model": "modelengine:mob_scorpion/bone4",
                    "tints": [
                        {
                            "type": "minecraft:dye",
                            "default": -6265536
                        }
                    ]
                }
            },
            {
                "threshold": 152,
                "model": {
                    "type": "model",
                    "model": "modelengine:mob_spider/body1",
                    "tints": [
                        {
                            "type": "minecraft:dye",
                            "default": -6265536
                        }
                    ]
                }
            },
            {
                "threshold": 153,
                "model": {
                    "type": "model",
                    "model": "modelengine:mob_spider/leg0",
                    "tints": [
                        {
                            "type": "minecraft:dye",
                            "default": -6265536
                        }
                    ]
                }
            },
            {
                "threshold": 154,
                "model": {
                    "type": "model",
                    "model": "modelengine:mob_spider/leg1",
                    "tints": [
                        {
                            "type": "minecraft:dye",
                            "default": -6265536
                        }
                    ]
                }
            },
            {
                "threshold": 155,
                "model": {
                    "type": "model",
                    "model": "modelengine:mob_spider/leg4",
                    "tints": [
                        {
                            "type": "minecraft:dye",
                            "default": -6265536
                        }
                    ]
                }
            },
            {
                "threshold": 156,
                "model": {
                    "type": "model",
                    "model": "modelengine:mob_spider/leg5",
                    "tints": [
                        {
                            "type": "minecraft:dye",
                            "default": -6265536
                        }
                    ]
                }
            },
            {
                "threshold": 157,
                "model": {
                    "type": "model",
                    "model": "modelengine:mob_spider/leg2",
                    "tints": [
                        {
                            "type": "minecraft:dye",
                            "default": -6265536
                        }
                    ]
                }
            },
            {
                "threshold": 158,
                "model": {
                    "type": "model",
                    "model": "modelengine:mob_spider/leg3",
                    "tints": [
                        {
                            "type": "minecraft:dye",
                            "default": -6265536
                        }
                    ]
                }
            },
            {
                "threshold": 159,
                "model": {
                    "type": "model",
                    "model": "modelengine:mob_spider/leg6",
                    "tints": [
                        {
                            "type": "minecraft:dye",
                            "default": -6265536
                        }
                    ]
                }
            },
            {
                "threshold": 160,
                "model": {
                    "type": "model",
                    "model": "modelengine:mob_spider/leg7",
                    "tints": [
                        {
                            "type": "minecraft:dye",
                            "default": -6265536
                        }
                    ]
                }
            },
            {
                "threshold": 161,
                "model": {
                    "type": "model",
                    "model": "modelengine:mob_spider/head",
                    "tints": [
                        {
                            "type": "minecraft:dye",
                            "default": -6265536
                        }
                    ]
                }
            },
            {
                "threshold": 162,
                "model": {
                    "type": "model",
                    "model": "modelengine:mob_werewolf/left_leg",
                    "tints": [
                        {
                            "type": "minecraft:dye",
                            "default": -6265536
                        }
                    ]
                }
            },
            {
                "threshold": 163,
                "model": {
                    "type": "model",
                    "model": "modelengine:mob_werewolf/torso",
                    "tints": [
                        {
                            "type": "minecraft:dye",
                            "default": -6265536
                        }
                    ]
                }
            },
            {
                "threshold": 164,
                "model": {
                    "type": "model",
                    "model": "modelengine:mob_werewolf/right_leg",
                    "tints": [
                        {
                            "type": "minecraft:dye",
                            "default": -6265536
                        }
                    ]
                }
            },
            {
                "threshold": 165,
                "model": {
                    "type": "model",
                    "model": "modelengine:mob_werewolf/left_knee",
                    "tints": [
                        {
                            "type": "minecraft:dye",
                            "default": -6265536
                        }
                    ]
                }
            },
            {
                "threshold": 166,
                "model": {
                    "type": "model",
                    "model": "modelengine:mob_werewolf/right_arm",
                    "tints": [
                        {
                            "type": "minecraft:dye",
                            "default": -6265536
                        }
                    ]
                }
            },
            {
                "threshold": 167,
                "model": {
                    "type": "model",
                    "model": "modelengine:mob_werewolf/left_arm",
                    "tints": [
                        {
                            "type": "minecraft:dye",
                            "default": -6265536
                        }
                    ]
                }
            },
            {
                "threshold": 168,
                "model": {
                    "type": "model",
                    "model": "modelengine:mob_werewolf/tail",
                    "tints": [
                        {
                            "type": "minecraft:dye",
                            "default": -6265536
                        }
                    ]
                }
            },
            {
                "threshold": 169,
                "model": {
                    "type": "model",
                    "model": "modelengine:mob_werewolf/neck",
                    "tints": [
                        {
                            "type": "minecraft:dye",
                            "default": -6265536
                        }
                    ]
                }
            },
            {
                "threshold": 170,
                "model": {
                    "type": "model",
                    "model": "modelengine:mob_werewolf/right_knee",
                    "tints": [
                        {
                            "type": "minecraft:dye",
                            "default": -6265536
                        }
                    ]
                }
            },
            {
                "threshold": 171,
                "model": {
                    "type": "model",
                    "model": "modelengine:mob_werewolf/left_foot",
                    "tints": [
                        {
                            "type": "minecraft:dye",
                            "default": -6265536
                        }
                    ]
                }
            },
            {
                "threshold": 172,
                "model": {
                    "type": "model",
                    "model": "modelengine:mob_werewolf/right_elbow",
                    "tints": [
                        {
                            "type": "minecraft:dye",
                            "default": -6265536
                        }
                    ]
                }
            },
            {
                "threshold": 173,
                "model": {
                    "type": "model",
                    "model": "modelengine:mob_werewolf/left_elbow",
                    "tints": [
                        {
                            "type": "minecraft:dye",
                            "default": -6265536
                        }
                    ]
                }
            },
            {
                "threshold": 174,
                "model": {
                    "type": "model",
                    "model": "modelengine:mob_werewolf/tail2",
                    "tints": [
                        {
                            "type": "minecraft:dye",
                            "default": -6265536
                        }
                    ]
                }
            },
            {
                "threshold": 175,
                "model": {
                    "type": "model",
                    "model": "modelengine:mob_werewolf/head",
                    "tints": [
                        {
                            "type": "minecraft:dye",
                            "default": -6265536
                        }
                    ]
                }
            },
            {
                "threshold": 176,
                "model": {
                    "type": "model",
                    "model": "modelengine:mob_werewolf/right_foot",
                    "tints": [
                        {
                            "type": "minecraft:dye",
                            "default": -6265536
                        }
                    ]
                }
            },
            {
                "threshold": 177,
                "model": {
                    "type": "model",
                    "model": "modelengine:mob_werewolf/jaw",
                    "tints": [
                        {
                            "type": "minecraft:dye",
                            "default": -6265536
                        }
                    ]
                }
            },
            {
                "threshold": 178,
                "model": {
                    "type": "model",
                    "model": "modelengine:mob_mantis/bone5",
                    "tints": [
                        {
                            "type": "minecraft:dye",
                            "default": -6265536
                        }
                    ]
                }
            },
            {
                "threshold": 179,
                "model": {
                    "type": "model",
                    "model": "modelengine:mob_mantis/bone4",
                    "tints": [
                        {
                            "type": "minecraft:dye",
                            "default": -6265536
                        }
                    ]
                }
            },
            {
                "threshold": 180,
                "model": {
                    "type": "model",
                    "model": "modelengine:mob_mantis/bone7",
                    "tints": [
                        {
                            "type": "minecraft:dye",
                            "default": -6265536
                        }
                    ]
                }
            },
            {
                "threshold": 181,
                "model": {
                    "type": "model",
                    "model": "modelengine:mob_mantis/bone6",
                    "tints": [
                        {
                            "type": "minecraft:dye",
                            "default": -6265536
                        }
                    ]
                }
            },
            {
                "threshold": 182,
                "model": {
                    "type": "model",
                    "model": "modelengine:mob_mantis/bone9",
                    "tints": [
                        {
                            "type": "minecraft:dye",
                            "default": -6265536
                        }
                    ]
                }
            },
            {
                "threshold": 183,
                "model": {
                    "type": "model",
                    "model": "modelengine:mob_mantis/bone8",
                    "tints": [
                        {
                            "type": "minecraft:dye",
                            "default": -6265536
                        }
                    ]
                }
            },
            {
                "threshold": 184,
                "model": {
                    "type": "model",
                    "model": "modelengine:mob_mantis/head",
                    "tints": [
                        {
                            "type": "minecraft:dye",
                            "default": -6265536
                        }
                    ]
                }
            },
            {
                "threshold": 185,
                "model": {
                    "type": "model",
                    "model": "modelengine:mob_mantis/bone2",
                    "tints": [
                        {
                            "type": "minecraft:dye",
                            "default": -6265536
                        }
                    ]
                }
            },
            {
                "threshold": 186,
                "model": {
                    "type": "model",
                    "model": "modelengine:mob_mantis/bone",
                    "tints": [
                        {
                            "type": "minecraft:dye",
                            "default": -6265536
                        }
                    ]
                }
            },
            {
                "threshold": 187,
                "model": {
                    "type": "model",
                    "model": "modelengine:mob_mantis/bone12",
                    "tints": [
                        {
                            "type": "minecraft:dye",
                            "default": -6265536
                        }
                    ]
                }
            },
            {
                "threshold": 188,
                "model": {
                    "type": "model",
                    "model": "modelengine:mob_mantis/bone3",
                    "tints": [
                        {
                            "type": "minecraft:dye",
                            "default": -6265536
                        }
                    ]
                }
            },
            {
                "threshold": 189,
                "model": {
                    "type": "model",
                    "model": "modelengine:mob_mantis/bone11",
                    "tints": [
                        {
                            "type": "minecraft:dye",
                            "default": -6265536
                        }
                    ]
                }
            },
            {
                "threshold": 190,
                "model": {
                    "type": "model",
                    "model": "modelengine:mob_tunnelbear/head",
                    "tints": [
                        {
                            "type": "minecraft:dye",
                            "default": -6265536
                        }
                    ]
                }
            },
            {
                "threshold": 191,
                "model": {
                    "type": "model",
                    "model": "modelengine:mob_tunnelbear/rightleg",
                    "tints": [
                        {
                            "type": "minecraft:dye",
                            "default": -6265536
                        }
                    ]
                }
            },
            {
                "threshold": 192,
                "model": {
                    "type": "model",
                    "model": "modelengine:mob_tunnelbear/torso",
                    "tints": [
                        {
                            "type": "minecraft:dye",
                            "default": -6265536
                        }
                    ]
                }
            },
            {
                "threshold": 193,
                "model": {
                    "type": "model",
                    "model": "modelengine:mob_tunnelbear/rightarm",
                    "tints": [
                        {
                            "type": "minecraft:dye",
                            "default": -6265536
                        }
                    ]
                }
            },
            {
                "threshold": 194,
                "model": {
                    "type": "model",
                    "model": "modelengine:mob_tunnelbear/leftleg",
                    "tints": [
                        {
                            "type": "minecraft:dye",
                            "default": -6265536
                        }
                    ]
                }
            },
            {
                "threshold": 195,
                "model": {
                    "type": "model",
                    "model": "modelengine:mob_tunnelbear/leftarm",
                    "tints": [
                        {
                            "type": "minecraft:dye",
                            "default": -6265536
                        }
                    ]
                }
            },
            {
                "threshold": 196,
                "model": {
                    "type": "model",
                    "model": "modelengine:bee_steve/all",
                    "tints": [
                        {
                            "type": "minecraft:dye",
                            "default": -6265536
                        }
                    ]
                }
            },
            {
                "threshold": 197,
                "model": {
                    "type": "model",
                    "model": "modelengine:bee_steve/right_wing",
                    "tints": [
                        {
                            "type": "minecraft:dye",
                            "default": -6265536
                        }
                    ]
                }
            },
            {
                "threshold": 198,
                "model": {
                    "type": "model",
                    "model": "modelengine:bee_steve/left_wing",
                    "tints": [
                        {
                            "type": "minecraft:dye",
                            "default": -6265536
                        }
                    ]
                }
            },
            {
                "threshold": 199,
                "model": {
                    "type": "model",
                    "model": "modelengine:buydisplay/bone2",
                    "tints": [
                        {
                            "type": "minecraft:dye",
                            "default": -6265536
                        }
                    ]
                }
            },
            {
                "threshold": 200,
                "model": {
                    "type": "model",
                    "model": "modelengine:buydisplay/bone5",
                    "tints": [
                        {
                            "type": "minecraft:dye",
                            "default": -6265536
                        }
                    ]
                }
            },
            {
                "threshold": 201,
                "model": {
                    "type": "model",
                    "model": "modelengine:buydisplay/bone4",
                    "tints": [
                        {
                            "type": "minecraft:dye",
                            "default": -6265536
                        }
                    ]
                }
            },
            {
                "threshold": 202,
                "model": {
                    "type": "model",
                    "model": "modelengine:buydisplay/bone",
                    "tints": [
                        {
                            "type": "minecraft:dye",
                            "default": -6265536
                        }
                    ]
                }
            },
            {
                "threshold": 203,
                "model": {
                    "type": "model",
                    "model": "modelengine:buydisplay/bone7",
                    "tints": [
                        {
                            "type": "minecraft:dye",
                            "default": -6265536
                        }
                    ]
                }
            },
            {
                "threshold": 204,
                "model": {
                    "type": "model",
                    "model": "modelengine:buydisplay/bone6",
                    "tints": [
                        {
                            "type": "minecraft:dye",
                            "default": -6265536
                        }
                    ]
                }
            },
            {
                "threshold": 205,
                "model": {
                    "type": "model",
                    "model": "modelengine:bee_rune/all",
                    "tints": [
                        {
                            "type": "minecraft:dye",
                            "default": -6265536
                        }
                    ]
                }
            },
            {
                "threshold": 206,
                "model": {
                    "type": "model",
                    "model": "modelengine:bee_rune/right_wing",
                    "tints": [
                        {
                            "type": "minecraft:dye",
                            "default": -6265536
                        }
                    ]
                }
            },
            {
                "threshold": 207,
                "model": {
                    "type": "model",
                    "model": "modelengine:bee_rune/left_wing",
                    "tints": [
                        {
                            "type": "minecraft:dye",
                            "default": -6265536
                        }
                    ]
                }
            },
            {
                "threshold": 208,
                "model": {
                    "type": "model",
                    "model": "modelengine:bee_rune/book",
                    "tints": [
                        {
                            "type": "minecraft:dye",
                            "default": -6265536
                        }
                    ]
                }
            }
        ]
    }
}