{
    "model": {
        "type": "range_dispatch",
        "property": "custom_model_data",
        "fallback": {
            "type": "model",
            "model": "minecraft:item/stone_hoe"
        },
        "entries": [
            {
                "threshold": 1,
                "model": {
                    "type": "model",
                    "model": "item/stone_hoe/1"
                }
            },
            {
                "threshold": 2,
                "model": {
                    "type": "model",
                    "model": "item/stone_hoe/2"
                }
            },
            {
                "threshold": 3,
                "model": {
                    "type": "model",
                    "model": "item/stone_hoe/3"
                }
            },
            {
                "threshold": 4,
                "model": {
                    "type": "model",
                    "model": "item/stone_hoe/4"
                }
            },
            {
                "threshold": 5,
                "model": {
                    "type": "model",
                    "model": "item/stone_hoe/5"
                }
            },
            {
                "threshold": 6,
                "model": {
                    "type": "model",
                    "model": "item/stone_hoe/6"
                }
            },
            {
                "threshold": 7,
                "model": {
                    "type": "model",
                    "model": "item/stone_hoe/7"
                }
            },
            {
                "threshold": 8,
                "model": {
                    "type": "model",
                    "model": "item/stone_hoe/8"
                }
            },
            {
                "threshold": 9,
                "model": {
                    "type": "model",
                    "model": "item/stone_hoe/9"
                }
            },
            {
                "threshold": 10,
                "model": {
                    "type": "model",
                    "model": "item/stone_hoe/10"
                }
            },
            {
                "threshold": 11,
                "model": {
                    "type": "model",
                    "model": "item/stone_hoe/11"
                }
            },
            {
                "threshold": 12,
                "model": {
                    "type": "model",
                    "model": "item/stone_hoe/12"
                }
            },
            {
                "threshold": 13,
                "model": {
                    "type": "model",
                    "model": "item/stone_hoe/13"
                }
            },
            {
                "threshold": 14,
                "model": {
                    "type": "model",
                    "model": "item/stone_hoe/14"
                }
            },
            {
                "threshold": 15,
                "model": {
                    "type": "model",
                    "model": "item/stone_hoe/15"
                }
            },
            {
                "threshold": 16,
                "model": {
                    "type": "model",
                    "model": "item/stone_hoe/16"
                }
            },
            {
                "threshold": 17,
                "model": {
                    "type": "model",
                    "model": "item/stone_hoe/17"
                }
            },
            {
                "threshold": 18,
                "model": {
                    "type": "model",
                    "model": "item/stone_hoe/18"
                }
            },
            {
                "threshold": 19,
                "model": {
                    "type": "model",
                    "model": "item/stone_hoe/19"
                }
            },
            {
                "threshold": 20,
                "model": {
                    "type": "model",
                    "model": "item/stone_hoe/20"
                }
            },
            {
                "threshold": 21,
                "model": {
                    "type": "model",
                    "model": "item/stone_hoe/21"
                }
            },
            {
                "threshold": 22,
                "model": {
                    "type": "model",
                    "model": "item/stone_hoe/22"
                }
            },
            {
                "threshold": 23,
                "model": {
                    "type": "model",
                    "model": "item/stone_hoe/23"
                }
            },
            {
                "threshold": 24,
                "model": {
                    "type": "model",
                    "model": "item/stone_hoe/24"
                }
            },
            {
                "threshold": 25,
                "model": {
                    "type": "model",
                    "model": "item/stone_hoe/25"
                }
            },
            {
                "threshold": 26,
                "model": {
                    "type": "model",
                    "model": "item/stone_hoe/26"
                }
            },
            {
                "threshold": 27,
                "model": {
                    "type": "model",
                    "model": "item/stone_hoe/27"
                }
            },
            {
                "threshold": 28,
                "model": {
                    "type": "model",
                    "model": "item/stone_hoe/28"
                }
            },
            {
                "threshold": 29,
                "model": {
                    "type": "model",
                    "model": "item/stone_hoe/29"
                }
            },
            {
                "threshold": 30,
                "model": {
                    "type": "model",
                    "model": "item/stone_hoe/30"
                }
            },
            {
                "threshold": 31,
                "model": {
                    "type": "model",
                    "model": "item/stone_hoe/31"
                }
            },
            {
                "threshold": 32,
                "model": {
                    "type": "model",
                    "model": "item/stone_hoe/32"
                }
            },
            {
                "threshold": 33,
                "model": {
                    "type": "model",
                    "model": "item/stone_hoe/33"
                }
            },
            {
                "threshold": 100,
                "model": {
                    "type": "model",
                    "model": "item/stone_hoe/100"
                }
            },
            {
                "threshold": 101,
                "model": {
                    "type": "model",
                    "model": "item/stone_hoe/101"
                }
            },
            {
                "threshold": 102,
                "model": {
                    "type": "model",
                    "model": "item/stone_hoe/102"
                }
            },
            {
                "threshold": 103,
                "model": {
                    "type": "model",
                    "model": "item/stone_hoe/103"
                }
            },
            {
                "threshold": 104,
                "model": {
                    "type": "model",
                    "model": "item/stone_hoe/104"
                }
            },
            {
                "threshold": 105,
                "model": {
                    "type": "model",
                    "model": "item/stone_hoe/105"
                }
            },
            {
                "threshold": 106,
                "model": {
                    "type": "model",
                    "model": "item/stone_hoe/106"
                }
            },
            {
                "threshold": 107,
                "model": {
                    "type": "model",
                    "model": "item/stone_hoe/107"
                }
            },
            {
                "threshold": 108,
                "model": {
                    "type": "model",
                    "model": "item/stone_hoe/108"
                }
            },
            {
                "threshold": 109,
                "model": {
                    "type": "model",
                    "model": "item/stone_hoe/109"
                }
            },
            {
                "threshold": 110,
                "model": {
                    "type": "model",
                    "model": "item/stone_hoe/110"
                }
            },
            {
                "threshold": 111,
                "model": {
                    "type": "model",
                    "model": "item/stone_hoe/111"
                }
            },
            {
                "threshold": 112,
                "model": {
                    "type": "model",
                    "model": "item/stone_hoe/112"
                }
            },
            {
                "threshold": 113,
                "model": {
                    "type": "model",
                    "model": "item/stone_hoe/113"
                }
            },
            {
                "threshold": 114,
                "model": {
                    "type": "model",
                    "model": "item/stone_hoe/114"
                }
            }
        ]
    }
}