{"textures":{"0":"modelengine:entity/bee_volcano","1":"modelengine:entity/lava_flow"},"elements":[{"from":[5.168,8.0,4.199],"to":[10.832,13.664,4.199],"faces":{"east":{"uv":[4.0,0.0,0.0,3.0],"tintindex":0,"rotation":0,"texture":"#0"},"south":{"uv":[3.0,13.0,0.0,16.0],"tintindex":0,"rotation":0,"texture":"#0"},"north":{"uv":[16.0,0.0,10.0,6.0],"tintindex":0,"rotation":0,"texture":"#0"},"west":{"uv":[4.0,3.0,0.0,6.0],"tintindex":0,"rotation":0,"texture":"#0"},"up":{"uv":[7.0,0.0,4.0,4.0],"tintindex":0,"rotation":0,"texture":"#0"},"down":{"uv":[7.0,8.0,4.0,4.0],"tintindex":0,"rotation":0,"texture":"#0"}}},{"from":[5.1480002,7.98,6.704],"to":[10.852,13.684,9.2960005],"faces":{"east":{"uv":[2.75,2.75,1.25,6.0],"tintindex":0,"rotation":0,"texture":"#0"},"west":{"uv":[2.75,0.0,1.25,3.25],"tintindex":0,"rotation":0,"texture":"#0"},"up":{"uv":[7.0,1.25,4.0,2.75],"tintindex":0,"rotation":0,"texture":"#0"},"down":{"uv":[7.0,5.25,4.0,6.75],"tintindex":0,"rotation":0,"texture":"#0"}}},{"from":[5.168,8.0,4.224],"to":[10.832,13.664,11.776],"faces":{"east":{"uv":[8.0,0.0,0.0,6.0],"tintindex":0,"rotation":0,"texture":"#1"},"south":{"uv":[14.0,7.5,8.0,13.5],"tintindex":0,"rotation":0,"texture":"#1"},"north":{"uv":[14.0,7.5,8.0,13.5],"tintindex":0,"rotation":0,"texture":"#1"},"west":{"uv":[8.0,6.0,0.0,12.0],"tintindex":0,"rotation":0,"texture":"#1"},"up":{"uv":[8.0,8.0,14.0,0.0],"tintindex":0,"rotation":0,"texture":"#1"},"down":{"uv":[14.0,16.0,8.0,8.0],"tintindex":0,"rotation":0,"texture":"#1"}}},{"from":[6.6,15.0,6.85],"to":[9.4,16.25,9.4],"faces":{"east":{"uv":[0.0,0.0,0.6375,0.3125],"tintindex":0,"rotation":0,"texture":"#0"},"south":{"uv":[0.0,0.0,0.7,0.3125],"tintindex":0,"rotation":0,"texture":"#0"},"north":{"uv":[0.0,0.0,0.7,0.3125],"tintindex":0,"rotation":0,"texture":"#0"},"west":{"uv":[0.0,0.0,0.6375,0.3125],"tintindex":0,"rotation":0,"texture":"#0"},"up":{"uv":[0.0,0.0,0.7,0.6375],"tintindex":0,"rotation":0,"texture":"#0"},"down":{"uv":[0.0,0.0,0.7,0.6375],"tintindex":0,"rotation":0,"texture":"#0"}}}],"display":{"gui":{"rotation":[30,225,0]}}}