{
	"credit": "Made with Blockbench",
	"texture_size": [64, 64],
	"textures": {
		"1": "block/hat/angler",
		"particle": "block/hat/angler"
	},
	"elements": [
		{
			"from": [3, 8, 0],
			"to": [13, 11, 12],
			"faces": {
				"north": {"uv": [5, 6.75, 7.5, 7.5], "texture": "#1"},
				"east": {"uv": [0, 6, 3, 6.75], "texture": "#1"},
				"south": {"uv": [0, 7.5, 2.5, 8.25], "texture": "#1"},
				"west": {"uv": [3, 6, 6, 6.75], "texture": "#1"},
				"up": {"uv": [2.5, 3, 0, 0], "texture": "#1"},
				"down": {"uv": [5, 0, 2.5, 3], "texture": "#1"}
			}
		},
		{
			"from": [3, -2, 1],
			"to": [13, 1, 13],
			"rotation": {"angle": -22.5, "axis": "x", "origin": [0, -1, -1]},
			"faces": {
				"north": {"uv": [5, 7.5, 7.5, 8.25], "texture": "#1"},
				"east": {"uv": [6, 6, 9, 6.75], "texture": "#1"},
				"south": {"uv": [7.5, 6.75, 10, 7.5], "texture": "#1"},
				"west": {"uv": [0, 6.75, 3, 7.5], "texture": "#1"},
				"up": {"uv": [2.5, 6, 0, 3], "texture": "#1"},
				"down": {"uv": [5, 3, 2.5, 6], "texture": "#1"}
			}
		},
		{
			"from": [13, 1, 1],
			"to": [13, 3, 3],
			"rotation": {"angle": -22.5, "axis": "x", "origin": [0, -1, -1]},
			"faces": {
				"north": {"uv": [0, 0, 0, 0.5], "texture": "#1"},
				"east": {"uv": [8, 3.5, 8.5, 4], "texture": "#1"},
				"south": {"uv": [0, 0, 0, 0.5], "texture": "#1"},
				"west": {"uv": [8, 4, 8.5, 4.5], "texture": "#1"},
				"up": {"uv": [0, 0.5, 0, 0], "texture": "#1"},
				"down": {"uv": [0, 0, 0, 0.5], "texture": "#1"}
			}
		},
		{
			"from": [3, 1, 7],
			"to": [3, 3, 9],
			"rotation": {"angle": -22.5, "axis": "x", "origin": [0, -1, -1]},
			"faces": {
				"north": {"uv": [0, 0, 0, 0.5], "texture": "#1"},
				"east": {"uv": [8, 8, 8.5, 8.5], "texture": "#1"},
				"south": {"uv": [0, 0, 0, 0.5], "texture": "#1"},
				"west": {"uv": [0, 8.25, 0.5, 8.75], "texture": "#1"},
				"up": {"uv": [0, 0.5, 0, 0], "texture": "#1"},
				"down": {"uv": [0, 0, 0, 0.5], "texture": "#1"}
			}
		},
		{
			"from": [3, 1, 4],
			"to": [3, 3, 6],
			"rotation": {"angle": -22.5, "axis": "x", "origin": [0, -1, -1]},
			"faces": {
				"north": {"uv": [0, 0, 0, 0.5], "texture": "#1"},
				"east": {"uv": [8, 5.5, 8.5, 6], "texture": "#1"},
				"south": {"uv": [0, 0, 0, 0.5], "texture": "#1"},
				"west": {"uv": [8, 7.5, 8.5, 8], "texture": "#1"},
				"up": {"uv": [0, 0.5, 0, 0], "texture": "#1"},
				"down": {"uv": [0, 0, 0, 0.5], "texture": "#1"}
			}
		},
		{
			"from": [3, 1, 1],
			"to": [3, 3, 3],
			"rotation": {"angle": -22.5, "axis": "x", "origin": [0, -1, -1]},
			"faces": {
				"north": {"uv": [0, 0, 0, 0.5], "texture": "#1"},
				"east": {"uv": [8, 3.5, 8.5, 4], "texture": "#1"},
				"south": {"uv": [0, 0, 0, 0.5], "texture": "#1"},
				"west": {"uv": [8, 4, 8.5, 4.5], "texture": "#1"},
				"up": {"uv": [0, 0.5, 0, 0], "texture": "#1"},
				"down": {"uv": [0, 0, 0, 0.5], "texture": "#1"}
			}
		},
		{
			"from": [11, 1, 1],
			"to": [13, 3, 1],
			"rotation": {"angle": -22.5, "axis": "x", "origin": [0, -1, -1]},
			"faces": {
				"north": {"uv": [8, 4.5, 8.5, 5], "texture": "#1"},
				"east": {"uv": [0, 0, 0, 0.5], "texture": "#1"},
				"south": {"uv": [8, 5, 8.5, 5.5], "texture": "#1"},
				"west": {"uv": [0, 0, 0, 0.5], "texture": "#1"},
				"up": {"uv": [0.5, 0, 0, 0], "texture": "#1"},
				"down": {"uv": [0.5, 0, 0, 0], "texture": "#1"}
			}
		},
		{
			"from": [3, 1, 1],
			"to": [5, 3, 1],
			"rotation": {"angle": -22.5, "axis": "x", "origin": [0, -1, -1]},
			"faces": {
				"north": {"uv": [8, 4.5, 8.5, 5], "texture": "#1"},
				"east": {"uv": [0, 0, 0, 0.5], "texture": "#1"},
				"south": {"uv": [8, 5, 8.5, 5.5], "texture": "#1"},
				"west": {"uv": [0, 0, 0, 0.5], "texture": "#1"},
				"up": {"uv": [0.5, 0, 0, 0], "texture": "#1"},
				"down": {"uv": [0.5, 0, 0, 0], "texture": "#1"}
			}
		},
		{
			"from": [13, 1, 4],
			"to": [13, 3, 6],
			"rotation": {"angle": -22.5, "axis": "x", "origin": [0, -1, -1]},
			"faces": {
				"north": {"uv": [0, 0, 0, 0.5], "texture": "#1"},
				"east": {"uv": [8, 5.5, 8.5, 6], "texture": "#1"},
				"south": {"uv": [0, 0, 0, 0.5], "texture": "#1"},
				"west": {"uv": [8, 7.5, 8.5, 8], "texture": "#1"},
				"up": {"uv": [0, 0.5, 0, 0], "texture": "#1"},
				"down": {"uv": [0, 0, 0, 0.5], "texture": "#1"}
			}
		},
		{
			"from": [13, 1, 7],
			"to": [13, 3, 9],
			"rotation": {"angle": -22.5, "axis": "x", "origin": [0, -1, -1]},
			"faces": {
				"north": {"uv": [0, 0, 0, 0.5], "texture": "#1"},
				"east": {"uv": [8, 8, 8.5, 8.5], "texture": "#1"},
				"south": {"uv": [0, 0, 0, 0.5], "texture": "#1"},
				"west": {"uv": [0, 8.25, 0.5, 8.75], "texture": "#1"},
				"up": {"uv": [0, 0.5, 0, 0], "texture": "#1"},
				"down": {"uv": [0, 0, 0, 0.5], "texture": "#1"}
			}
		},
		{
			"from": [12, 6, 0],
			"to": [12, 8, 2],
			"rotation": {"angle": 0, "axis": "x", "origin": [0, -1, -1]},
			"faces": {
				"north": {"uv": [0, 0, 0, 0.5], "texture": "#1"},
				"east": {"uv": [0.5, 8.25, 1, 8.75], "texture": "#1"},
				"south": {"uv": [0, 0, 0, 0.5], "texture": "#1"},
				"west": {"uv": [1, 8.25, 1.5, 8.75], "texture": "#1"},
				"up": {"uv": [0, 0.5, 0, 0], "texture": "#1"},
				"down": {"uv": [0, 0, 0, 0.5], "texture": "#1"}
			}
		},
		{
			"from": [4, 7, 7],
			"to": [4, 8, 8],
			"rotation": {"angle": 0, "axis": "y", "origin": [0, -1, -1]},
			"faces": {
				"north": {"uv": [0, 0, 0, 0.25], "texture": "#1"},
				"east": {"uv": [2.25, 8.75, 2.5, 9], "texture": "#1"},
				"south": {"uv": [0, 0, 0, 0.25], "texture": "#1"},
				"west": {"uv": [8.75, 2.25, 9, 2.5], "texture": "#1"},
				"up": {"uv": [0, 0.25, 0, 0], "texture": "#1"},
				"down": {"uv": [0, 0, 0, 0.25], "texture": "#1"}
			}
		},
		{
			"from": [4, 7, 4],
			"to": [4, 8, 5],
			"rotation": {"angle": 0, "axis": "y", "origin": [0, -1, -1]},
			"faces": {
				"north": {"uv": [0, 0, 0, 0.25], "texture": "#1"},
				"east": {"uv": [2, 8.75, 2.25, 9], "texture": "#1"},
				"south": {"uv": [0, 0, 0, 0.25], "texture": "#1"},
				"west": {"uv": [8.75, 2, 9, 2.25], "texture": "#1"},
				"up": {"uv": [0, 0.25, 0, 0], "texture": "#1"},
				"down": {"uv": [0, 0, 0, 0.25], "texture": "#1"}
			}
		},
		{
			"from": [4, 6, 0],
			"to": [4, 8, 2],
			"rotation": {"angle": 0, "axis": "y", "origin": [0, -1, -1]},
			"faces": {
				"north": {"uv": [0, 0, 0, 0.5], "texture": "#1"},
				"east": {"uv": [0.5, 8.25, 1, 8.75], "texture": "#1"},
				"south": {"uv": [0, 0, 0, 0.5], "texture": "#1"},
				"west": {"uv": [1, 8.25, 1.5, 8.75], "texture": "#1"},
				"up": {"uv": [0, 0.5, 0, 0], "texture": "#1"},
				"down": {"uv": [0, 0, 0, 0.5], "texture": "#1"}
			}
		},
		{
			"from": [10, 6, 0],
			"to": [12, 8, 0],
			"rotation": {"angle": 0, "axis": "y", "origin": [0, -1, -1]},
			"faces": {
				"north": {"uv": [1.5, 8.25, 2, 8.75], "texture": "#1"},
				"east": {"uv": [0, 0, 0, 0.5], "texture": "#1"},
				"south": {"uv": [2, 8.25, 2.5, 8.75], "texture": "#1"},
				"west": {"uv": [0, 0, 0, 0.5], "texture": "#1"},
				"up": {"uv": [0.5, 0, 0, 0], "texture": "#1"},
				"down": {"uv": [0.5, 0, 0, 0], "texture": "#1"}
			}
		},
		{
			"from": [4, 6, 0],
			"to": [6, 8, 0],
			"rotation": {"angle": 0, "axis": "y", "origin": [4, 6, 0]},
			"faces": {
				"north": {"uv": [2, 8.25, 2.5, 8.75], "texture": "#1"},
				"east": {"uv": [0, 0, 0, 0.5], "texture": "#1"},
				"south": {"uv": [1.5, 8.25, 2, 8.75], "texture": "#1"},
				"west": {"uv": [0, 0, 0, 0.5], "texture": "#1"},
				"up": {"uv": [0.5, 0, 0, 0], "rotation": 180, "texture": "#1"},
				"down": {"uv": [0.5, 0, 0, 0], "rotation": 180, "texture": "#1"}
			}
		},
		{
			"from": [12, 7, 4],
			"to": [12, 8, 5],
			"rotation": {"angle": 0, "axis": "y", "origin": [0, -1, -1]},
			"faces": {
				"north": {"uv": [0, 0, 0, 0.25], "texture": "#1"},
				"east": {"uv": [2, 8.75, 2.25, 9], "texture": "#1"},
				"south": {"uv": [0, 0, 0, 0.25], "texture": "#1"},
				"west": {"uv": [8.75, 2, 9, 2.25], "texture": "#1"},
				"up": {"uv": [0, 0.25, 0, 0], "texture": "#1"},
				"down": {"uv": [0, 0, 0, 0.25], "texture": "#1"}
			}
		},
		{
			"from": [12, 7, 7],
			"to": [12, 8, 8],
			"rotation": {"angle": 0, "axis": "y", "origin": [0, -1, -1]},
			"faces": {
				"north": {"uv": [0, 0, 0, 0.25], "texture": "#1"},
				"east": {"uv": [2.25, 8.75, 2.5, 9], "texture": "#1"},
				"south": {"uv": [0, 0, 0, 0.25], "texture": "#1"},
				"west": {"uv": [8.75, 2.25, 9, 2.5], "texture": "#1"},
				"up": {"uv": [0, 0.25, 0, 0], "texture": "#1"},
				"down": {"uv": [0, 0, 0, 0.25], "texture": "#1"}
			}
		},
		{
			"from": [2, 2, 9],
			"to": [14, 10, 13],
			"faces": {
				"north": {"uv": [5, 0, 8, 2], "texture": "#1"},
				"east": {"uv": [3, 6.75, 4, 8.75], "texture": "#1"},
				"south": {"uv": [5, 2, 8, 4], "texture": "#1"},
				"west": {"uv": [4, 6.75, 5, 8.75], "texture": "#1"},
				"up": {"uv": [8, 5, 5, 4], "texture": "#1"},
				"down": {"uv": [8, 5, 5, 6], "texture": "#1"}
			}
		},
		{
			"from": [7, 11, 8],
			"to": [9, 14, 10],
			"faces": {
				"north": {"uv": [2.5, 7.5, 3, 8.25], "texture": "#1"},
				"east": {"uv": [7.5, 7.5, 8, 8.25], "texture": "#1"},
				"south": {"uv": [8, 0, 8.5, 0.75], "texture": "#1"},
				"west": {"uv": [8, 0.75, 8.5, 1.5], "texture": "#1"},
				"up": {"uv": [3, 8.75, 2.5, 8.25], "texture": "#1"},
				"down": {"uv": [5.5, 8.25, 5, 8.75], "texture": "#1"}
			}
		},
		{
			"from": [7.5, 13, 6],
			"to": [8.5, 15, 8],
			"faces": {
				"north": {"uv": [8, 8.5, 8.25, 9], "texture": "#1"},
				"east": {"uv": [5.5, 8.25, 6, 8.75], "texture": "#1"},
				"south": {"uv": [8.25, 8.5, 8.5, 9], "texture": "#1"},
				"west": {"uv": [6, 8.25, 6.5, 8.75], "texture": "#1"},
				"up": {"uv": [8.75, 8.75, 8.5, 8.25], "texture": "#1"},
				"down": {"uv": [0.25, 8.75, 0, 9.25], "texture": "#1"}
			}
		},
		{
			"from": [7, 13, -2],
			"to": [9, 15, 0],
			"faces": {
				"north": {"uv": [6.5, 8.25, 7, 8.75], "texture": "#1"},
				"east": {"uv": [7, 8.25, 7.5, 8.75], "texture": "#1"},
				"south": {"uv": [7.5, 8.25, 8, 8.75], "texture": "#1"},
				"west": {"uv": [8.5, 0, 9, 0.5], "texture": "#1"},
				"up": {"uv": [9, 1, 8.5, 0.5], "texture": "#1"},
				"down": {"uv": [9, 1, 8.5, 1.5], "texture": "#1"}
			}
		},
		{
			"from": [7.5, 14, 3],
			"to": [8.5, 16, 6],
			"faces": {
				"north": {"uv": [0.25, 8.75, 0.5, 9.25], "texture": "#1"},
				"east": {"uv": [8, 1.5, 8.75, 2], "texture": "#1"},
				"south": {"uv": [0.5, 8.75, 0.75, 9.25], "texture": "#1"},
				"west": {"uv": [8, 2, 8.75, 2.5], "texture": "#1"},
				"up": {"uv": [8.75, 4.25, 8.5, 3.5], "texture": "#1"},
				"down": {"uv": [8.75, 4.25, 8.5, 5], "texture": "#1"}
			}
		},
		{
			"from": [7.5, 15, 0],
			"to": [8.5, 17, 3],
			"faces": {
				"north": {"uv": [0.75, 8.75, 1, 9.25], "texture": "#1"},
				"east": {"uv": [8, 2.5, 8.75, 3], "texture": "#1"},
				"south": {"uv": [1, 8.75, 1.25, 9.25], "texture": "#1"},
				"west": {"uv": [8, 3, 8.75, 3.5], "texture": "#1"},
				"up": {"uv": [8.75, 5.75, 8.5, 5], "texture": "#1"},
				"down": {"uv": [8.75, 7.5, 8.5, 8.25], "texture": "#1"}
			}
		},
		{
			"from": [7.5, 15, -1],
			"to": [8.5, 16, 0],
			"faces": {
				"north": {"uv": [8.5, 5.75, 8.75, 6], "texture": "#1"},
				"east": {"uv": [1.25, 8.75, 1.5, 9], "texture": "#1"},
				"south": {"uv": [1.5, 8.75, 1.75, 9], "texture": "#1"},
				"west": {"uv": [8.75, 1.5, 9, 1.75], "texture": "#1"},
				"up": {"uv": [2, 9, 1.75, 8.75], "texture": "#1"},
				"down": {"uv": [9, 1.75, 8.75, 2], "texture": "#1"}
			}
		}
	],
	"display": {
		"thirdperson_righthand": {
			"scale": [0.49, 0.49, 0.49]
		},
		"firstperson_righthand": {
			"translation": [0, 2.5, 0],
			"scale": [0.56, 0.56, 0.56]
		},
		"ground": {
			"translation": [0, 7.25, 0]
		},
		"gui": {
			"rotation": [30, -150, 0],
			"translation": [0, 2.5, 0],
			"scale": [0.75, 0.75, 0.75]
		},
		"head": {
			"translation": [0, 3, 0],
			"scale": [1.63, 1.63, 1.63]
		}
	}
}