{"file_name":"bone2","texture_size":[64,64],"textures":{"04db00d8-d7f6-9680-baf6-d925b9f8efc8":"modelengine:entity/inferno"},"elements":[{"name":"cube","from":[15.685186,-1.1043735,4.3999996],"to":[16.285187,16.895628,11.6],"rotation":{"angle":22.5,"axis":"z","origin":[15.985187,7.8956275,8.0]},"faces":{"down":{"uv":[3.25,7.25,6.25,7.5],"rotation":90,"texture":"#04db00d8-d7f6-9680-baf6-d925b9f8efc8","tintindex":0},"east":{"uv":[0.0,8.25,3.0,16.0],"rotation":0,"texture":"#04db00d8-d7f6-9680-baf6-d925b9f8efc8","tintindex":0},"north":{"uv":[3.0,8.25,3.25,16.0],"rotation":0,"texture":"#04db00d8-d7f6-9680-baf6-d925b9f8efc8","tintindex":0},"south":{"uv":[3.0,8.25,3.25,16.0],"rotation":0,"texture":"#04db00d8-d7f6-9680-baf6-d925b9f8efc8","tintindex":0},"up":{"uv":[1.5,7.75,4.5,8.0],"rotation":90,"texture":"#04db00d8-d7f6-9680-baf6-d925b9f8efc8","tintindex":0},"west":{"uv":[3.25,8.25,6.25,16.0],"rotation":0,"texture":"#04db00d8-d7f6-9680-baf6-d925b9f8efc8","tintindex":0}}}],"display":{"head":{"translation":[0.0,-6.4,0.0],"rotation":[0.0,0.0,0.0],"scale":[3.8095,3.8095,3.8095]},"gui":{"translation":[0.0,0.0,0.0],"rotation":[35.0,225.0,0.0],"scale":[0.625,0.625,0.625]}}}