{"textures":{"0":"modelengine:entity/inferno"},"elements":[{"from":[6.285714,14.857143,7.428571],"to":[9.714286,17.142857,8.571428],"rotation":{"angle":0.0,"axis":"y","origin":[8.0,16.0,8.0]},"faces":{"east":{"uv":[10.0,5.75,10.75,7.0],"rotation":0,"texture":"#0","tintindex":0},"south":{"uv":[10.0,5.75,10.75,7.0],"rotation":0,"texture":"#0","tintindex":0},"north":{"uv":[10.0,5.75,10.75,7.0],"rotation":0,"texture":"#0","tintindex":0},"west":{"uv":[10.0,5.75,10.75,7.0],"rotation":0,"texture":"#0","tintindex":0},"up":{"uv":[10.0,5.75,10.75,7.0],"rotation":0,"texture":"#0","tintindex":0},"down":{"uv":[10.0,5.75,10.75,7.0],"rotation":0,"texture":"#0","tintindex":0}}},{"from":[6.285714,20.57143,7.428571],"to":[9.714286,22.857143,8.571428],"rotation":{"angle":0.0,"axis":"y","origin":[8.0,21.714287,8.0]},"faces":{"east":{"uv":[12.75,3.25,13.5,4.5],"rotation":0,"texture":"#0","tintindex":0},"south":{"uv":[12.75,3.25,13.5,4.5],"rotation":0,"texture":"#0","tintindex":0},"north":{"uv":[12.75,3.25,13.5,4.5],"rotation":0,"texture":"#0","tintindex":0},"west":{"uv":[12.75,3.25,13.5,4.5],"rotation":0,"texture":"#0","tintindex":0},"up":{"uv":[12.75,3.25,13.5,4.5],"rotation":0,"texture":"#0","tintindex":0},"down":{"uv":[12.75,3.25,13.5,4.5],"rotation":0,"texture":"#0","tintindex":0}}}],"display":{"head":{"translation":[0.0,-6.4,0.0],"scale":[4.0,4.0,4.0]}}}