{"textures":{"1":"modelengine:entity/lava_flow"},"elements":[{"from":[7.0,15.0,8.0],"to":[8.0,16.0,9.0],"faces":{"east":{"uv":[28.5,18.0,29.0,18.5],"tintindex":0,"rotation":0,"texture":"#1"},"south":{"uv":[30.0,18.0,30.5,18.5],"tintindex":0,"rotation":0,"texture":"#1"},"north":{"uv":[29.0,18.0,29.5,18.5],"tintindex":0,"rotation":0,"texture":"#1"},"west":{"uv":[29.5,18.0,30.0,18.5],"tintindex":0,"rotation":0,"texture":"#1"},"up":{"uv":[29.5,18.0,29.0,17.5],"tintindex":0,"rotation":0,"texture":"#1"},"down":{"uv":[30.0,17.5,29.5,18.0],"tintindex":0,"rotation":0,"texture":"#1"}}}],"display":{"gui":{"rotation":[30,225,0]}}}