{"textures":{"0":"modelengine:entity/pudgelin"},"elements":[{"from":[6.7721844,6.5085406,7.428571],"to":[7.3436127,9.365684,9.714286],"rotation":{"angle":-22.5,"axis":"z","origin":[4.7915463,6.689103,7.428571]},"faces":{"east":{"uv":[14.0,2.5,15.0,3.75],"rotation":0,"texture":"#0","tintindex":0},"south":{"uv":[10.75,2.5,11.0,3.75],"rotation":0,"texture":"#0","tintindex":0},"north":{"uv":[13.75,2.5,14.0,3.75],"rotation":0,"texture":"#0","tintindex":0},"west":{"uv":[9.75,2.5,10.75,3.75],"rotation":0,"texture":"#0","tintindex":0},"up":{"uv":[13.75,1.5,14.0,2.5],"rotation":0,"texture":"#0","tintindex":0},"down":{"uv":[13.5,2.5,13.75,3.5],"rotation":0,"texture":"#0","tintindex":0}}}],"display":{"head":{"translation":[0.0,-6.4,0.0],"scale":[4.0,4.0,4.0]}}}