{"textures":{"0":"modelengine:entity/pudgelin"},"elements":[{"from":[2.342857,6.6341734,4.6700478],"to":[7.3714285,11.777031,8.670048],"rotation":{"angle":22.5,"axis":"x","origin":[8.0,9.205603,6.6700478]},"faces":{"east":{"uv":[2.25,10.5,3.5,12.25],"rotation":0,"texture":"#0","tintindex":0},"south":{"uv":[5.25,10.0,9.75,11.75],"rotation":0,"texture":"#0","tintindex":0},"north":{"uv":[0.0,10.25,1.5,11.75],"rotation":0,"texture":"#0","tintindex":0},"west":{"uv":[2.0,10.0,3.25,11.75],"rotation":0,"texture":"#0","tintindex":0},"up":{"uv":[3.25,10.5,4.5,11.75],"rotation":0,"texture":"#0","tintindex":0},"down":{"uv":[0.0,10.25,1.5,11.5],"rotation":0,"texture":"#0","tintindex":0}}},{"from":[8.6285715,6.6341734,4.6700478],"to":[13.657143,11.777031,8.670048],"rotation":{"angle":22.5,"axis":"x","origin":[8.0,9.205603,6.6700478]},"faces":{"east":{"uv":[2.25,10.5,3.5,12.25],"rotation":0,"texture":"#0","tintindex":0},"south":{"uv":[5.25,10.0,9.75,11.75],"rotation":0,"texture":"#0","tintindex":0},"north":{"uv":[0.0,10.25,1.5,11.75],"rotation":0,"texture":"#0","tintindex":0},"west":{"uv":[2.0,10.0,3.25,11.75],"rotation":0,"texture":"#0","tintindex":0},"up":{"uv":[0.0,10.5,1.25,11.75],"rotation":0,"texture":"#0","tintindex":0},"down":{"uv":[0.0,10.25,1.5,11.5],"rotation":0,"texture":"#0","tintindex":0}}}],"display":{"head":{"translation":[0.0,-6.4,0.0],"scale":[4.0,4.0,4.0]}}}