{"textures":{"0":"modelengine:entity/pudgelin"},"elements":[{"from":[8.0,1.3142858,6.285714],"to":[11.428572,9.314285,9.714286],"rotation":{"angle":0.0,"axis":"y","origin":[8.571428,8.742857,8.0]},"faces":{"east":{"uv":[12.5,5.0,13.5,8.0],"rotation":0,"texture":"#0","tintindex":0},"south":{"uv":[13.5,5.0,14.5,8.0],"rotation":0,"texture":"#0","tintindex":0},"north":{"uv":[11.5,5.0,12.5,8.0],"rotation":0,"texture":"#0","tintindex":0},"west":{"uv":[14.5,5.0,15.5,8.0],"rotation":0,"texture":"#0","tintindex":0},"up":{"uv":[12.5,4.0,13.5,5.0],"rotation":0,"texture":"#0","tintindex":0},"down":{"uv":[13.5,4.0,14.5,5.0],"rotation":0,"texture":"#0","tintindex":0}}}],"display":{"head":{"translation":[0.0,-6.4,0.0],"scale":[4.0,4.0,4.0]}}}