{
	"credit": "Made with Blockbench",
	"texture_size": [32, 32],
	"textures": {
		"1": "item/pets/zoo/bat"
	},
	"elements": [
		{
			"name": "Head",
			"from": [6, 7, 7],
			"to": [10, 10, 9],
			"rotation": {"angle": 0, "axis": "y", "origin": [8, 0, 8]},
			"faces": {
				"north": {"uv": [1, 4.5, 3, 6], "texture": "#1"},
				"east": {"uv": [0, 4.5, 1, 6], "texture": "#1"},
				"south": {"uv": [4, 4.5, 6, 6], "texture": "#1"},
				"west": {"uv": [3, 4.5, 4, 6], "texture": "#1"},
				"up": {"uv": [3, 4.5, 1, 3.5], "texture": "#1"},
				"down": {"uv": [5, 3.5, 3, 4.5], "texture": "#1"}
			}
		},
		{
			"name": "rightEar",
			"from": [9, 8, 8],
			"to": [12, 13, 8],
			"rotation": {"angle": 0, "axis": "y", "origin": [8, 0, 8]},
			"faces": {
				"north": {"uv": [0.5, 7.5, 2, 10], "texture": "#1"},
				"east": {"uv": [0.5, 7.5, 0.5, 10], "texture": "#1"},
				"south": {"uv": [2, 7.5, 3.5, 10], "texture": "#1"},
				"west": {"uv": [2, 7.5, 2, 10], "texture": "#1"},
				"up": {"uv": [2, 7.5, 0.5, 7.5], "texture": "#1"},
				"down": {"uv": [3.5, 7.5, 2, 7.5], "texture": "#1"}
			}
		},
		{
			"name": "leftEar",
			"from": [4, 8, 8],
			"to": [7, 13, 8],
			"rotation": {"angle": 0, "axis": "y", "origin": [8, 0, 8]},
			"faces": {
				"north": {"uv": [4, 7.5, 5.5, 10], "texture": "#1"},
				"east": {"uv": [4, 7.5, 4, 10], "texture": "#1"},
				"south": {"uv": [5.5, 7.5, 7, 10], "texture": "#1"},
				"west": {"uv": [5.5, 7.5, 5.5, 10], "texture": "#1"},
				"up": {"uv": [5.5, 7.5, 4, 7.5], "texture": "#1"},
				"down": {"uv": [7, 7.5, 5.5, 7.5], "texture": "#1"}
			}
		},
		{
			"name": "body",
			"from": [6.5, 2, 7],
			"to": [9.5, 7, 9],
			"rotation": {"angle": 0, "axis": "y", "origin": [8, 0, 8]},
			"faces": {
				"north": {"uv": [1, 1, 2.5, 3.5], "texture": "#1"},
				"east": {"uv": [0, 1, 1, 3.5], "texture": "#1"},
				"south": {"uv": [3.5, 1, 5, 3.5], "texture": "#1"},
				"west": {"uv": [2.5, 1, 3.5, 3.5], "texture": "#1"},
				"up": {"uv": [2.5, 1, 1, 0], "texture": "#1"},
				"down": {"uv": [4, 0, 2.5, 1], "texture": "#1"}
			}
		},
		{
			"name": "feet",
			"from": [6.5, 0, 8],
			"to": [9.5, 2, 8],
			"rotation": {"angle": 0, "axis": "y", "origin": [8, 0, 8]},
			"faces": {
				"north": {"uv": [8, 8, 9.5, 9], "texture": "#1"},
				"east": {"uv": [8, 8, 8, 9], "texture": "#1"},
				"south": {"uv": [9.5, 8, 11, 9], "texture": "#1"},
				"west": {"uv": [9.5, 8, 9.5, 9], "texture": "#1"},
				"up": {"uv": [9.5, 8, 8, 8], "texture": "#1"},
				"down": {"uv": [11, 8, 9.5, 8], "texture": "#1"}
			}
		},
		{
			"name": "rightWing",
			"from": [9.5, 2, 8],
			"to": [11.5, 9, 8],
			"rotation": {"angle": 0, "axis": "y", "origin": [8, 0, 8]},
			"faces": {
				"north": {"uv": [6, 0, 7, 3.5], "texture": "#1"},
				"east": {"uv": [6, 0, 6, 3.5], "texture": "#1"},
				"south": {"uv": [7, 0, 8, 3.5], "texture": "#1"},
				"west": {"uv": [7, 0, 7, 3.5], "texture": "#1"},
				"up": {"uv": [7, 0, 6, 0], "texture": "#1"},
				"down": {"uv": [8, 0, 7, 0], "texture": "#1"}
			}
		},
		{
			"name": "rightWingTip",
			"from": [11.5, 1, 8],
			"to": [17.5, 9, 8],
			"rotation": {"angle": 0, "axis": "y", "origin": [8, 0, 8]},
			"faces": {
				"north": {"uv": [8, 0, 11, 4], "texture": "#1"},
				"east": {"uv": [8, 0, 8, 4], "texture": "#1"},
				"south": {"uv": [11, 0, 14, 4], "texture": "#1"},
				"west": {"uv": [11, 0, 11, 4], "texture": "#1"},
				"up": {"uv": [11, 0, 8, 0], "texture": "#1"},
				"down": {"uv": [14, 0, 11, 0], "texture": "#1"}
			}
		},
		{
			"name": "leftWing",
			"from": [4.5, 2, 8],
			"to": [6.5, 9, 8],
			"rotation": {"angle": 0, "axis": "y", "origin": [8, 0, 8]},
			"faces": {
				"north": {"uv": [6, 3.5, 7, 7], "texture": "#1"},
				"east": {"uv": [6, 3.5, 6, 7], "texture": "#1"},
				"south": {"uv": [7, 3.5, 8, 7], "texture": "#1"},
				"west": {"uv": [7, 3.5, 7, 7], "texture": "#1"},
				"up": {"uv": [7, 3.5, 6, 3.5], "texture": "#1"},
				"down": {"uv": [8, 3.5, 7, 3.5], "texture": "#1"}
			}
		},
		{
			"name": "leftWingTip",
			"from": [-1.5, 1, 8],
			"to": [4.5, 9, 8],
			"rotation": {"angle": 0, "axis": "y", "origin": [8, 0, 8]},
			"faces": {
				"north": {"uv": [8, 4, 11, 8], "texture": "#1"},
				"east": {"uv": [8, 4, 8, 8], "texture": "#1"},
				"south": {"uv": [11, 4, 14, 8], "texture": "#1"},
				"west": {"uv": [11, 4, 11, 8], "texture": "#1"},
				"up": {"uv": [11, 4, 8, 4], "texture": "#1"},
				"down": {"uv": [14, 4, 11, 4], "texture": "#1"}
			}
		}
	],
	"display": {
		"thirdperson_righthand": {
			"translation": [0, 0, -0.5],
			"scale": [0.75, 0.75, 0.75]
		},
		"firstperson_righthand": {
			"translation": [0, 2.5, 0],
			"scale": [0.9, 0.9, 0.9]
		},
		"ground": {
			"translation": [0, 2.75, 0],
			"scale": [0.75, 0.75, 0.75]
		},
		"gui": {
			"rotation": [30, -150, 0],
			"translation": [0, 1.5, 0],
			"scale": [1.5, 1.5, 1.5]
		}
	},
	"groups": [
		{
			"name": "Head",
			"origin": [8, 7, 8],
			"color": 0,
			"children": [
				0,
				{
					"name": "rightEar",
					"origin": [9.5, 9, 8],
					"color": 0,
					"children": [1]
				},
				{
					"name": "leftEar",
					"origin": [6.9, 10, 8],
					"color": 0,
					"children": [2]
				}
			]
		},
		{
			"name": "body",
			"origin": [8, 7, 8],
			"color": 0,
			"children": [
				3,
				{
					"name": "feet",
					"origin": [8, 2, 8],
					"color": 0,
					"children": [4]
				},
				{
					"name": "rightWing",
					"origin": [9.5, 7, 8],
					"color": 0,
					"children": [
						5,
						{
							"name": "rightWingTip",
							"origin": [11.5, 7, 8],
							"color": 0,
							"children": [6]
						}
					]
				},
				{
					"name": "leftWing",
					"origin": [6.5, 7, 8],
					"color": 0,
					"children": [
						7,
						{
							"name": "leftWingTip",
							"origin": [4.5, 7, 8],
							"color": 0,
							"children": [8]
						}
					]
				}
			]
		}
	]
}