{"textures":{"0":"modelengine:entity/bee_amethyst","1":"modelengine:entity/amethyst"},"elements":[{"from":[5.168,8.0,4.199],"to":[10.832,13.664,4.199],"faces":{"east":{"uv":[4.0,0.0,0.0,3.0],"tintindex":0,"rotation":0,"texture":"#0"},"south":{"uv":[3.0,6.0,0.0,9.0],"tintindex":0,"rotation":0,"texture":"#0"},"north":{"uv":[16.0,10.0,10.0,16.0],"tintindex":0,"rotation":0,"texture":"#0"},"west":{"uv":[4.0,3.0,0.0,6.0],"tintindex":0,"rotation":0,"texture":"#0"},"up":{"uv":[7.0,0.0,4.0,4.0],"tintindex":0,"rotation":0,"texture":"#0"},"down":{"uv":[7.0,8.0,4.0,4.0],"tintindex":0,"rotation":0,"texture":"#0"}}},{"from":[5.168,8.0,4.224],"to":[10.832,13.664,11.776],"faces":{"east":{"uv":[15.125,5.0,0.0,16.0],"tintindex":0,"rotation":0,"texture":"#1"},"south":{"uv":[16.0,0.0,4.0,11.0],"tintindex":0,"rotation":0,"texture":"#1"},"north":{"uv":[16.0,0.0,4.0,11.0],"tintindex":0,"rotation":0,"texture":"#1"},"west":{"uv":[15.125,5.0,0.0,16.0],"tintindex":0,"rotation":0,"texture":"#1"},"up":{"uv":[12.0,0.0,0.0,16.0],"tintindex":0,"rotation":0,"texture":"#1"},"down":{"uv":[12.0,0.0,0.0,16.0],"tintindex":0,"rotation":0,"texture":"#1"}}}],"display":{"gui":{"rotation":[30,225,0]}}}