{
	"credit": "Made with Blockbench",
	"textures": {
		"3": "block/chain",
		"4": "block/reinforced_deepslate_top",
		"particle": "block/reinforced_deepslate_top"
	},
	"elements": [
		{
			"from": [0, 0, 7],
			"to": [16, 12, 9],
			"faces": {
				"north": {"uv": [0, 2, 16, 14], "texture": "#4"},
				"east": {"uv": [2, 0, 14, 2], "rotation": 90, "texture": "#4"},
				"south": {"uv": [0, 2, 16, 14], "texture": "#4"},
				"west": {"uv": [2, 0, 14, 2], "rotation": 90, "texture": "#4"},
				"up": {"uv": [0, 0, 16, 2], "texture": "#4"},
				"down": {"uv": [0, 0, 16, 2], "texture": "#4"}
			}
		},
		{
			"from": [-4.25, 12, 8],
			"to": [-2.25, 20, 8],
			"rotation": {"angle": 45, "axis": "y", "origin": [0, 0, 0]},
			"faces": {
				"north": {"uv": [0, 0, 3, 16], "texture": "#3"},
				"east": {"uv": [0, 0, 0, 8], "texture": "#3"},
				"south": {"uv": [0, 0, 3, 16], "texture": "#3"},
				"west": {"uv": [0, 0, 0, 8], "texture": "#3"},
				"up": {"uv": [0, 0, 2, 0], "texture": "#3"},
				"down": {"uv": [0, 0, 2, 0], "texture": "#3"}
			}
		},
		{
			"from": [-3.25, 12, 7],
			"to": [-3.25, 20, 9],
			"rotation": {"angle": 45, "axis": "y", "origin": [0, 0, 0]},
			"faces": {
				"north": {"uv": [0, 0, 0, 8], "texture": "#3"},
				"east": {"uv": [3, 0, 6, 16], "texture": "#3"},
				"south": {"uv": [0, 0, 0, 8], "texture": "#3"},
				"west": {"uv": [3, 0, 6, 16], "texture": "#3"},
				"up": {"uv": [0, 0, 2, 0], "rotation": 90, "texture": "#3"},
				"down": {"uv": [0, 0, 2, 0], "rotation": 270, "texture": "#3"}
			}
		},
		{
			"from": [3.25, 12, 13.5],
			"to": [3.25, 20, 15.5],
			"rotation": {"angle": 45, "axis": "y", "origin": [0, 0, 0]},
			"faces": {
				"north": {"uv": [0, 0, 0, 8], "texture": "#3"},
				"east": {"uv": [3, 0, 6, 16], "texture": "#3"},
				"south": {"uv": [0, 0, 0, 8], "texture": "#3"},
				"west": {"uv": [3, 0, 6, 16], "texture": "#3"},
				"up": {"uv": [0, 0, 2, 0], "rotation": 90, "texture": "#3"},
				"down": {"uv": [0, 0, 2, 0], "rotation": 270, "texture": "#3"}
			}
		},
		{
			"from": [2.25, 12, 14.5],
			"to": [4.25, 20, 14.5],
			"rotation": {"angle": 45, "axis": "y", "origin": [0, 0, 0]},
			"faces": {
				"north": {"uv": [0, 0, 3, 16], "texture": "#3"},
				"east": {"uv": [0, 0, 0, 8], "texture": "#3"},
				"south": {"uv": [0, 0, 3, 16], "texture": "#3"},
				"west": {"uv": [0, 0, 0, 8], "texture": "#3"},
				"up": {"uv": [0, 0, 2, 0], "texture": "#3"},
				"down": {"uv": [0, 0, 2, 0], "texture": "#3"}
			}
		}
	]
}