{"textures":{"1":"modelengine:entity/bee_breeze"},"elements":[{"from":[8.0,7.764,5.168],"to":[13.6640005,8.236,10.832],"faces":{"east":{"uv":[9.0,9.25,12.0,9.5],"tintindex":0,"rotation":0,"texture":"#1"},"south":{"uv":[6.0,9.0,9.0,9.25],"tintindex":0,"rotation":0,"texture":"#1"},"north":{"uv":[6.0,9.25,9.0,9.5],"tintindex":0,"rotation":0,"texture":"#1"},"west":{"uv":[9.0,9.0,12.0,9.25],"tintindex":0,"rotation":0,"texture":"#1"},"up":{"uv":[7.0,3.0,10.0,6.0],"tintindex":0,"rotation":0,"texture":"#1"},"down":{"uv":[7.0,9.0,10.0,6.0],"tintindex":0,"rotation":0,"texture":"#1"}}}],"display":{"gui":{"rotation":[30,225,0]}}}