{
	"parent": "item/handheld",
	"textures": {
		"layer0": "item/bowl/1"
	},
	
	"overrides": [
		{"predicate": {"custom_model_data":1}, "model": "item/bowl/1"},
		{"predicate": {"custom_model_data":2}, "model": "item/bowl/2"},
		{"predicate": {"custom_model_data":3}, "model": "item/bowl/3"},
		{"predicate": {"custom_model_data":4}, "model": "item/bowl/4"},
		{"predicate": {"custom_model_data":5}, "model": "item/bowl/5"},
		{"predicate": {"custom_model_data":6}, "model": "item/bowl/6"},
		{"predicate": {"custom_model_data":7}, "model": "item/bowl/7"},
		{"predicate": {"custom_model_data":8}, "model": "item/bowl/8"},
		{"predicate": {"custom_model_data":9}, "model": "item/bowl/9"},
		{"predicate": {"custom_model_data":10}, "model": "item/bowl/10"},
		{"predicate": {"custom_model_data":11}, "model": "item/bowl/11"},
		{"predicate": {"custom_model_data":12}, "model": "item/bowl/12"},
		{"predicate": {"custom_model_data":13}, "model": "item/bowl/13"},
		{"predicate": {"custom_model_data":14}, "model": "item/bowl/14"},
		{"predicate": {"custom_model_data":15}, "model": "item/bowl/15"},
		{"predicate": {"custom_model_data":16}, "model": "item/bowl/16"},
		{"predicate": {"custom_model_data":17}, "model": "item/bowl/17"}

	]
}