{"textures":{"0":"modelengine:entity/snail"},"elements":[{"from":[7.75,3.2000008,14.7],"to":[9.25,4.700001,16.2],"faces":{"east":{"uv":[1.0,1.0,1.375,1.375],"tintindex":0,"rotation":0,"texture":"#0"},"south":{"uv":[1.0,1.0,1.375,1.375],"tintindex":0,"rotation":0,"texture":"#0"},"north":{"uv":[1.0,1.0,1.375,1.375],"tintindex":0,"rotation":0,"texture":"#0"},"west":{"uv":[1.0,1.0,1.375,1.375],"tintindex":0,"rotation":0,"texture":"#0"},"up":{"uv":[1.0,1.0,1.375,1.375],"tintindex":0,"rotation":0,"texture":"#0"},"down":{"uv":[1.0,1.0,1.375,1.375],"tintindex":0,"rotation":0,"texture":"#0"}}},{"from":[5.0,-3.3499994,15.0],"to":[6.0,3.6500006,16.0],"faces":{"east":{"uv":[1.0,1.5,1.25,3.25],"tintindex":0,"rotation":0,"texture":"#0"},"south":{"uv":[0.75,1.5,1.0,3.25],"tintindex":0,"rotation":0,"texture":"#0"},"north":{"uv":[1.0,1.5,1.25,3.25],"tintindex":0,"rotation":0,"texture":"#0"},"west":{"uv":[0.75,1.5,1.0,3.25],"tintindex":0,"rotation":0,"texture":"#0"},"up":{"uv":[0.0,0.0,0.25,0.25],"tintindex":0,"rotation":0,"texture":"#0"},"down":{"uv":[0.0,0.0,0.25,0.25],"tintindex":0,"rotation":0,"texture":"#0"}},"rotation":{"origin":[5.0,-3.3499994,15.0],"angle":-22.5,"axis":"z"}}],"display":{"gui":{"rotation":[30,225,0]}}}