{"textures":{"0":"modelengine:entity/snail"},"elements":[{"from":[3.5,7.0,-6.0],"to":[12.5,21.0,8.0],"faces":{"east":{"uv":[0.0,9.5,3.75,13.0],"tintindex":0,"rotation":0,"texture":"#0"},"south":{"uv":[9.25,9.5,11.5,13.0],"tintindex":0,"rotation":0,"texture":"#0"},"north":{"uv":[3.5,9.5,5.75,13.0],"tintindex":0,"rotation":0,"texture":"#0"},"west":{"uv":[5.75,9.5,9.25,13.0],"tintindex":0,"rotation":0,"texture":"#0"},"up":{"uv":[3.5,6.0,5.75,9.5],"tintindex":0,"rotation":0,"texture":"#0"},"down":{"uv":[5.75,6.0,8.0,9.5],"tintindex":0,"rotation":0,"texture":"#0"}}}],"display":{"gui":{"rotation":[30,225,0]}}}