{
	"credit": "Made with Blockbench",
	"textures": {
		"2": "block/green_terracotta",
		"particle": "block/green_terracotta"
	},
	"elements": [
		{
			"from": [5.1, 31, 6],
			"to": [11.1, 31.25, 9],
			"rotation": {"angle": 0, "axis": "x", "origin": [11.1, 30.8, 8]},
			"faces": {
				"north": {"uv": [0, 0, 6, 0.25], "texture": "#2"},
				"east": {"uv": [0, 0, 3, 0.25], "texture": "#2"},
				"south": {"uv": [0, 0, 6, 0.25], "texture": "#2"},
				"west": {"uv": [0, 0, 3, 0.25], "texture": "#2"},
				"up": {"uv": [0, 0, 6, 3], "texture": "#2"},
				"down": {"uv": [0, 0, 6, 3], "texture": "#2"}
			}
		},
		{
			"from": [10.95, 17.2, 6.1],
			"to": [11.2, 23.2, 8.9],
			"rotation": {"angle": -45, "axis": "z", "origin": [10.7, 17.2, 8]},
			"faces": {
				"north": {"uv": [0, 0, 6, 0.25], "rotation": 270, "texture": "#2"},
				"east": {"uv": [0, 0, 6, 2.8], "rotation": 90, "texture": "#2"},
				"south": {"uv": [0, 0, 6, 0.25], "rotation": 90, "texture": "#2"},
				"west": {"uv": [0, 0, 6, 2.8], "rotation": 90, "texture": "#2"},
				"up": {"uv": [0, 0, 2.8, 0.25], "rotation": 90, "texture": "#2"},
				"down": {"uv": [0, 0, 2.8, 0.25], "rotation": 90, "texture": "#2"}
			}
		},
		{
			"from": [4.9, 17.2, 6.1],
			"to": [5.15, 23.2, 8.9],
			"rotation": {"angle": 45, "axis": "z", "origin": [5.4, 17.2, 8]},
			"faces": {
				"north": {"uv": [0, 0, 6, 0.25], "rotation": 270, "texture": "#2"},
				"east": {"uv": [0, 0, 6, 2.8], "rotation": 90, "texture": "#2"},
				"south": {"uv": [0, 0, 6, 0.25], "rotation": 90, "texture": "#2"},
				"west": {"uv": [0, 0, 6, 2.8], "rotation": 90, "texture": "#2"},
				"up": {"uv": [0, 0, 2.8, 0.25], "rotation": 90, "texture": "#2"},
				"down": {"uv": [0, 0, 2.8, 0.25], "rotation": 90, "texture": "#2"}
			}
		},
		{
			"from": [15, 21.05, 6],
			"to": [15.25, 27.05, 9],
			"rotation": {"angle": 0, "axis": "x", "origin": [14.75, 17.05, 8]},
			"faces": {
				"north": {"uv": [0, 0, 6, 0.25], "rotation": 270, "texture": "#2"},
				"east": {"uv": [0, 0, 6, 3], "rotation": 90, "texture": "#2"},
				"south": {"uv": [0, 0, 6, 0.25], "rotation": 90, "texture": "#2"},
				"west": {"uv": [0, 0, 6, 3], "rotation": 90, "texture": "#2"},
				"up": {"uv": [0, 0, 3, 0.25], "rotation": 90, "texture": "#2"},
				"down": {"uv": [0, 0, 3, 0.25], "rotation": 90, "texture": "#2"}
			}
		},
		{
			"from": [0.85, 21.05, 6],
			"to": [1.1, 27.05, 9],
			"rotation": {"angle": 0, "axis": "x", "origin": [1.35, 17.05, 8]},
			"faces": {
				"north": {"uv": [0, 0, 6, 0.25], "rotation": 90, "texture": "#2"},
				"east": {"uv": [0, 0, 6, 3], "rotation": 270, "texture": "#2"},
				"south": {"uv": [0, 0, 6, 0.25], "rotation": 270, "texture": "#2"},
				"west": {"uv": [0, 0, 6, 3], "rotation": 270, "texture": "#2"},
				"up": {"uv": [0, 0, 3, 0.25], "rotation": 270, "texture": "#2"},
				"down": {"uv": [0, 0, 3, 0.25], "rotation": 270, "texture": "#2"}
			}
		},
		{
			"from": [5.1, 16.8, 6],
			"to": [11.1, 17.05, 9],
			"rotation": {"angle": 0, "axis": "x", "origin": [11.1, 17.3, 8]},
			"faces": {
				"north": {"uv": [0, 0, 6, 0.25], "texture": "#2"},
				"east": {"uv": [0, 0, 3, 0.25], "texture": "#2"},
				"south": {"uv": [0, 0, 6, 0.25], "texture": "#2"},
				"west": {"uv": [0, 0, 3, 0.25], "texture": "#2"},
				"up": {"uv": [0, 0, 6, 3], "texture": "#2"},
				"down": {"uv": [0, 0, 6, 3], "texture": "#2"}
			}
		},
		{
			"from": [10.7, 31.15, 6.1],
			"to": [16.7, 31.4, 8.9],
			"rotation": {"angle": -45, "axis": "z", "origin": [10.7, 30.9, 8]},
			"faces": {
				"north": {"uv": [0, 0, 6, 0.25], "rotation": 180, "texture": "#2"},
				"east": {"uv": [0, 0, 2.8, 0.25], "rotation": 180, "texture": "#2"},
				"south": {"uv": [0, 0, 6, 0.25], "rotation": 180, "texture": "#2"},
				"west": {"uv": [0, 0, 2.8, 0.25], "rotation": 180, "texture": "#2"},
				"up": {"uv": [0, 0, 6, 2.8], "rotation": 180, "texture": "#2"},
				"down": {"uv": [0, 0, 6, 2.8], "rotation": 180, "texture": "#2"}
			}
		},
		{
			"from": [5, 24.9, 6.1],
			"to": [5.25, 30.9, 8.9],
			"rotation": {"angle": -45, "axis": "z", "origin": [5.5, 30.9, 8]},
			"faces": {
				"north": {"uv": [0, 0, 6, 0.25], "rotation": 90, "texture": "#2"},
				"east": {"uv": [0, 0, 6, 2.8], "rotation": 270, "texture": "#2"},
				"south": {"uv": [0, 0, 6, 0.25], "rotation": 270, "texture": "#2"},
				"west": {"uv": [0, 0, 6, 2.8], "rotation": 270, "texture": "#2"},
				"up": {"uv": [0, 0, 2.8, 0.25], "rotation": 270, "texture": "#2"},
				"down": {"uv": [0, 0, 2.8, 0.25], "rotation": 270, "texture": "#2"}
			}
		}
	],
	"display": {
		"thirdperson_righthand": {
			"translation": [0, 32.75, 2.5],
			"scale": [1.68, 1.68, 1.68]
		},
		"thirdperson_lefthand": {
			"rotation": [68.22, 0.33, 24.75],
			"translation": [-6.25, -6.5, 10.5],
			"scale": [0.41, 0.41, 0.41]
		},
		"firstperson_righthand": {
			"rotation": [-25, 0, 0],
			"scale": [0.41, 0.41, 0.41]
		},
		"ground": {
			"translation": [0, 0.5, 0]
		},
		"gui": {
			"rotation": [34.51, -24.76, 16.08],
			"scale": [0.37, 0.37, 0.37]
		},
		"head": {
			"translation": [0, -1.5, 0]
		}
	},
	"groups": [
		{
			"name": "group",
			"origin": [8, 8, 8],
			"color": 0,
			"children": [0, 1, 2, 3, 4, 5, 6, 7]
		},
		{
			"name": "group",
			"origin": [8, 8, 8],
			"color": 0,
			"children": []
		}
	]
}