{
	"credit": "Made with Blockbench",
	"textures": {
		"1": "block/stone_bricks",
		"2": "block/quartz_bricks",
		"3": "block/toxic",
		"particle": "block/quartz_bricks"
	},
	"elements": [
		{
			"from": [7, -16, 7.1],
			"to": [9, 17, 8.8],
			"rotation": {"angle": 0, "axis": "y", "origin": [7, -3, 7]},
			"faces": {
				"north": {"uv": [0, 0, 2, 16], "texture": "#1"},
				"east": {"uv": [0, 0, 1.7, 16], "texture": "#1"},
				"south": {"uv": [0, 0, 2, 16], "texture": "#1"},
				"west": {"uv": [0, 0, 1.7, 16], "texture": "#1"},
				"up": {"uv": [0, 0, 2, 1.7], "texture": "#1"},
				"down": {"uv": [0, 0, 2, 1.7], "texture": "#1"}
			}
		},
		{
			"from": [5.1, 30.25, 7],
			"to": [11.1, 31.25, 9],
			"rotation": {"angle": 0, "axis": "y", "origin": [11.1, 30.8, 8]},
			"faces": {
				"north": {"uv": [0, 0, 6, 1], "texture": "#2"},
				"east": {"uv": [0, 0, 2, 1], "texture": "#2"},
				"south": {"uv": [0, 0, 6, 1], "texture": "#2"},
				"west": {"uv": [0, 0, 2, 1], "texture": "#2"},
				"up": {"uv": [0, 0, 6, 2], "texture": "#2"},
				"down": {"uv": [0, 0, 6, 2], "texture": "#2"}
			}
		},
		{
			"from": [10.2, 17.2, 7.1],
			"to": [11.2, 23.2, 8.9],
			"rotation": {"angle": -45, "axis": "z", "origin": [10.7, 17.2, 8]},
			"faces": {
				"north": {"uv": [0, 0, 6, 1], "rotation": 270, "texture": "#2"},
				"east": {"uv": [0, 0, 6, 1.8], "rotation": 90, "texture": "#2"},
				"south": {"uv": [0, 0, 6, 1], "rotation": 90, "texture": "#2"},
				"west": {"uv": [0, 0, 6, 1.8], "rotation": 90, "texture": "#2"},
				"up": {"uv": [0, 0, 1.8, 1], "rotation": 90, "texture": "#2"},
				"down": {"uv": [0, 0, 1.8, 1], "rotation": 90, "texture": "#2"}
			}
		},
		{
			"from": [4.9, 17.2, 7.1],
			"to": [5.9, 23.2, 8.9],
			"rotation": {"angle": 45, "axis": "z", "origin": [5.4, 17.2, 8]},
			"faces": {
				"north": {"uv": [0, 0, 6, 1], "rotation": 270, "texture": "#2"},
				"east": {"uv": [0, 0, 6, 1.8], "rotation": 90, "texture": "#2"},
				"south": {"uv": [0, 0, 6, 1], "rotation": 90, "texture": "#2"},
				"west": {"uv": [0, 0, 6, 1.8], "rotation": 90, "texture": "#2"},
				"up": {"uv": [0, 0, 1.8, 1], "rotation": 90, "texture": "#2"},
				"down": {"uv": [0, 0, 1.8, 1], "rotation": 90, "texture": "#2"}
			}
		},
		{
			"from": [14.25, 21.05, 7],
			"to": [15.25, 27.05, 9],
			"rotation": {"angle": 0, "axis": "z", "origin": [14.75, 17.05, 8]},
			"faces": {
				"north": {"uv": [0, 0, 6, 1], "rotation": 270, "texture": "#2"},
				"east": {"uv": [0, 0, 6, 2], "rotation": 90, "texture": "#2"},
				"south": {"uv": [0, 0, 6, 1], "rotation": 90, "texture": "#2"},
				"west": {"uv": [0, 0, 6, 2], "rotation": 90, "texture": "#2"},
				"up": {"uv": [0, 0, 2, 1], "rotation": 90, "texture": "#2"},
				"down": {"uv": [0, 0, 2, 1], "rotation": 90, "texture": "#2"}
			}
		},
		{
			"from": [0.85, 21.05, 7],
			"to": [1.85, 27.05, 9],
			"rotation": {"angle": 0, "axis": "z", "origin": [1.35, 17.05, 8]},
			"faces": {
				"north": {"uv": [0, 0, 6, 1], "rotation": 90, "texture": "#2"},
				"east": {"uv": [0, 0, 6, 2], "rotation": 270, "texture": "#2"},
				"south": {"uv": [0, 0, 6, 1], "rotation": 270, "texture": "#2"},
				"west": {"uv": [0, 0, 6, 2], "rotation": 270, "texture": "#2"},
				"up": {"uv": [0, 0, 2, 1], "rotation": 270, "texture": "#2"},
				"down": {"uv": [0, 0, 2, 1], "rotation": 270, "texture": "#2"}
			}
		},
		{
			"from": [5.1, 16.8, 7],
			"to": [11.1, 17.8, 9],
			"rotation": {"angle": 0, "axis": "z", "origin": [11.1, 17.3, 8]},
			"faces": {
				"north": {"uv": [0, 0, 6, 1], "texture": "#2"},
				"east": {"uv": [0, 0, 2, 1], "texture": "#2"},
				"south": {"uv": [0, 0, 6, 1], "texture": "#2"},
				"west": {"uv": [0, 0, 2, 1], "texture": "#2"},
				"up": {"uv": [0, 0, 6, 2], "texture": "#2"},
				"down": {"uv": [0, 0, 6, 2], "texture": "#2"}
			}
		},
		{
			"from": [10.7, 30.4, 7.1],
			"to": [16.7, 31.4, 8.9],
			"rotation": {"angle": -45, "axis": "z", "origin": [10.7, 30.9, 8]},
			"faces": {
				"north": {"uv": [0, 0, 6, 1], "rotation": 180, "texture": "#2"},
				"east": {"uv": [0, 0, 1.8, 1], "rotation": 180, "texture": "#2"},
				"south": {"uv": [0, 0, 6, 1], "rotation": 180, "texture": "#2"},
				"west": {"uv": [0, 0, 1.8, 1], "rotation": 180, "texture": "#2"},
				"up": {"uv": [0, 0, 6, 1.8], "rotation": 180, "texture": "#2"},
				"down": {"uv": [0, 0, 6, 1.8], "rotation": 180, "texture": "#2"}
			}
		},
		{
			"from": [5, 24.9, 7.1],
			"to": [6, 30.9, 8.9],
			"rotation": {"angle": -45, "axis": "z", "origin": [5.5, 30.9, 8]},
			"faces": {
				"north": {"uv": [0, 0, 6, 1], "rotation": 90, "texture": "#2"},
				"east": {"uv": [0, 0, 6, 1.8], "rotation": 270, "texture": "#2"},
				"south": {"uv": [0, 0, 6, 1], "rotation": 270, "texture": "#2"},
				"west": {"uv": [0, 0, 6, 1.8], "rotation": 270, "texture": "#2"},
				"up": {"uv": [0, 0, 1.8, 1], "rotation": 270, "texture": "#2"},
				"down": {"uv": [0, 0, 1.8, 1], "rotation": 270, "texture": "#2"}
			}
		},
		{
			"from": [1.8, 17.8, 8],
			"to": [14.3, 30.3, 8],
			"rotation": {"angle": 0, "axis": "y", "origin": [6.5, 19, 7]},
			"faces": {
				"north": {"uv": [0, 0, 16, 16], "texture": "#3"},
				"east": {"uv": [0, 0, 0, 14], "texture": "#3"},
				"south": {"uv": [0, 0, 16, 16], "texture": "#3"},
				"west": {"uv": [0, 0, 0, 14], "texture": "#3"},
				"up": {"uv": [0, 0, 15, 0], "texture": "#3"},
				"down": {"uv": [0, 0, 15, 0], "texture": "#3"}
			}
		}
	],
	"display": {
		"thirdperson_righthand": {
			"translation": [0, 32.75, 2.5],
			"scale": [1.68, 1.68, 1.68]
		},
		"firstperson_righthand": {
			"rotation": [-25, 0, 0],
			"scale": [0.41, 0.41, 0.41]
		},
		"ground": {
			"translation": [0, 0.5, 0]
		},
		"gui": {
			"rotation": [34.51, -24.76, 16.08],
			"scale": [0.37, 0.37, 0.37]
		},
		"head": {
			"translation": [0, -1.5, 0]
		}
	},
	"groups": [
		0,
		{
			"name": "group",
			"origin": [8, 8, 8],
			"color": 0,
			"children": [1, 2, 3, 4, 5, 6, 7, 8]
		},
		{
			"name": "group",
			"origin": [8, 8, 8],
			"color": 0,
			"children": [9]
		}
	]
}