{
	"credit": "Created by Matt The Banana",
	"textures": {
		"0": "hat_textures/horns_layer_1"
	},
	"elements": [
		{
			"name": "bone",
			"from": [13, 3, 4],
			"to": [13, 13, 14],
			"faces": {
				"east": {"uv": [8, 8, 0, 16], "texture": "#0"},
				"west": {"uv": [0, 8, 8, 16], "texture": "#0"},
				"up": {"uv": [8, 0, 16, 8], "texture": "#0"}
			}
		},
		{
			"name": "bone",
			"from": [3, 3, 4],
			"to": [3, 13, 14],
			"faces": {
				"east": {"uv": [8, 8, 0, 16], "texture": "#0"},
				"west": {"uv": [0, 8, 8, 16], "texture": "#0"},
				"up": {"uv": [8, 0, 16, 8], "texture": "#0"}
			}
		},
		{
			"name": "bone",
			"from": [3, 13, 4],
			"to": [13, 13, 14],
			"faces": {
				"east": {"uv": [8, 8, 0, 16], "texture": "#0"},
				"west": {"uv": [0, 8, 8, 16], "texture": "#0"},
				"up": {"uv": [8, 0, 16, 8], "texture": "#0"},
				"down": {"uv": [8, 8, 16, 0], "texture": "#0"}
			}
		},
		{
			"name": "bone",
			"from": [-7, 9, 9],
			"to": [3, 19, 9],
			"faces": {
				"north": {"uv": [0, 0, 8, 8], "texture": "#0"},
				"south": {"uv": [8, 0, 0, 8], "texture": "#0"}
			}
		},
		{
			"name": "bone",
			"from": [13, 9, 9],
			"to": [23, 19, 9],
			"faces": {
				"north": {"uv": [8, 0, 0, 8], "texture": "#0"},
				"south": {"uv": [0, 0, 8, 8], "texture": "#0"}
			}
		}
	],
	"display": {
		"thirdperson_righthand": {
			"translation": [0, 0.25, 0.5],
			"scale": [0.6, 0.6, 0.6]
		},
		"thirdperson_lefthand": {
			"translation": [0, 0.25, 0.5],
			"scale": [0.6, 0.6, 0.6]
		},
		"firstperson_righthand": {
			"translation": [0, 2.5, 0]
		},
		"firstperson_lefthand": {
			"translation": [0, 2.5, 0]
		},
		"head": {
			"scale": [1.6, 1.6, 1.6]
		}
	},
	"groups": [
		{
			"name": "bone",
			"origin": [-4, 0, -4],
			"color": 0,
			"children": [0, 1, 2, 3, 4]
		}
	]
}