{
	"credit": "Made with Blockbench",
	"texture_size": [64, 64],
	"textures": {
		"0": "hat_textures/santa",
		"particle": "hat_textures/santa"
	},
	"elements": [
		{
			"from": [0.00588, 0, 0.00588],
			"to": [16.00588, 4, 16.00588],
			"rotation": {"angle": 0, "axis": "y", "origin": [5.5, 8.50088, 8.00588]},
			"faces": {
				"north": {"uv": [4, 6, 8, 7], "texture": "#0"},
				"east": {"uv": [7, 0, 11, 1], "texture": "#0"},
				"south": {"uv": [7, 1, 11, 2], "texture": "#0"},
				"west": {"uv": [7, 2, 11, 3], "texture": "#0"},
				"up": {"uv": [4, 4, 0, 0], "texture": "#0"},
				"down": {"uv": [4, 4, 0, 8], "texture": "#0"}
			}
		},
		{
			"from": [2.00588, 4, 2.00588],
			"to": [14.00588, 8, 14.00588],
			"rotation": {"angle": 0, "axis": "y", "origin": [5.5, 8.50088, 8.00588]},
			"faces": {
				"north": {"uv": [7, 5, 10, 6], "texture": "#0"},
				"east": {"uv": [6, 7, 9, 8], "texture": "#0"},
				"south": {"uv": [0, 8, 3, 9], "texture": "#0"},
				"west": {"uv": [6, 8, 9, 9], "texture": "#0"},
				"up": {"uv": [7, 3, 4, 0], "texture": "#0"},
				"down": {"uv": [7, 3, 4, 6], "texture": "#0"}
			}
		},
		{
			"from": [3.31898, 5.54843, 4.00588],
			"to": [11.31898, 11.54843, 12.00588],
			"rotation": {"angle": 22.5, "axis": "z", "origin": [5.5, 8.50088, 8.00588]},
			"faces": {
				"north": {"uv": [0, 9, 2, 10.5], "texture": "#0"},
				"east": {"uv": [2, 9, 4, 10.5], "texture": "#0"},
				"south": {"uv": [9, 3, 11, 4.5], "texture": "#0"},
				"west": {"uv": [4, 9, 6, 10.5], "texture": "#0"},
				"up": {"uv": [9, 5, 7, 3], "texture": "#0"},
				"down": {"uv": [6, 7, 4, 9], "texture": "#0"}
			}
		},
		{
			"from": [6.19452, 9.85499, 6.00588],
			"to": [10.19452, 14.85499, 10.00588],
			"rotation": {"angle": 45, "axis": "z", "origin": [5.5, 8.50088, 8.00588]},
			"faces": {
				"north": {"uv": [9.75, 9.75, 10.75, 11], "texture": "#0"},
				"east": {"uv": [10, 4.5, 11, 5.75], "texture": "#0"},
				"south": {"uv": [10.25, 5.75, 11.25, 7], "texture": "#0"},
				"west": {"uv": [6, 10.25, 7, 11.5], "texture": "#0"},
				"up": {"uv": [4, 9, 3, 8], "texture": "#0"},
				"down": {"uv": [9, 6, 8, 7], "texture": "#0"}
			}
		},
		{
			"from": [-3.79809, 7.11534, 5.50588],
			"to": [1.20191, 12.11534, 10.50588],
			"rotation": {"angle": -22.5, "axis": "z", "origin": [5.5, 8.50088, 8.00588]},
			"faces": {
				"north": {"uv": [6, 9, 7.25, 10.25], "texture": "#0"},
				"east": {"uv": [9, 6, 10.25, 7.25], "texture": "#0"},
				"south": {"uv": [7.25, 9, 8.5, 10.25], "texture": "#0"},
				"west": {"uv": [9, 7.25, 10.25, 8.5], "texture": "#0"},
				"up": {"uv": [9.75, 10.25, 8.5, 9], "texture": "#0"},
				"down": {"uv": [11, 8.5, 9.75, 9.75], "texture": "#0"}
			}
		}
	],
	"display": {
		"thirdperson_righthand": {
			"rotation": [75, 45, 0],
			"translation": [0, 1.5, 2.75],
			"scale": [0.5, 0.5, 0.5]
		},
		"thirdperson_lefthand": {
			"rotation": [75, 45, 0],
			"translation": [0, 1.5, 2.75],
			"scale": [0.5, 0.5, 0.5]
		},
		"firstperson_righthand": {
			"rotation": [0, 225, 0],
			"translation": [0, 2.75, 0],
			"scale": [0.4, 0.4, 0.4]
		},
		"firstperson_lefthand": {
			"rotation": [0, 225, 0],
			"translation": [0, 2.75, 0],
			"scale": [0.4, 0.4, 0.4]
		},
		"ground": {
			"translation": [0, 3, 0],
			"scale": [0.5, 0.5, 0.5]
		},
		"gui": {
			"rotation": [30, 225, 0],
			"translation": [0, 0.75, 0],
			"scale": [0.5, 0.5, 0.5]
		},
		"head": {
			"translation": [0, 11.25, 0]
		},
		"fixed": {
			"rotation": [-90, 0, 0],
			"translation": [0, 0, -7]
		}
	}
}