{"textures":{"0":"modelengine:entity/enderman"},"elements":[{"from":[7.428571,-0.2857151,7.428571],"to":[8.571428,8.857143,8.571428],"rotation":{"angle":0.0,"axis":"y","origin":[8.0,4.285714,8.0]},"faces":{"east":{"uv":[14.0,0.25,14.5,2.125],"rotation":0,"texture":"#0","tintindex":0},"south":{"uv":[15.0,0.25,15.5,2.125],"rotation":0,"texture":"#0","tintindex":0},"north":{"uv":[15.5,0.25,16.0,2.125],"rotation":0,"texture":"#0","tintindex":0},"west":{"uv":[14.5,0.25,15.0,2.125],"rotation":0,"texture":"#0","tintindex":0},"up":{"uv":[15.0,0.0,15.5,0.25],"rotation":0,"texture":"#0","tintindex":0},"down":{"uv":[14.5,0.0,15.0,0.25],"rotation":0,"texture":"#0","tintindex":0}}}],"display":{"head":{"translation":[0.0,-6.4,0.0],"scale":[4.0,4.0,4.0]}}}