{
	"parent": "item/handheld",
	"textures": {
		"layer0": "item/candle"
	},
	
	"overrides": [
		{"predicate": {"custom_model_data":1}, "model": "item/brown_candle/1"},
		{"predicate": {"custom_model_data":2}, "model": "item/brown_candle/2"},
		{"predicate": {"custom_model_data":3}, "model": "item/brown_candle/3"},
		{"predicate": {"custom_model_data":4}, "model": "item/brown_candle/4"},
		{"predicate": {"custom_model_data":5}, "model": "item/brown_candle/5"},
		{"predicate": {"custom_model_data":6}, "model": "item/brown_candle/6"},
		{"predicate": {"custom_model_data":7}, "model": "item/brown_candle/7"},
		{"predicate": {"custom_model_data":8}, "model": "item/brown_candle/8"},
		{"predicate": {"custom_model_data":9}, "model": "item/brown_candle/9"},
		{"predicate": {"custom_model_data":10}, "model": "item/brown_candle/10"},
		{"predicate": {"custom_model_data":11}, "model": "item/brown_candle/11"},
		{"predicate": {"custom_model_data":12}, "model": "item/brown_candle/12"},
		{"predicate": {"custom_model_data":13}, "model": "item/brown_candle/13"},
		{"predicate": {"custom_model_data":14}, "model": "item/brown_candle/14"},
		{"predicate": {"custom_model_data":15}, "model": "item/brown_candle/15"},
		{"predicate": {"custom_model_data":16}, "model": "item/brown_candle/16"},
		{"predicate": {"custom_model_data":17}, "model": "item/brown_candle/17"},
		{"predicate": {"custom_model_data":18}, "model": "item/brown_candle/18"},
		{"predicate": {"custom_model_data":19}, "model": "item/brown_candle/19"},
		{"predicate": {"custom_model_data":20}, "model": "item/brown_candle/20"},
		{"predicate": {"custom_model_data":21}, "model": "item/brown_candle/21"},
		{"predicate": {"custom_model_data":22}, "model": "item/brown_candle/22"},
		{"predicate": {"custom_model_data":23}, "model": "item/brown_candle/23"},
		{"predicate": {"custom_model_data":24}, "model": "item/brown_candle/24"},
		{"predicate": {"custom_model_data":25}, "model": "item/brown_candle/25"},
		{"predicate": {"custom_model_data":26}, "model": "item/brown_candle/26"},
		{"predicate": {"custom_model_data":27}, "model": "item/brown_candle/27"},
		{"predicate": {"custom_model_data":28}, "model": "item/brown_candle/28"},
		{"predicate": {"custom_model_data":29}, "model": "item/brown_candle/29"},
		{"predicate": {"custom_model_data":30}, "model": "item/brown_candle/30"},
		{"predicate": {"custom_model_data":31}, "model": "item/brown_candle/31"},
		{"predicate": {"custom_model_data":32}, "model": "item/brown_candle/32"},
		{"predicate": {"custom_model_data":33}, "model": "item/brown_candle/33"}

	]
}