{
	"credit": "Made with Blockbench",
	"textures": {
		"0": "block/chiseled_quartz_block",
		"2": "block/light_blue_wool",
		"particle": "block/chiseled_quartz_block"
	},
	"elements": [
		{
			"from": [4, 0, 5],
			"to": [12, 5, 11],
			"faces": {
				"north": {"uv": [4, 5, 12, 10], "texture": "#0"},
				"east": {"uv": [5, 5, 11, 10], "texture": "#0"},
				"south": {"uv": [4, 5, 12, 10], "texture": "#0"},
				"west": {"uv": [5, 5, 11, 10], "texture": "#0"},
				"up": {"uv": [4, 5, 12, 11], "texture": "#0"},
				"down": {"uv": [4, 5, 12, 11], "texture": "#0"}
			}
		},
		{
			"from": [5.5, 5, 5.5],
			"to": [10.5, 6, 10.5],
			"faces": {
				"north": {"uv": [0, 0, 5, 1], "texture": "#2"},
				"east": {"uv": [0, 0, 5, 1], "texture": "#2"},
				"south": {"uv": [0, 0, 5, 1], "texture": "#2"},
				"west": {"uv": [0, 0, 5, 1], "texture": "#2"},
				"up": {"uv": [0, 0, 5, 5], "texture": "#2"},
				"down": {"uv": [0, 0, 5, 5], "texture": "#2"}
			}
		},
		{
			"from": [5, 6, 5],
			"to": [11, 7, 11],
			"faces": {
				"north": {"uv": [5, 10, 11, 11], "texture": "#0"},
				"east": {"uv": [5, 5, 11, 6], "texture": "#0"},
				"south": {"uv": [5, 10, 11, 11], "texture": "#0"},
				"west": {"uv": [5, 5, 11, 6], "texture": "#0"},
				"up": {"uv": [5, 5, 11, 11], "texture": "#0"},
				"down": {"uv": [5, 5, 11, 11], "texture": "#0"}
			}
		}
	],
	"display": {
		"thirdperson_righthand": {
			"translation": [0, 4.75, 0]
		},
		"firstperson_righthand": {
			"translation": [0, 8.25, 0]
		},
		"firstperson_lefthand": {
			"translation": [0, 8.25, 0]
		},
		"gui": {
			"rotation": [30, 30, 0],
			"translation": [0, 5.75, 0],
			"scale": [1.39, 1.39, 1.39]
		},
		"head": {
			"translation": [0, -4.5, 6.25],
			"scale": [1.31, 1.31, 1.31]
		},
		"fixed": {
			"translation": [0, 4.75, 0]
		}
	}
}