{
	"credit": "Made with Blockbench",
	"textures": {
		"0": "block/flowergrass",
		"1": "block/redflower2",
		"particle": "block/flowergrass"
	},
	"elements": [
		{
			"from": [0, 16, 0],
			"to": [16, 24, 16],
			"faces": {
				"north": {"uv": [0, 8, 16, 16], "texture": "#0"},
				"east": {"uv": [0, 8, 16, 16], "texture": "#0"},
				"south": {"uv": [0, 8, 16, 16], "texture": "#0"},
				"west": {"uv": [0, 8, 16, 16], "texture": "#0"},
				"up": {"uv": [0, 0, 16, 16], "texture": "#1"},
				"down": {"uv": [0, 0, 16, 16], "texture": "#0"}
			}
		}
	]
}