{"textures":{"0":"modelengine:entity/inferno"},"elements":[{"from":[0.13121319,-0.6180382,4.5714283],"to":[0.70264196,16.524818,11.428572],"rotation":{"angle":-22.5,"axis":"z","origin":[0.41692734,7.9533906,8.0]},"faces":{"east":{"uv":[3.25,8.25,6.25,16.0],"rotation":0,"texture":"#0","tintindex":0},"south":{"uv":[3.0,8.25,3.25,16.0],"rotation":0,"texture":"#0","tintindex":0},"north":{"uv":[3.0,8.25,3.25,16.0],"rotation":0,"texture":"#0","tintindex":0},"west":{"uv":[0.0,8.25,3.0,16.0],"rotation":0,"texture":"#0","tintindex":0},"up":{"uv":[1.75,7.75,4.75,8.0],"rotation":90,"texture":"#0","tintindex":0},"down":{"uv":[0.0,7.25,3.0,7.5],"rotation":90,"texture":"#0","tintindex":0}}}],"display":{"head":{"translation":[0.0,-6.4,0.0],"scale":[4.0,4.0,4.0]}}}