{
    "providers": [
        {"type": "bitmap", "file": "minecraft:guis/pixel.png","ascent": -2000,"height": -3,"chars": ["七"]},
        {"type": "bitmap", "file": "minecraft:guis/shop.png","ascent": 20,"height": 135,"chars": ["ㇺ"]},
        {"type": "bitmap", "file": "minecraft:guis/anvil.png","ascent": 20,"height": 135,"chars": ["🥾"]},
        {"type": "bitmap", "file": "minecraft:guis/enchant.png","ascent": 20,"height": 135,"chars": ["🉐"]},
        {"type": "bitmap", "file": "minecraft:guis/warps.png","ascent": 20,"height": 135,"chars": ["🈲"]},
        {"type": "bitmap", "file": "minecraft:guis/pets.png","ascent": 20,"height": 135,"chars": ["🈺"]},
        {"type": "bitmap", "file": "minecraft:guis/fuse.png","ascent": 20,"height": 135,"chars": ["🈵"]},
        {"type": "bitmap", "file": "minecraft:guis/mines.png","ascent": 20,"height": 135,"chars": ["🕯"]},
        {"type": "bitmap", "file": "minecraft:guis/armor.png","ascent": 20,"height": 135,"chars": ["💈"]},
        {"type": "bitmap", "file": "minecraft:guis/keys.png","ascent": 20,"height": 135,"chars": ["🐚"]},
        {"type": "bitmap", "file": "minecraft:guis/level.png","ascent": 20,"height": 135,"chars": ["🌡"]},
        {"type": "bitmap", "file": "minecraft:guis/merchant.png","ascent": 20,"height": 135,"chars": ["📞"]},
        {"type": "bitmap", "file": "minecraft:guis/quests.png","ascent": 20,"height": 135,"chars": ["📅"]},
        {"type": "bitmap", "file": "minecraft:guis/enchant0.png","ascent": 20,"height": 135,"chars": ["膅"]},
        {"type": "bitmap", "file": "minecraft:guis/enchant1.png","ascent": 20,"height": 135,"chars": ["䐟"]},
        {"type": "bitmap", "file": "minecraft:guis/enchant2.png","ascent": 20,"height": 135,"chars": ["鑫"]},
        {"type": "bitmap", "file": "minecraft:guis/enchant3.png","ascent": 20,"height": 135,"chars": ["歄"]},
        {"type": "bitmap", "file": "minecraft:guis/eggs.png","ascent": 20,"height": 135,"chars": ["橙"]},
        {"type": "bitmap", "file": "minecraft:guis/rebirth.png","ascent": 20,"height": 135,"chars": ["ℒ"]}

    ]
}