{
	"parent": "item/handheld",
	"textures": {
		"layer0": "item/snowball"
	},
	
	"overrides": [
		{"predicate": {"custom_model_data":1}, "model": "item/snowball/1"},
		{"predicate": {"custom_model_data":2}, "model": "item/snowball/2"},
		{"predicate": {"custom_model_data":3}, "model": "item/snowball/3"},
		{"predicate": {"custom_model_data":4}, "model": "item/snowball/4"},
		{"predicate": {"custom_model_data":5}, "model": "item/snowball/5"},
		{"predicate": {"custom_model_data":6}, "model": "item/snowball/6"},
		{"predicate": {"custom_model_data":7}, "model": "item/snowball/7"},
		{"predicate": {"custom_model_data":8}, "model": "item/snowball/8"},
		{"predicate": {"custom_model_data":9}, "model": "item/snowball/9"},
		{"predicate": {"custom_model_data":10}, "model": "item/snowball/10"},
		{"predicate": {"custom_model_data":11}, "model": "item/snowball/11"},
		{"predicate": {"custom_model_data":12}, "model": "item/snowball/12"},
		{"predicate": {"custom_model_data":13}, "model": "item/snowball/13"},
		{"predicate": {"custom_model_data":14}, "model": "item/snowball/14"},
		{"predicate": {"custom_model_data":15}, "model": "item/snowball/15"},
		{"predicate": {"custom_model_data":16}, "model": "item/snowball/16"},
		{"predicate": {"custom_model_data":17}, "model": "item/snowball/17"},
		{"predicate": {"custom_model_data":18}, "model": "item/snowball/18"},
		{"predicate": {"custom_model_data":19}, "model": "item/snowball/19"},
		{"predicate": {"custom_model_data":20}, "model": "item/snowball/20"}
	]
}