{
	"credit": "Made with Blockbench",
	"textures": {
		"0": "block/orange_luckyblock",
		"particle": "block/orange_luckyblock"
	},
	"elements": [
		{
			"from": [6, 0, 6],
			"to": [10, 22, 10],
			"faces": {
				"north": {"uv": [0, 0, 0.56, 0.68], "texture": "#0"},
				"east": {"uv": [0, 0, 0.72, 0.72], "texture": "#0"},
				"south": {"uv": [0, 0, 0.72, 0.72], "texture": "#0"},
				"west": {"uv": [0, 0, 0.8, 0.8], "texture": "#0"},
				"up": {"uv": [0, 0, 0.64, 0.64], "texture": "#0"},
				"down": {"uv": [0, 0.04, 0.64, 0.64], "texture": "#0"}
			}
		},
		{
			"from": [16, 6, 5.5],
			"to": [20, 19, 10.3],
			"rotation": {"angle": 45, "axis": "z", "origin": [8, 8, 8]},
			"faces": {
				"north": {"uv": [0, 0, 0.56, 0.68], "texture": "#0"},
				"east": {"uv": [0, 0, 0.72, 0.72], "texture": "#0"},
				"south": {"uv": [0, 0, 0.72, 0.72], "texture": "#0"},
				"west": {"uv": [0, 0, 0.8, 0.8], "texture": "#0"},
				"up": {"uv": [0, 0, 0.64, 0.64], "texture": "#0"},
				"down": {"uv": [0, 0.04, 0.64, 0.64], "texture": "#0"}
			}
		},
		{
			"from": [-4, 6, 5.5],
			"to": [0, 19, 10.5],
			"rotation": {"angle": -45, "axis": "z", "origin": [8, 8, 8]},
			"faces": {
				"north": {"uv": [0, 0, 0.56, 0.68], "texture": "#0"},
				"east": {"uv": [0, 0, 0.72, 0.72], "texture": "#0"},
				"south": {"uv": [0, 0, 0.72, 0.72], "texture": "#0"},
				"west": {"uv": [0, 0, 0.8, 0.8], "texture": "#0"},
				"up": {"uv": [0, 0, 0.64, 0.64], "texture": "#0"},
				"down": {"uv": [0, 0.04, 0.64, 0.64], "texture": "#0"}
			}
		}
	],
	"display": {
		"gui": {
			"rotation": [0, 17, 0],
			"translation": [0, -2.5, 0],
			"scale": [0.63, 0.63, 0.63]
		}
	}
}