{
	"credit": "Made with Blockbench",
	"textures": {
		"0": "block/sprout/epic_sprout",
		"particle": "block/sprout/epic_sprout"
	},
	"elements": [
		{
			"from": [-2, 0, 8],
			"to": [18, 32, 8],
			"rotation": {"angle": -45, "axis": "y", "origin": [8, 0, 8]},
			"faces": {
				"north": {"uv": [16, 0, 0, 16], "texture": "#0"},
				"east": {"uv": [0, 0, 0, 16], "texture": "#0"},
				"south": {"uv": [0, 0, 16, 16], "texture": "#0"},
				"west": {"uv": [0, 0, 0, 16], "texture": "#0"},
				"up": {"uv": [0, 0, 16, 0], "texture": "#0"},
				"down": {"uv": [0, 0, 16, 0], "texture": "#0"}
			}
		},
		{
			"from": [8, 0, -2],
			"to": [8, 32, 18],
			"rotation": {"angle": -45, "axis": "y", "origin": [8, 0, 8]},
			"faces": {
				"north": {"uv": [0, 0, 0, 16], "texture": "#0"},
				"east": {"uv": [16, 0, 0, 16], "texture": "#0"},
				"south": {"uv": [0, 0, 0, 16], "texture": "#0"},
				"west": {"uv": [0, 0, 16, 16], "texture": "#0"},
				"up": {"uv": [0, 0, 16, 0], "rotation": 90, "texture": "#0"},
				"down": {"uv": [0, 0, 16, 0], "rotation": 270, "texture": "#0"}
			}
		}
	],
	"display": {
		"thirdperson_righthand": {
			"scale": [0.28, 0.28, 0.28]
		},
		"firstperson_righthand": {
			"scale": [0.42, 0.42, 0.42]
		},
		"gui": {
			"rotation": [25, 30, 0],
			"translation": [0, -3.75, 0],
			"scale": [0.8, 0.55, 0.8]
		},
		"head": {
			"translation": [0, 8.75, 0],
			"scale": [0.67, 0.67, 0.67]
		}
	}
}