{"textures":{"1":"modelengine:entity/spider"},"elements":[{"from":[5.5,5.0,-5.0],"to":[11.5,9.5,-1.0],"faces":{"east":{"uv":[0.5,3.0,1.5,5.0],"tintindex":0,"rotation":0,"texture":"#1"},"south":{"uv":[4.0,3.0,5.5,5.0],"tintindex":0,"rotation":0,"texture":"#1"},"north":{"uv":[1.5,3.0,3.0,5.0],"tintindex":0,"rotation":0,"texture":"#1"},"west":{"uv":[3.0,3.0,4.0,5.0],"tintindex":0,"rotation":0,"texture":"#1"},"up":{"uv":[3.0,3.0,1.5,1.0],"tintindex":0,"rotation":0,"texture":"#1"},"down":{"uv":[4.5,1.0,3.0,3.0],"tintindex":0,"rotation":0,"texture":"#1"}}},{"from":[4.0,4.0,-1.0],"to":[13.0,10.0,9.0],"faces":{"east":{"uv":[0.5,12.0,3.0,15.0],"tintindex":0,"rotation":0,"texture":"#1"},"south":{"uv":[7.75,12.0,10.0,15.0],"tintindex":0,"rotation":0,"texture":"#1"},"north":{"uv":[3.0,12.0,5.25,15.0],"tintindex":0,"rotation":0,"texture":"#1"},"west":{"uv":[5.25,12.0,7.75,15.0],"tintindex":0,"rotation":0,"texture":"#1"},"up":{"uv":[5.25,12.0,3.0,7.0],"tintindex":0,"rotation":0,"texture":"#1"},"down":{"uv":[7.5,7.0,5.25,12.0],"tintindex":0,"rotation":0,"texture":"#1"}}}],"display":{"gui":{"rotation":[30,225,0]}}}