{"textures":{"1":"modelengine:entity/spider"},"elements":[{"from":[5.0,7.125,1.8706703],"to":[12.0,13.125,7.8706703],"faces":{"east":{"uv":[8.0,6.0,10.0,10.0],"tintindex":0,"rotation":0,"texture":"#1"},"south":{"uv":[14.0,6.0,16.0,10.0],"tintindex":0,"rotation":0,"texture":"#1"},"north":{"uv":[10.0,6.0,12.0,10.0],"tintindex":0,"rotation":0,"texture":"#1"},"west":{"uv":[12.0,6.0,14.0,10.0],"tintindex":0,"rotation":0,"texture":"#1"},"up":{"uv":[12.0,6.0,10.0,2.0],"tintindex":0,"rotation":0,"texture":"#1"},"down":{"uv":[14.0,2.0,12.0,6.0],"tintindex":0,"rotation":0,"texture":"#1"}}}],"display":{"gui":{"rotation":[30,225,0]}}}