{"textures":{"1":"modelengine:entity/spider"},"elements":[{"from":[7.0,7.25,7.25],"to":[19.0,8.75,8.75],"faces":{"east":{"uv":[5.0,1.5,5.25,2.0],"tintindex":0,"rotation":0,"texture":"#1"},"south":{"uv":[8.5,1.5,11.5,2.0],"tintindex":0,"rotation":0,"texture":"#1"},"north":{"uv":[5.25,1.5,8.25,2.0],"tintindex":0,"rotation":0,"texture":"#1"},"west":{"uv":[8.25,1.5,8.5,2.0],"tintindex":0,"rotation":0,"texture":"#1"},"up":{"uv":[8.25,1.5,5.25,1.0],"tintindex":0,"rotation":0,"texture":"#1"},"down":{"uv":[11.25,1.0,8.25,1.5],"tintindex":0,"rotation":0,"texture":"#1"}}}],"display":{"gui":{"rotation":[30,225,0]}}}