{"textures":{"1":"modelengine:entity/spider"},"elements":[{"from":[7.0,7.25,7.5],"to":[20.0,8.75,8.75],"faces":{"east":{"uv":[5.25,1.0,5.5,1.5],"tintindex":0,"rotation":0,"texture":"#1"},"south":{"uv":[9.0,1.0,12.25,1.5],"tintindex":0,"rotation":0,"texture":"#1"},"north":{"uv":[5.5,1.0,8.75,1.5],"tintindex":0,"rotation":0,"texture":"#1"},"west":{"uv":[8.75,1.0,9.0,1.5],"tintindex":0,"rotation":0,"texture":"#1"},"up":{"uv":[8.75,1.0,5.5,0.5],"tintindex":0,"rotation":0,"texture":"#1"},"down":{"uv":[12.0,0.5,8.75,1.0],"tintindex":0,"rotation":0,"texture":"#1"}}}],"display":{"gui":{"rotation":[30,225,0]}}}