{
	"credit": "Made with Blockbench",
	"textures": {
		"1": "block/green_concrete_powder",
		"2": "block/stripped_acacia_log",
		"3": "block/brown_concrete",
		"particle": "block/green_concrete"
	},
	"elements": [
		{
			"from": [3, 0, 4],
			"to": [13, 12, 8],
			"faces": {
				"north": {"uv": [0, 0, 10, 12], "texture": "#1"},
				"east": {"uv": [0, 0, 4, 12], "texture": "#1"},
				"south": {"uv": [0, 0, 10, 12], "texture": "#1"},
				"west": {"uv": [0, 0, 4, 12], "texture": "#1"},
				"up": {"uv": [0, 0, 10, 4], "texture": "#1"},
				"down": {"uv": [0, 0, 10, 4], "texture": "#1"}
			}
		},
		{
			"from": [4, 1, 8],
			"to": [12, 6, 9],
			"faces": {
				"north": {"uv": [0, 0, 8, 5], "texture": "#2"},
				"east": {"uv": [0, 0, 1, 5], "texture": "#2"},
				"south": {"uv": [0, 0, 8, 5], "texture": "#2"},
				"west": {"uv": [0, 0, 1, 5], "texture": "#2"},
				"up": {"uv": [0, 0, 8, 1], "texture": "#2"},
				"down": {"uv": [0, 0, 8, 1], "texture": "#2"}
			}
		},
		{
			"from": [4, 7, 8],
			"to": [7.5, 12, 9],
			"faces": {
				"north": {"uv": [0, 0, 3.5, 5], "texture": "#2"},
				"east": {"uv": [0, 0, 1, 5], "texture": "#2"},
				"south": {"uv": [0, 2, 3.5, 7], "texture": "#2"},
				"west": {"uv": [0, 0, 1, 5], "texture": "#2"},
				"up": {"uv": [0, 0, 3.5, 1], "texture": "#2"},
				"down": {"uv": [0, 0, 3.5, 1], "texture": "#2"}
			}
		},
		{
			"from": [8.5, 7, 8],
			"to": [12, 12, 9],
			"faces": {
				"north": {"uv": [0, 0, 3.5, 5], "texture": "#2"},
				"east": {"uv": [0, 0, 1, 5], "texture": "#2"},
				"south": {"uv": [0, 0, 3.5, 5], "texture": "#2"},
				"west": {"uv": [0, 0, 1, 5], "texture": "#2"},
				"up": {"uv": [0, 0, 3.5, 1], "texture": "#2"},
				"down": {"uv": [0, 0, 3.5, 1], "texture": "#2"}
			}
		},
		{
			"from": [4, 12, 4],
			"to": [12, 13, 8],
			"faces": {
				"north": {"uv": [0, 0, 8, 1], "texture": "#1"},
				"east": {"uv": [0, 0, 4, 1], "texture": "#1"},
				"south": {"uv": [0, 0, 8, 1], "texture": "#1"},
				"west": {"uv": [0, 0, 4, 1], "texture": "#1"},
				"up": {"uv": [0, 0, 8, 4], "texture": "#1"},
				"down": {"uv": [0, 0, 8, 4], "texture": "#1"}
			}
		},
		{
			"from": [7, 3.75, 8],
			"to": [9, 5.25, 9.25],
			"faces": {
				"north": {"uv": [0, 0, 2, 1.5], "texture": "#3"},
				"east": {"uv": [0, 0, 1.25, 1.5], "texture": "#3"},
				"south": {"uv": [0, 0, 2, 1.5], "texture": "#3"},
				"west": {"uv": [0, 0, 1.25, 1.5], "texture": "#3"},
				"up": {"uv": [0, 0, 2, 1.25], "texture": "#3"},
				"down": {"uv": [0, 0, 2, 1.25], "texture": "#3"}
			}
		}
	],
	"display": {
		"thirdperson_righthand": {
			"rotation": [0, 180, 0],
			"translation": [0, 0, -3]
		},
		"gui": {
			"rotation": [30, 30, 0],
			"translation": [1, 0.5, 0]
		},
		"head": {
			"translation": [0, -9, 6.5],
			"scale": [1.15, 1.15, 1.15]
		}
	}
}