{
	"credit": "Made with Blockbench",
	"textures": {
		"0": "block/white_stained_glass",
		"1": "block/quartz_block_bottom",
		"3": "block/light_gray_wool",
		"4": "block/white_wool",
		"5": "block/yellow_concrete",
		"6": "block/red_concrete",
		"7": "block/blue_concrete",
		"particle": "block/white_stained_glass"
	},
	"elements": [
		{
			"from": [6.5, 0, 6.5],
			"to": [9.5, 3, 9.5],
			"faces": {
				"north": {"uv": [0, 0, 3, 3], "texture": "#5"},
				"east": {"uv": [0, 0, 3, 3], "texture": "#5"},
				"south": {"uv": [0, 0, 3, 3], "texture": "#5"},
				"west": {"uv": [0, 0, 3, 3], "texture": "#5"},
				"up": {"uv": [0, 0, 3, 3], "texture": "#5"},
				"down": {"uv": [0, 0, 3, 3], "texture": "#5"}
			}
		},
		{
			"from": [7, 3, 7],
			"to": [9, 12.5, 9],
			"faces": {
				"north": {"uv": [0, 0, 2, 9.5], "texture": "#1"},
				"east": {"uv": [0, 0, 2, 9.5], "texture": "#1"},
				"south": {"uv": [0, 0, 2, 9.5], "texture": "#1"},
				"west": {"uv": [0, 0, 2, 9.5], "texture": "#1"},
				"up": {"uv": [0, 0, 2, 2], "texture": "#1"},
				"down": {"uv": [0, 0, 2, 2], "texture": "#1"}
			}
		},
		{
			"from": [5.5, 18, 5.5],
			"to": [10.5, 19, 10.5],
			"faces": {
				"north": {"uv": [0, 0, 5, 1], "texture": "#3"},
				"east": {"uv": [0, 0, 5, 1], "texture": "#3"},
				"south": {"uv": [0, 0, 5, 1], "texture": "#3"},
				"west": {"uv": [0, 0, 5, 1], "texture": "#3"},
				"up": {"uv": [0, 0, 5, 5], "texture": "#3"},
				"down": {"uv": [0, 0, 5, 5], "texture": "#3"}
			}
		},
		{
			"from": [5.5, 17, 5.5],
			"to": [10.5, 18, 10.5],
			"faces": {
				"north": {"uv": [0, 0, 5, 1], "texture": "#4"},
				"east": {"uv": [0, 0, 5, 1], "texture": "#4"},
				"south": {"uv": [0, 0, 5, 1], "texture": "#4"},
				"west": {"uv": [0, 0, 5, 1], "texture": "#4"},
				"up": {"uv": [0, 0, 5, 5], "texture": "#4"},
				"down": {"uv": [0, 0, 5, 5], "texture": "#4"}
			}
		},
		{
			"from": [5.5, 16, 5.5],
			"to": [10.5, 17, 10.5],
			"faces": {
				"north": {"uv": [0, 0, 5, 1], "texture": "#3"},
				"east": {"uv": [0, 0, 5, 1], "texture": "#3"},
				"south": {"uv": [0, 0, 5, 1], "texture": "#3"},
				"west": {"uv": [0, 0, 5, 1], "texture": "#3"},
				"up": {"uv": [0, 0, 5, 5], "texture": "#3"},
				"down": {"uv": [0, 0, 5, 5], "texture": "#3"}
			}
		},
		{
			"from": [5.5, 15, 5.5],
			"to": [10.5, 16, 10.5],
			"faces": {
				"north": {"uv": [0, 0, 5, 1], "texture": "#4"},
				"east": {"uv": [0, 0, 5, 1], "texture": "#4"},
				"south": {"uv": [0, 0, 5, 1], "texture": "#4"},
				"west": {"uv": [0, 0, 5, 1], "texture": "#4"},
				"up": {"uv": [0, 0, 5, 5], "texture": "#4"},
				"down": {"uv": [0, 0, 5, 5], "texture": "#4"}
			}
		},
		{
			"from": [5.5, 14, 5.5],
			"to": [10.5, 15, 10.5],
			"faces": {
				"north": {"uv": [0, 0, 5, 1], "texture": "#3"},
				"east": {"uv": [0, 0, 5, 1], "texture": "#3"},
				"south": {"uv": [0, 0, 5, 1], "texture": "#3"},
				"west": {"uv": [0, 0, 5, 1], "texture": "#3"},
				"up": {"uv": [0, 0, 5, 5], "texture": "#3"},
				"down": {"uv": [0, 0, 5, 5], "texture": "#3"}
			}
		},
		{
			"from": [6.5, 13, 6.5],
			"to": [9.5, 14, 9.5],
			"faces": {
				"north": {"uv": [0, 0, 3, 1], "texture": "#4"},
				"east": {"uv": [0, 0, 3, 1], "texture": "#4"},
				"south": {"uv": [0, 0, 3, 1], "texture": "#4"},
				"west": {"uv": [0, 0, 3, 1], "texture": "#4"},
				"up": {"uv": [0, 0, 3, 3], "texture": "#4"},
				"down": {"uv": [0, 0, 3, 3], "texture": "#4"}
			}
		},
		{
			"from": [5.5, 19, 5.5],
			"to": [10.5, 20, 10.5],
			"faces": {
				"north": {"uv": [0, 0, 5, 1], "texture": "#4"},
				"east": {"uv": [0, 0, 5, 1], "texture": "#4"},
				"south": {"uv": [0, 0, 5, 1], "texture": "#4"},
				"west": {"uv": [0, 0, 5, 1], "texture": "#4"},
				"up": {"uv": [0, 0, 5, 5], "texture": "#4"},
				"down": {"uv": [0, 0, 5, 5], "texture": "#4"}
			}
		},
		{
			"from": [6.5, 21, 6.5],
			"to": [9.5, 22, 9.5],
			"faces": {
				"north": {"uv": [0, 0, 3, 1], "texture": "#4"},
				"east": {"uv": [0, 0, 3, 1], "texture": "#4"},
				"south": {"uv": [0, 0, 3, 1], "texture": "#4"},
				"west": {"uv": [0, 0, 3, 1], "texture": "#4"},
				"up": {"uv": [0, 0, 3, 3], "texture": "#4"},
				"down": {"uv": [0, 0, 3, 3], "texture": "#4"}
			}
		},
		{
			"from": [6, 20, 6],
			"to": [10, 21, 10],
			"faces": {
				"north": {"uv": [0, 0, 4, 1], "texture": "#3"},
				"east": {"uv": [0, 0, 4, 1], "texture": "#3"},
				"south": {"uv": [0, 0, 4, 1], "texture": "#3"},
				"west": {"uv": [0, 0, 4, 1], "texture": "#3"},
				"up": {"uv": [0, 0, 4, 4], "texture": "#3"},
				"down": {"uv": [0, 0, 4, 4], "texture": "#3"}
			}
		},
		{
			"from": [5.75, 12.25, 5.75],
			"to": [10.25, 14.25, 10.25],
			"faces": {
				"north": {"uv": [6, 1, 10.5, 3], "texture": "#0"},
				"east": {"uv": [6, 1, 10.5, 3], "texture": "#0"},
				"south": {"uv": [6, 1, 10.5, 3], "texture": "#0"},
				"west": {"uv": [6, 1, 10.5, 3], "texture": "#0"},
				"up": {"uv": [6, 1, 10.5, 5.5], "texture": "#0"},
				"down": {"uv": [6, 1, 10.5, 5.5], "texture": "#0"}
			}
		},
		{
			"from": [4.5, 13.25, 4.5],
			"to": [11.5, 20.25, 11.5],
			"faces": {
				"north": {"uv": [1, 1, 8, 8], "texture": "#0"},
				"east": {"uv": [1, 1, 8, 8], "texture": "#0"},
				"south": {"uv": [1, 1, 8, 8], "texture": "#0"},
				"west": {"uv": [1, 1, 8, 8], "texture": "#0"},
				"up": {"uv": [8, 1, 15, 8], "texture": "#0"},
				"down": {"uv": [8, 1, 15, 8], "texture": "#0"}
			}
		},
		{
			"from": [5.75, 21.25, 5.75],
			"to": [10.25, 22.5, 10.25],
			"faces": {
				"north": {"uv": [6, 1, 10.5, 2.25], "texture": "#0"},
				"east": {"uv": [6, 1, 10.5, 2.25], "texture": "#0"},
				"south": {"uv": [6, 1, 10.5, 2.25], "texture": "#0"},
				"west": {"uv": [6, 1, 10.5, 2.25], "texture": "#0"},
				"up": {"uv": [6, 1, 10.5, 5.5], "texture": "#0"},
				"down": {"uv": [6, 1, 10.5, 5.5], "texture": "#0"}
			}
		},
		{
			"from": [5, 20.25, 5],
			"to": [11, 21.25, 11],
			"faces": {
				"north": {"uv": [7, 1, 13, 2], "texture": "#0"},
				"east": {"uv": [7, 1, 13, 2], "texture": "#0"},
				"south": {"uv": [7, 1, 13, 2], "texture": "#0"},
				"west": {"uv": [7, 1, 13, 2], "texture": "#0"},
				"up": {"uv": [7, 1, 13, 7], "texture": "#0"},
				"down": {"uv": [7, 1, 13, 7], "texture": "#0"}
			}
		},
		{
			"from": [-0.25, 8, 7.1],
			"to": [4.75, 10, 8.9],
			"rotation": {"angle": -22.5, "axis": "z", "origin": [8, 0, 8]},
			"faces": {
				"north": {"uv": [0, 0, 5, 2], "texture": "#6"},
				"east": {"uv": [0, 0, 1.8, 2], "texture": "#6"},
				"south": {"uv": [0, 0, 5, 2], "texture": "#6"},
				"west": {"uv": [0, 0, 1.8, 2], "texture": "#6"},
				"up": {"uv": [0, 0, 5, 1.8], "texture": "#6"},
				"down": {"uv": [0, 0, 5, 1.8], "texture": "#6"}
			}
		},
		{
			"from": [-3.25, 8.5, 7.6],
			"to": [1, 9.5, 8.6],
			"rotation": {"angle": -22.5, "axis": "z", "origin": [8, 0, 8]},
			"faces": {
				"north": {"uv": [0, 0, 4.25, 1], "texture": "#6"},
				"east": {"uv": [0, 0, 1, 1], "texture": "#6"},
				"south": {"uv": [0, 0, 4.25, 1], "texture": "#6"},
				"west": {"uv": [0, 0, 1, 1], "texture": "#6"},
				"up": {"uv": [0, 0, 4.25, 1], "texture": "#6"},
				"down": {"uv": [0, 0, 4.25, 1], "texture": "#6"}
			}
		},
		{
			"from": [11.25, 8, 7.1],
			"to": [16.25, 10, 8.9],
			"rotation": {"angle": 22.5, "axis": "z", "origin": [8, 0, 8]},
			"faces": {
				"north": {"uv": [0, 0, 5, 2], "rotation": 180, "texture": "#7"},
				"east": {"uv": [0, 0, 1.8, 2], "rotation": 180, "texture": "#7"},
				"south": {"uv": [0, 0, 5, 2], "rotation": 180, "texture": "#7"},
				"west": {"uv": [0, 0, 1.8, 2], "rotation": 180, "texture": "#7"},
				"up": {"uv": [0, 0, 5, 1.8], "rotation": 180, "texture": "#7"},
				"down": {"uv": [0, 0, 5, 1.8], "rotation": 180, "texture": "#7"}
			}
		},
		{
			"from": [15.25, 8.5, 7.6],
			"to": [19.5, 9.5, 8.6],
			"rotation": {"angle": 22.5, "axis": "z", "origin": [8, 0, 8]},
			"faces": {
				"north": {"uv": [0, 0, 4.25, 1], "rotation": 180, "texture": "#7"},
				"east": {"uv": [0, 0, 1, 1], "rotation": 180, "texture": "#7"},
				"south": {"uv": [0, 0, 4.25, 1], "rotation": 180, "texture": "#7"},
				"west": {"uv": [0, 0, 1, 1], "rotation": 180, "texture": "#7"},
				"up": {"uv": [0, 0, 4.25, 1], "rotation": 180, "texture": "#7"},
				"down": {"uv": [0, 0, 4.25, 1], "rotation": 180, "texture": "#7"}
			}
		}
	],
	"display": {
		"thirdperson_righthand": {
			"translation": [0, 0.5, 1.25]
		},
		"thirdperson_lefthand": {
			"translation": [0, 0.5, 1.25]
		},
		"firstperson_righthand": {
			"rotation": [-5, 0, 0],
			"translation": [0.75, 2, 0],
			"scale": [0.75, 0.75, 0.75]
		},
		"firstperson_lefthand": {
			"rotation": [-5, 0, 0],
			"translation": [0.75, 2, 0],
			"scale": [0.75, 0.75, 0.75]
		},
		"ground": {
			"rotation": [0, 0, 0],
			"translation": [0, 6.75, 0]
		},
		"gui": {
			"rotation": [-30, -30, -30],
			"translation": [0, -2, 0],
			"scale": [0.6, 0.75, 0.62]
		},
		"head": {
			"rotation": [-7, 0, 0],
			"translation": [0, -6.75, 0],
			"scale": [2.13, 2.13, 2.13]
		}
	},
	"groups": [
		0,
		1,
		{
			"name": "Dipper",
			"origin": [8, 8, 8],
			"color": 0,
			"children": [2, 3, 4, 5, 6, 7, 8, 9, 10]
		},
		{
			"name": "Honey Dipper",
			"origin": [8, 8, 8],
			"color": 0,
			"children": [11, 12, 13, 14]
		},
		{
			"name": "Arm1",
			"origin": [0, 0, 0],
			"color": 0,
			"children": [15, 16]
		},
		{
			"name": "Arm2",
			"origin": [0, 0, 0],
			"color": 0,
			"children": [17, 18]
		}
	]
}