{
	"credit": "Made with Blockbench",
	"textures": {
		"4": "block/light_blue_stained_glass",
		"5": "block/yellow_concrete",
		"10": "block/blue_wool",
		"particle": "block/blue_concrete"
	},
	"elements": [
		{
			"from": [6.5, 0, 6.5],
			"to": [9.5, 3, 9.5],
			"faces": {
				"north": {"uv": [0, 0, 3, 3], "texture": "#5"},
				"east": {"uv": [0, 0, 3, 3], "texture": "#5"},
				"south": {"uv": [0, 0, 3, 3], "texture": "#5"},
				"west": {"uv": [0, 0, 3, 3], "texture": "#5"},
				"up": {"uv": [0, 0, 3, 3], "texture": "#5"},
				"down": {"uv": [0, 0, 3, 3], "texture": "#5"}
			}
		},
		{
			"from": [5, 12, 7],
			"to": [11, 14, 9],
			"faces": {
				"north": {"uv": [1, 0, 7, 2], "texture": "#10"},
				"east": {"uv": [1, 0, 3, 2], "texture": "#10"},
				"south": {"uv": [1, 0, 7, 2], "texture": "#10"},
				"west": {"uv": [1, 0, 3, 2], "texture": "#10"},
				"up": {"uv": [1, 0, 7, 2], "texture": "#10"},
				"down": {"uv": [1, 0, 7, 2], "texture": "#10"}
			}
		},
		{
			"from": [11, 14, 7],
			"to": [13, 20, 9],
			"faces": {
				"north": {"uv": [1, 0, 3, 6], "texture": "#10"},
				"east": {"uv": [1, 0, 3, 6], "texture": "#10"},
				"south": {"uv": [1, 0, 3, 6], "texture": "#10"},
				"west": {"uv": [1, 0, 3, 6], "texture": "#10"},
				"up": {"uv": [1, 0, 3, 2], "texture": "#10"},
				"down": {"uv": [1, 0, 3, 2], "texture": "#10"}
			}
		},
		{
			"from": [5, 20, 7],
			"to": [11, 22, 9],
			"faces": {
				"north": {"uv": [1, 0, 7, 2], "texture": "#10"},
				"east": {"uv": [1, 0, 3, 2], "texture": "#10"},
				"south": {"uv": [1, 0, 7, 2], "texture": "#10"},
				"west": {"uv": [1, 0, 3, 2], "texture": "#10"},
				"up": {"uv": [1, 0, 7, 2], "texture": "#10"},
				"down": {"uv": [1, 0, 7, 2], "texture": "#10"}
			}
		},
		{
			"from": [3, 14, 7],
			"to": [5, 20, 9],
			"faces": {
				"north": {"uv": [1, 0, 3, 6], "texture": "#10"},
				"east": {"uv": [1, 0, 3, 6], "texture": "#10"},
				"south": {"uv": [1, 0, 3, 6], "texture": "#10"},
				"west": {"uv": [1, 0, 3, 6], "texture": "#10"},
				"up": {"uv": [1, 0, 3, 2], "texture": "#10"},
				"down": {"uv": [1, 0, 3, 2], "texture": "#10"}
			}
		},
		{
			"from": [4, 20, 7],
			"to": [5, 21, 9],
			"faces": {
				"north": {"uv": [1, 0, 2, 1], "texture": "#10"},
				"east": {"uv": [1, 0, 3, 1], "texture": "#10"},
				"south": {"uv": [1, 0, 2, 1], "texture": "#10"},
				"west": {"uv": [1, 0, 3, 1], "texture": "#10"},
				"up": {"uv": [1, 0, 2, 2], "texture": "#10"},
				"down": {"uv": [1, 0, 2, 2], "texture": "#10"}
			}
		},
		{
			"from": [4, 13, 7],
			"to": [5, 14, 9],
			"faces": {
				"north": {"uv": [1, 0, 2, 1], "texture": "#10"},
				"east": {"uv": [1, 0, 3, 1], "texture": "#10"},
				"south": {"uv": [1, 0, 2, 1], "texture": "#10"},
				"west": {"uv": [1, 0, 3, 1], "texture": "#10"},
				"up": {"uv": [1, 0, 2, 2], "texture": "#10"},
				"down": {"uv": [1, 0, 2, 2], "texture": "#10"}
			}
		},
		{
			"from": [11, 20, 7],
			"to": [12, 21, 9],
			"faces": {
				"north": {"uv": [1, 0, 2, 1], "texture": "#10"},
				"east": {"uv": [1, 0, 3, 1], "texture": "#10"},
				"south": {"uv": [1, 0, 2, 1], "texture": "#10"},
				"west": {"uv": [1, 0, 3, 1], "texture": "#10"},
				"up": {"uv": [1, 0, 2, 2], "texture": "#10"},
				"down": {"uv": [1, 0, 2, 2], "texture": "#10"}
			}
		},
		{
			"from": [11, 13, 7],
			"to": [12, 14, 9],
			"faces": {
				"north": {"uv": [1, 0, 2, 1], "texture": "#10"},
				"east": {"uv": [1, 0, 3, 1], "texture": "#10"},
				"south": {"uv": [1, 0, 2, 1], "texture": "#10"},
				"west": {"uv": [1, 0, 3, 1], "texture": "#10"},
				"up": {"uv": [1, 0, 2, 2], "texture": "#10"},
				"down": {"uv": [1, 0, 2, 2], "texture": "#10"}
			}
		},
		{
			"from": [5, 19, 7],
			"to": [6, 20, 9],
			"faces": {
				"north": {"uv": [1, 0, 2, 1], "texture": "#10"},
				"east": {"uv": [1, 0, 3, 1], "texture": "#10"},
				"south": {"uv": [1, 0, 2, 1], "texture": "#10"},
				"west": {"uv": [1, 0, 3, 1], "texture": "#10"},
				"up": {"uv": [1, 0, 2, 2], "texture": "#10"},
				"down": {"uv": [1, 0, 2, 2], "texture": "#10"}
			}
		},
		{
			"from": [5, 14, 7],
			"to": [6, 15, 9],
			"faces": {
				"north": {"uv": [1, 0, 2, 1], "texture": "#10"},
				"east": {"uv": [1, 0, 3, 1], "texture": "#10"},
				"south": {"uv": [1, 0, 2, 1], "texture": "#10"},
				"west": {"uv": [1, 0, 3, 1], "texture": "#10"},
				"up": {"uv": [1, 0, 2, 2], "texture": "#10"},
				"down": {"uv": [1, 0, 2, 2], "texture": "#10"}
			}
		},
		{
			"from": [6.5, 11.5, 7],
			"to": [7, 12, 9],
			"faces": {
				"north": {"uv": [1, 0, 1.5, 0.5], "texture": "#10"},
				"east": {"uv": [1, 0, 3, 0.5], "texture": "#10"},
				"south": {"uv": [1, 0, 1.5, 0.5], "texture": "#10"},
				"west": {"uv": [1, 0, 3, 0.5], "texture": "#10"},
				"up": {"uv": [1, 0, 1.5, 2], "texture": "#10"},
				"down": {"uv": [1, 0, 1.5, 2], "texture": "#10"}
			}
		},
		{
			"from": [10, 19, 7],
			"to": [11, 20, 9],
			"faces": {
				"north": {"uv": [1, 0, 2, 1], "texture": "#10"},
				"east": {"uv": [1, 0, 3, 1], "texture": "#10"},
				"south": {"uv": [1, 0, 2, 1], "texture": "#10"},
				"west": {"uv": [1, 0, 3, 1], "texture": "#10"},
				"up": {"uv": [1, 0, 2, 2], "texture": "#10"},
				"down": {"uv": [1, 0, 2, 2], "texture": "#10"}
			}
		},
		{
			"from": [10, 14, 7],
			"to": [11, 15, 9],
			"faces": {
				"north": {"uv": [1, 0, 2, 1], "texture": "#10"},
				"east": {"uv": [1, 0, 3, 1], "texture": "#10"},
				"south": {"uv": [1, 0, 2, 1], "texture": "#10"},
				"west": {"uv": [1, 0, 3, 1], "texture": "#10"},
				"up": {"uv": [1, 0, 2, 2], "texture": "#10"},
				"down": {"uv": [1, 0, 2, 2], "texture": "#10"}
			}
		},
		{
			"from": [2.5, 16, 7],
			"to": [3, 18, 9],
			"faces": {
				"north": {"uv": [1, 0, 1.5, 2], "texture": "#10"},
				"east": {"uv": [1, 0, 3, 2], "texture": "#10"},
				"south": {"uv": [1, 0, 1.5, 2], "texture": "#10"},
				"west": {"uv": [1, 0, 3, 2], "texture": "#10"},
				"up": {"uv": [1, 0, 1.5, 2], "texture": "#10"},
				"down": {"uv": [1, 0, 1.5, 2], "texture": "#10"}
			}
		},
		{
			"from": [13, 16, 7],
			"to": [13.5, 18, 9],
			"faces": {
				"north": {"uv": [1, 0, 1.5, 2], "texture": "#10"},
				"east": {"uv": [1, 0, 3, 2], "texture": "#10"},
				"south": {"uv": [1, 0, 1.5, 2], "texture": "#10"},
				"west": {"uv": [1, 0, 3, 2], "texture": "#10"},
				"up": {"uv": [1, 0, 1.5, 2], "texture": "#10"},
				"down": {"uv": [1, 0, 1.5, 2], "texture": "#10"}
			}
		},
		{
			"from": [7, 22, 7],
			"to": [9, 22.5, 9],
			"faces": {
				"north": {"uv": [1, 0, 3, 0.5], "texture": "#10"},
				"east": {"uv": [1, 0, 3, 0.5], "texture": "#10"},
				"south": {"uv": [1, 0, 3, 0.5], "texture": "#10"},
				"west": {"uv": [1, 0, 3, 0.5], "texture": "#10"},
				"up": {"uv": [1, 0, 3, 2], "texture": "#10"},
				"down": {"uv": [1, 0, 3, 2], "texture": "#10"}
			}
		},
		{
			"from": [9, 11.5, 7],
			"to": [9.5, 12, 9],
			"faces": {
				"north": {"uv": [1, 0, 1.5, 0.5], "texture": "#10"},
				"east": {"uv": [1, 0, 3, 0.5], "texture": "#10"},
				"south": {"uv": [1, 0, 1.5, 0.5], "texture": "#10"},
				"west": {"uv": [1, 0, 3, 0.5], "texture": "#10"},
				"up": {"uv": [1, 0, 1.5, 2], "texture": "#10"},
				"down": {"uv": [1, 0, 1.5, 2], "texture": "#10"}
			}
		},
		{
			"from": [7, 3, 7],
			"to": [9, 12, 9],
			"faces": {
				"north": {"uv": [1, 0, 3, 9], "texture": "#10"},
				"east": {"uv": [1, 0, 3, 9], "texture": "#10"},
				"south": {"uv": [1, 0, 3, 9], "texture": "#10"},
				"west": {"uv": [1, 0, 3, 9], "texture": "#10"},
				"up": {"uv": [1, 0, 3, 2], "texture": "#10"},
				"down": {"uv": [1, 0, 3, 2], "texture": "#10"}
			}
		},
		{
			"from": [5, 14, 8],
			"to": [11, 20, 8],
			"faces": {
				"north": {"uv": [6, 6, 12, 12], "texture": "#4"},
				"east": {"uv": [6, 6, 6, 12], "texture": "#4"},
				"south": {"uv": [6, 6, 12, 12], "texture": "#4"},
				"west": {"uv": [6, 6, 6, 12], "texture": "#4"},
				"up": {"uv": [6, 6, 12, 6], "texture": "#4"},
				"down": {"uv": [6, 6, 12, 6], "texture": "#4"}
			}
		}
	],
	"display": {
		"thirdperson_righthand": {
			"translation": [0, -0.5, 0.5],
			"scale": [0.82, 0.82, 0.82]
		},
		"thirdperson_lefthand": {
			"translation": [0, -0.5, 0.5],
			"scale": [0.82, 0.82, 0.82]
		},
		"firstperson_righthand": {
			"rotation": [-4, 0, 0],
			"translation": [1.5, 1.75, 0],
			"scale": [0.75, 0.75, 0.75]
		},
		"firstperson_lefthand": {
			"rotation": [-4, 0, 0],
			"translation": [1.5, 1.75, 0],
			"scale": [0.75, 0.75, 0.75]
		},
		"ground": {
			"translation": [0, 7, 0]
		},
		"gui": {
			"rotation": [-20, 0, 20],
			"translation": [1.25, -2, 0],
			"scale": [0.75, 0.74, 0.75]
		},
		"head": {
			"translation": [0, 3, 0],
			"scale": [1.37, 1.37, 1.37]
		},
		"fixed": {
			"rotation": [0, 0, -33],
			"translation": [-0.5, -2, 0],
			"scale": [0.79, 0.79, 0.79]
		}
	},
	"groups": [
		0,
		{
			"name": "group",
			"origin": [0, 0, 0],
			"color": 0,
			"children": [1, 2, 3, 4, 5, 6, 7, 8, 9, 10, 11, 12, 13, 14, 15, 16, 17, 18]
		},
		19
	]
}