{"textures":{"0":"modelengine:entity/piranha_plant"},"elements":[{"from":[7.2,8.971429,8.228572],"to":[8.914286,11.257143,8.285714],"rotation":{"angle":45.0,"axis":"x","origin":[8.0,8.0,8.0]},"faces":{"east":{"uv":[5.5,15.0,6.0,16.0],"rotation":180,"texture":"#0","tintindex":0},"south":{"uv":[4.25,10.5,6.0,15.0],"rotation":180,"texture":"#0","tintindex":0},"north":{"uv":[4.25,10.5,6.0,15.0],"rotation":180,"texture":"#0","tintindex":0},"west":{"uv":[5.75,14.5,6.25,15.5],"rotation":180,"texture":"#0","tintindex":0},"up":{"uv":[5.75,15.0,6.5,16.0],"rotation":180,"texture":"#0","tintindex":0},"down":{"uv":[5.5,15.5,6.25,16.0],"rotation":180,"texture":"#0","tintindex":0}}}],"display":{"head":{"translation":[0.0,-6.4,0.0],"scale":[4.0,4.0,4.0]}}}