{"textures":{"0":"modelengine:entity/werewolf_black"},"elements":[{"from":[6.0,8.75,-1.0],"to":[10.0,11.75,4.0],"faces":{"east":{"uv":[5.75,12.75,7.0,13.5],"tintindex":0,"rotation":0,"texture":"#0"},"south":{"uv":[13.0,1.75,14.0,2.5],"tintindex":0,"rotation":0,"texture":"#0"},"north":{"uv":[13.0,1.0,14.0,1.75],"tintindex":0,"rotation":0,"texture":"#0"},"west":{"uv":[12.75,12.0,14.0,12.75],"tintindex":0,"rotation":0,"texture":"#0"},"up":{"uv":[3.75,13.75,2.75,12.5],"tintindex":0,"rotation":0,"texture":"#0"},"down":{"uv":[13.5,4.25,12.5,5.5],"tintindex":0,"rotation":0,"texture":"#0"}}},{"from":[4.0,7.75,6.0],"to":[4.0,14.75,9.0],"faces":{"east":{"uv":[2.75,12.25,2.0,14.0],"tintindex":0,"rotation":0,"texture":"#0"},"west":{"uv":[2.0,12.25,2.75,14.0],"tintindex":0,"rotation":0,"texture":"#0"}},"rotation":{"origin":[4.0,12.75,6.0],"angle":-45.0,"axis":"y"}},{"from":[4.5,10.75,12.0],"to":[11.5,14.75,12.0],"faces":{"south":{"uv":[11.75,11.5,10.0,12.5],"tintindex":0,"rotation":0,"texture":"#0"},"north":{"uv":[10.0,11.5,11.75,12.5],"tintindex":0,"rotation":0,"texture":"#0"}},"rotation":{"origin":[4.0,14.75,12.000999],"angle":-22.5,"axis":"x"}},{"from":[3.0,14.75,7.0],"to":[6.0,18.75,7.0],"faces":{"south":{"uv":[13.0,7.75,13.75,8.75],"tintindex":0,"rotation":0,"texture":"#0"},"north":{"uv":[15.0,7.75,14.25,8.75],"tintindex":0,"rotation":0,"texture":"#0"}},"rotation":{"origin":[6.0,14.75,7.0],"angle":22.5,"axis":"z"}},{"from":[12.0,7.75,6.0],"to":[12.0,14.75,9.0],"faces":{"east":{"uv":[2.75,12.25,2.0,14.0],"tintindex":0,"rotation":0,"texture":"#0"},"west":{"uv":[2.0,12.25,2.75,14.0],"tintindex":0,"rotation":0,"texture":"#0"}},"rotation":{"origin":[12.0,12.75,6.0],"angle":45.0,"axis":"y"}},{"from":[6.5,7.75,-0.75],"to":[9.5,8.75,-0.75],"faces":{"south":{"uv":[13.75,0.75,14.5,1.0],"tintindex":0,"rotation":0,"texture":"#0"},"north":{"uv":[14.5,0.75,13.75,1.0],"tintindex":0,"rotation":0,"texture":"#0"}}},{"from":[10.0,14.75,7.0],"to":[13.0,18.75,7.0],"faces":{"south":{"uv":[13.75,7.75,13.0,8.75],"tintindex":0,"rotation":0,"texture":"#0"},"north":{"uv":[14.25,7.75,15.0,8.75],"tintindex":0,"rotation":0,"texture":"#0"}},"rotation":{"origin":[10.0,14.75,7.0],"angle":-22.5,"axis":"z"}},{"from":[6.5,10.25,-1.5],"to":[9.5,12.25,-0.5],"faces":{"east":{"uv":[1.5,8.5,1.75,9.0],"tintindex":0,"rotation":0,"texture":"#0"},"south":{"uv":[8.5,13.5,9.25,14.0],"tintindex":0,"rotation":0,"texture":"#0"},"north":{"uv":[13.5,7.0,14.25,7.5],"tintindex":0,"rotation":0,"texture":"#0"},"west":{"uv":[1.5,9.0,1.75,9.5],"tintindex":0,"rotation":0,"texture":"#0"},"up":{"uv":[14.5,9.25,13.75,9.0],"tintindex":0,"rotation":0,"texture":"#0"},"down":{"uv":[10.0,13.75,9.25,14.0],"tintindex":0,"rotation":0,"texture":"#0"}}},{"from":[4.0,7.75,4.0],"to":[12.0,15.75,12.0],"faces":{"east":{"uv":[5.75,6.25,3.75,8.25],"tintindex":0,"rotation":0,"texture":"#0"},"south":{"uv":[5.75,6.25,7.75,8.25],"tintindex":0,"rotation":0,"texture":"#0"},"north":{"uv":[1.75,6.25,3.75,8.25],"tintindex":0,"rotation":0,"texture":"#0"},"west":{"uv":[3.75,6.25,5.75,8.25],"tintindex":0,"rotation":0,"texture":"#0"},"up":{"uv":[9.75,8.0,7.75,6.0],"tintindex":0,"rotation":0,"texture":"#0"},"down":{"uv":[9.75,8.0,7.75,10.0],"tintindex":0,"rotation":0,"texture":"#0"}}}],"display":{"gui":{"rotation":[30,225,0]}}}