{"textures":{"0":"modelengine:entity/werewolf_black"},"elements":[{"from":[6.5,7.0,3.0],"to":[9.5,8.0,8.0],"faces":{"east":{"uv":[5.25,4.0,6.5,4.25],"tintindex":0,"rotation":0,"texture":"#0"},"south":{"uv":[13.0,2.5,13.75,2.75],"tintindex":0,"rotation":0,"texture":"#0"},"north":{"uv":[2.75,10.25,3.5,10.5],"tintindex":0,"rotation":0,"texture":"#0"},"west":{"uv":[6.5,4.0,7.75,4.25],"tintindex":0,"rotation":0,"texture":"#0"},"up":{"uv":[13.5,14.0,12.75,12.75],"tintindex":0,"rotation":0,"texture":"#0"},"down":{"uv":[0.75,13.0,0.0,14.25],"tintindex":0,"rotation":0,"texture":"#0"}}},{"from":[6.5,8.0,3.25],"to":[9.5,9.0,3.25],"faces":{"south":{"uv":[13.75,0.75,14.5,1.0],"tintindex":0,"rotation":0,"texture":"#0"},"north":{"uv":[14.5,0.75,13.75,1.0],"tintindex":0,"rotation":0,"texture":"#0"}}}],"display":{"gui":{"rotation":[30,225,0]}}}