{"textures":{"0":"modelengine:entity/werewolf_black"},"elements":[{"from":[8.5,0.75,8.0],"to":[8.5,3.75,10.0],"faces":{"east":{"uv":[14.25,8.25,13.75,9.0],"tintindex":0,"rotation":0,"texture":"#0"},"west":{"uv":[13.75,8.25,14.25,9.0],"tintindex":0,"rotation":0,"texture":"#0"}},"rotation":{"origin":[7.999,3.75,10.0],"angle":45.0,"axis":"x"}},{"from":[9.5,0.75,8.0],"to":[9.5,3.75,10.0],"faces":{"east":{"uv":[14.25,8.25,13.75,9.0],"tintindex":0,"rotation":0,"texture":"#0"},"west":{"uv":[13.75,8.25,14.25,9.0],"tintindex":0,"rotation":0,"texture":"#0"}},"rotation":{"origin":[7.999,3.75,10.0],"angle":45.0,"axis":"x"}},{"from":[7.5,0.75,8.0],"to":[7.5,3.75,10.0],"faces":{"east":{"uv":[14.25,8.25,13.75,9.0],"tintindex":0,"rotation":0,"texture":"#0"},"west":{"uv":[13.75,8.25,14.25,9.0],"tintindex":0,"rotation":0,"texture":"#0"}},"rotation":{"origin":[7.999,3.75,10.0],"angle":45.0,"axis":"x"}},{"from":[6.25,3.75,8.0],"to":[9.75,9.25,10.0],"faces":{"east":{"uv":[7.25,8.25,7.75,9.75],"tintindex":0,"rotation":0,"texture":"#0"},"south":{"uv":[1.0,12.25,2.0,13.75],"tintindex":0,"rotation":0,"texture":"#0"},"north":{"uv":[11.75,12.0,12.75,13.5],"tintindex":0,"rotation":0,"texture":"#0"},"west":{"uv":[1.0,10.75,1.5,12.25],"tintindex":0,"rotation":0,"texture":"#0"},"up":{"uv":[11.25,2.0,10.25,1.5],"tintindex":0,"rotation":0,"texture":"#0"},"down":{"uv":[13.0,9.5,12.0,10.0],"tintindex":0,"rotation":0,"texture":"#0"}}},{"from":[6.5,0.75,8.0],"to":[6.5,3.75,10.0],"faces":{"east":{"uv":[14.25,8.25,13.75,9.0],"tintindex":0,"rotation":0,"texture":"#0"},"west":{"uv":[13.75,8.25,14.25,9.0],"tintindex":0,"rotation":0,"texture":"#0"}},"rotation":{"origin":[7.999,3.75,10.0],"angle":45.0,"axis":"x"}}],"display":{"gui":{"rotation":[30,225,0]}}}