{"textures":{"0":"modelengine:entity/werewolf_black"},"elements":[{"from":[6.5,8.0,6.5],"to":[9.5,11.0,13.5],"faces":{"east":{"uv":[12.25,2.75,14.0,3.5],"tintindex":0,"rotation":0,"texture":"#0"},"south":{"uv":[13.5,6.25,14.25,7.0],"tintindex":0,"rotation":0,"texture":"#0"},"north":{"uv":[5.75,13.5,6.5,14.25],"tintindex":0,"rotation":0,"texture":"#0"},"west":{"uv":[12.5,3.5,14.25,4.25],"tintindex":0,"rotation":0,"texture":"#0"},"up":{"uv":[7.75,14.0,7.0,12.25],"tintindex":0,"rotation":0,"texture":"#0"},"down":{"uv":[8.5,12.25,7.75,14.0],"tintindex":0,"rotation":0,"texture":"#0"}}}],"display":{"gui":{"rotation":[30,225,0]}}}