{"textures":{"0":"modelengine:entity/werewolf_black"},"elements":[{"from":[6.0,2.0,5.5],"to":[10.0,10.0,10.5],"faces":{"east":{"uv":[1.5,10.25,2.75,12.25],"tintindex":0,"rotation":0,"texture":"#0"},"south":{"uv":[11.5,5.75,12.5,7.75],"tintindex":0,"rotation":0,"texture":"#0"},"north":{"uv":[11.5,3.75,12.5,5.75],"tintindex":0,"rotation":0,"texture":"#0"},"west":{"uv":[2.75,10.5,4.0,12.5],"tintindex":0,"rotation":0,"texture":"#0"},"up":{"uv":[11.5,13.75,10.5,12.5],"tintindex":0,"rotation":0,"texture":"#0"},"down":{"uv":[4.75,12.75,3.75,14.0],"tintindex":0,"rotation":0,"texture":"#0"}}}],"display":{"gui":{"rotation":[30,225,0]}}}