{"textures":{"0":"modelengine:entity/werewolf_black"},"elements":[{"from":[3.99,1.24,5.49],"to":[8.01,10.26,10.51],"faces":{"east":{"uv":[9.75,7.75,11.0,10.0],"tintindex":0,"rotation":0,"texture":"#0"},"south":{"uv":[11.25,1.5,12.25,3.75],"tintindex":0,"rotation":0,"texture":"#0"},"north":{"uv":[11.0,7.75,12.0,10.0],"tintindex":0,"rotation":0,"texture":"#0"},"west":{"uv":[7.25,10.0,8.5,12.25],"tintindex":0,"rotation":0,"texture":"#0"},"up":{"uv":[13.5,6.75,12.5,5.5],"tintindex":0,"rotation":0,"texture":"#0"},"down":{"uv":[10.5,12.5,9.5,13.75],"tintindex":0,"rotation":0,"texture":"#0"}}}],"display":{"gui":{"rotation":[30,225,0]}}}