{"textures":{"0":"modelengine:entity/werewolf_black"},"elements":[{"from":[6.0,-4.0,6.25],"to":[8.0,-1.0,6.25],"faces":{"south":{"uv":[13.5,13.5,14.0,14.25],"tintindex":0,"rotation":0,"texture":"#0"},"north":{"uv":[14.0,13.5,13.5,14.25],"tintindex":0,"rotation":0,"texture":"#0"}},"rotation":{"origin":[6.0,-1.0,9.0],"angle":22.5,"axis":"z"}},{"from":[8.0,3.0,8.0],"to":[8.0,10.0,12.0],"faces":{"east":{"uv":[13.0,7.75,12.0,9.5],"tintindex":0,"rotation":0,"texture":"#0"},"west":{"uv":[12.0,7.75,13.0,9.5],"tintindex":0,"rotation":0,"texture":"#0"}}},{"from":[6.0,-4.0,7.5],"to":[8.0,-1.0,7.5],"faces":{"south":{"uv":[13.5,13.5,14.0,14.25],"tintindex":0,"rotation":0,"texture":"#0"},"north":{"uv":[14.0,13.5,13.5,14.25],"tintindex":0,"rotation":0,"texture":"#0"}},"rotation":{"origin":[6.0,-1.0,9.0],"angle":22.5,"axis":"z"}},{"from":[10.25,-1.5,5.25],"to":[12.25,1.5,5.25],"faces":{"south":{"uv":[14.0,13.5,13.5,14.25],"tintindex":0,"rotation":0,"texture":"#0"},"north":{"uv":[13.5,13.5,14.0,14.25],"tintindex":0,"rotation":0,"texture":"#0"}},"rotation":{"origin":[10.0,-0.5,5.25],"angle":45.0,"axis":"z"}},{"from":[6.0,-4.0,5.25],"to":[8.0,-1.0,5.25],"faces":{"south":{"uv":[13.5,13.5,14.0,14.25],"tintindex":0,"rotation":0,"texture":"#0"},"north":{"uv":[14.0,13.5,13.5,14.25],"tintindex":0,"rotation":0,"texture":"#0"}},"rotation":{"origin":[6.0,-1.0,9.0],"angle":22.5,"axis":"z"}},{"from":[6.0,-4.0,8.5],"to":[8.0,-1.0,8.5],"faces":{"south":{"uv":[13.5,13.5,14.0,14.25],"tintindex":0,"rotation":0,"texture":"#0"},"north":{"uv":[14.0,13.5,13.5,14.25],"tintindex":0,"rotation":0,"texture":"#0"}},"rotation":{"origin":[6.0,-1.0,9.0],"angle":22.5,"axis":"z"}},{"from":[6.0,-1.0,5.0],"to":[10.0,8.0,9.0],"faces":{"east":{"uv":[5.0,10.5,6.0,12.75],"tintindex":0,"rotation":0,"texture":"#0"},"south":{"uv":[6.0,10.5,7.0,12.75],"tintindex":0,"rotation":0,"texture":"#0"},"north":{"uv":[4.0,10.5,5.0,12.75],"tintindex":0,"rotation":0,"texture":"#0"},"west":{"uv":[0.0,10.75,1.0,13.0],"tintindex":0,"rotation":0,"texture":"#0"},"up":{"uv":[13.5,7.75,12.5,6.75],"tintindex":0,"rotation":0,"texture":"#0"},"down":{"uv":[5.75,12.75,4.75,13.75],"tintindex":0,"rotation":0,"texture":"#0"}}}],"display":{"gui":{"rotation":[30,225,0]}}}