{"textures":{"0":"modelengine:entity/werewolf_black"},"elements":[{"from":[5.0,7.0,5.0],"to":[11.0,16.0,12.0],"faces":{"east":{"uv":[5.5,8.25,7.25,10.5],"tintindex":0,"rotation":0,"texture":"#0"},"south":{"uv":[9.75,2.0,11.25,4.25],"tintindex":0,"rotation":0,"texture":"#0"},"north":{"uv":[0.0,8.5,1.5,10.75],"tintindex":0,"rotation":0,"texture":"#0"},"west":{"uv":[7.25,8.25,5.5,10.5],"tintindex":0,"rotation":0,"texture":"#0"},"up":{"uv":[9.75,3.75,8.25,2.0],"tintindex":0,"rotation":0,"texture":"#0"},"down":{"uv":[10.0,10.0,8.5,11.75],"tintindex":0,"rotation":0,"texture":"#0"}}}],"display":{"gui":{"rotation":[30,225,0]}}}