{"textures":{"0":"modelengine:entity/werewolf_black"},"elements":[{"from":[6.0,2.0,5.5],"to":[10.0,10.0,10.5],"faces":{"east":{"uv":[4.0,10.5,2.75,12.5],"tintindex":0,"rotation":0,"texture":"#0"},"south":{"uv":[12.5,5.75,11.5,7.75],"tintindex":0,"rotation":0,"texture":"#0"},"north":{"uv":[12.5,3.75,11.5,5.75],"tintindex":0,"rotation":0,"texture":"#0"},"west":{"uv":[2.75,10.25,1.5,12.25],"tintindex":0,"rotation":0,"texture":"#0"},"up":{"uv":[10.5,13.75,11.5,12.5],"tintindex":0,"rotation":0,"texture":"#0"},"down":{"uv":[3.75,12.75,4.75,14.0],"tintindex":0,"rotation":0,"texture":"#0"}}}],"display":{"gui":{"rotation":[30,225,0]}}}