{"textures":{"0":"modelengine:entity/werewolf_black"},"elements":[{"from":[6.5,8.0,6.5],"to":[9.5,11.0,13.5],"faces":{"east":{"uv":[14.25,3.5,12.5,4.25],"tintindex":0,"rotation":0,"texture":"#0"},"south":{"uv":[14.25,6.25,13.5,7.0],"tintindex":0,"rotation":0,"texture":"#0"},"north":{"uv":[6.5,13.5,5.75,14.25],"tintindex":0,"rotation":0,"texture":"#0"},"west":{"uv":[14.0,2.75,12.25,3.5],"tintindex":0,"rotation":0,"texture":"#0"},"up":{"uv":[7.0,14.0,7.75,12.25],"tintindex":0,"rotation":0,"texture":"#0"},"down":{"uv":[7.75,12.25,8.5,14.0],"tintindex":0,"rotation":0,"texture":"#0"}}}],"display":{"gui":{"rotation":[30,225,0]}}}