{"textures":{"0":"modelengine:entity/werewolf_black"},"elements":[{"from":[7.99,1.24,5.49],"to":[12.01,10.26,10.51],"faces":{"east":{"uv":[8.5,10.0,7.25,12.25],"tintindex":0,"rotation":0,"texture":"#0"},"south":{"uv":[12.25,1.5,11.25,3.75],"tintindex":0,"rotation":0,"texture":"#0"},"north":{"uv":[12.0,7.75,11.0,10.0],"tintindex":0,"rotation":0,"texture":"#0"},"west":{"uv":[11.0,7.75,9.75,10.0],"tintindex":0,"rotation":0,"texture":"#0"},"up":{"uv":[12.5,6.75,13.5,5.5],"tintindex":0,"rotation":0,"texture":"#0"},"down":{"uv":[9.5,12.5,10.5,13.75],"tintindex":0,"rotation":0,"texture":"#0"}}}],"display":{"gui":{"rotation":[30,225,0]}}}