{"textures":{"0":"modelengine:entity/werewolf_black"},"elements":[{"from":[6.5,4.25,6.5],"to":[9.5,9.25,9.5],"faces":{"east":{"uv":[7.0,7.0,6.25,8.25],"tintindex":0,"rotation":0,"texture":"#0"},"south":{"uv":[6.0,7.0,6.75,8.25],"tintindex":0,"rotation":0,"texture":"#0"},"north":{"uv":[6.0,8.25,6.75,7.0],"tintindex":0,"rotation":0,"texture":"#0"},"west":{"uv":[5.75,7.0,6.5,8.25],"tintindex":0,"rotation":0,"texture":"#0"},"up":{"uv":[7.25,7.25,8.0,8.0],"tintindex":0,"rotation":0,"texture":"#0"},"down":{"uv":[7.25,7.25,8.0,8.0],"tintindex":0,"rotation":0,"texture":"#0"}}}],"display":{"gui":{"rotation":[30,225,0]}}}