{"textures":{"0":"modelengine:entity/werewolf_black"},"elements":[{"from":[6.5,-2.0,6.5],"to":[9.5,2.0,9.5],"faces":{"east":{"uv":[5.5,12.0,4.75,13.25],"tintindex":0,"rotation":0,"texture":"#0"},"south":{"uv":[4.5,12.0,5.25,13.25],"tintindex":0,"rotation":0,"texture":"#0"},"north":{"uv":[4.5,13.25,5.25,12.0],"tintindex":0,"rotation":0,"texture":"#0"},"west":{"uv":[4.25,12.0,5.0,13.25],"tintindex":0,"rotation":0,"texture":"#0"},"up":{"uv":[4.25,12.0,5.0,12.75],"tintindex":0,"rotation":0,"texture":"#0"},"down":{"uv":[4.25,12.0,5.0,12.75],"tintindex":0,"rotation":0,"texture":"#0"}},"rotation":{"origin":[7.0,2.0,6.5],"angle":-22.5,"axis":"x"}},{"from":[6.0,2.0,6.0],"to":[10.0,8.0,10.0],"faces":{"east":{"uv":[6.25,11.0,5.25,12.5],"tintindex":0,"rotation":0,"texture":"#0"},"south":{"uv":[5.0,11.0,6.0,12.5],"tintindex":0,"rotation":0,"texture":"#0"},"north":{"uv":[4.75,11.0,5.75,12.5],"tintindex":0,"rotation":0,"texture":"#0"},"west":{"uv":[4.75,11.0,5.75,12.5],"tintindex":0,"rotation":0,"texture":"#0"},"up":{"uv":[5.25,11.75,6.25,12.75],"tintindex":0,"rotation":0,"texture":"#0"},"down":{"uv":[5.25,11.75,6.25,12.75],"tintindex":0,"rotation":0,"texture":"#0"}}}],"display":{"gui":{"rotation":[30,225,0]}}}