{"textures":{"0":"modelengine:entity/werewolf_black"},"elements":[{"from":[11.5,19.0,9.5],"to":[11.5,23.0,12.5],"faces":{"east":{"uv":[13.5,4.25,14.25,5.25],"tintindex":0,"rotation":0,"texture":"#0"},"west":{"uv":[14.25,4.25,13.5,5.25],"tintindex":0,"rotation":0,"texture":"#0"}},"rotation":{"origin":[11.5,23.0,9.5],"angle":22.5,"axis":"y"}},{"from":[4.5,23.0,8.5],"to":[11.5,23.0,12.5],"faces":{"up":{"uv":[12.0,1.0,13.75,0.0],"tintindex":0,"rotation":0,"texture":"#0"},"down":{"uv":[12.0,0.0,13.75,1.0],"tintindex":0,"rotation":0,"texture":"#0"}},"rotation":{"origin":[4.5,23.001,8.5],"angle":-22.5,"axis":"x"}},{"from":[4.5,19.0,9.5],"to":[4.5,23.0,12.5],"faces":{"east":{"uv":[13.5,4.25,14.25,5.25],"tintindex":0,"rotation":0,"texture":"#0"},"west":{"uv":[14.25,4.25,13.5,5.25],"tintindex":0,"rotation":0,"texture":"#0"}},"rotation":{"origin":[4.5,23.0,9.5],"angle":-22.5,"axis":"y"}},{"from":[2.0,15.0,3.5],"to":[14.0,23.0,11.5],"faces":{"east":{"uv":[8.25,0.0,10.25,2.0],"tintindex":0,"rotation":0,"texture":"#0"},"south":{"uv":[4.75,4.25,7.75,6.25],"tintindex":0,"rotation":0,"texture":"#0"},"north":{"uv":[1.75,4.25,4.75,6.25],"tintindex":0,"rotation":0,"texture":"#0"},"west":{"uv":[1.75,8.25,3.75,10.25],"tintindex":0,"rotation":0,"texture":"#0"},"up":{"uv":[8.25,2.0,5.25,0.0],"tintindex":0,"rotation":0,"texture":"#0"},"down":{"uv":[8.25,2.0,5.25,4.0],"tintindex":0,"rotation":0,"texture":"#0"}},"rotation":{"origin":[14.0,15.0,11.5],"angle":-22.5,"axis":"x"}},{"from":[4.5,6.0,4.5],"to":[11.5,23.0,11.5],"faces":{"east":{"uv":[0.0,4.25,1.75,8.5],"tintindex":0,"rotation":0,"texture":"#0"},"south":{"uv":[3.5,0.0,5.25,4.25],"tintindex":0,"rotation":0,"texture":"#0"},"north":{"uv":[0.0,0.0,1.75,4.25],"tintindex":0,"rotation":0,"texture":"#0"},"west":{"uv":[1.75,4.25,0.0,8.5],"tintindex":0,"rotation":0,"texture":"#0"},"up":{"uv":[11.5,6.0,9.75,4.25],"tintindex":0,"rotation":0,"texture":"#0"},"down":{"uv":[11.5,6.0,9.75,7.75],"tintindex":0,"rotation":0,"texture":"#0"}}},{"from":[4.5,16.0,11.5],"to":[11.5,22.0,11.5],"faces":{"south":{"uv":[10.25,0.0,12.0,1.5],"tintindex":0,"rotation":0,"texture":"#0"},"north":{"uv":[12.0,0.0,10.25,1.5],"tintindex":0,"rotation":0,"texture":"#0"}},"rotation":{"origin":[4.5,22.0,11.500999],"angle":-22.5,"axis":"x"}}],"display":{"gui":{"rotation":[30,225,0]}}}