{"textures":{"0":"modelengine:entity/inferno"},"elements":[{"from":[6.285714,22.857143,7.428571],"to":[9.714286,24.0,8.571428],"rotation":{"angle":0.0,"axis":"y","origin":[8.0,8.0,8.0]},"faces":{"east":{"uv":[5.25,1.25,6.0,2.0],"rotation":90,"texture":"#0","tintindex":0},"south":{"uv":[5.25,0.5,6.0,2.0],"rotation":90,"texture":"#0","tintindex":0},"north":{"uv":[5.25,0.5,6.0,2.0],"rotation":90,"texture":"#0","tintindex":0},"west":{"uv":[4.75,1.25,5.5,2.0],"rotation":90,"texture":"#0","tintindex":0},"up":{"uv":[5.25,0.5,6.0,2.0],"rotation":90,"texture":"#0","tintindex":0},"down":{"uv":[5.25,0.5,6.0,2.0],"rotation":90,"texture":"#0","tintindex":0}}}],"display":{"head":{"translation":[0.0,-6.4,0.0],"scale":[4.0,4.0,4.0]}}}