{"textures":{"0":"modelengine:entity/beesim_ladybug"},"elements":[{"from":[11.09067,7.11729,7.5],"to":[12.09067,7.11729,8.5],"faces":{"up":{"uv":[7.0,6.5,7.5,7.0],"tintindex":0,"rotation":0,"texture":"#0"},"down":{"uv":[3.0,11.0,3.5,11.5],"tintindex":0,"rotation":0,"texture":"#0"}}},{"from":[9.16641,7.50005,7.5],"to":[11.16641,7.50005,8.5],"faces":{"up":{"uv":[6.0,3.0,7.0,3.5],"tintindex":0,"rotation":0,"texture":"#0"},"down":{"uv":[6.0,3.5,7.0,4.0],"tintindex":0,"rotation":0,"texture":"#0"}},"rotation":{"origin":[10.16641,7.50005,8.0],"angle":-22.5,"axis":"z"}},{"from":[7.24291,7.88266,7.5],"to":[9.24291,7.88266,8.5],"faces":{"up":{"uv":[9.5,2.5,10.5,3.0],"tintindex":0,"rotation":0,"texture":"#0"},"down":{"uv":[10.5,2.5,11.5,3.0],"tintindex":0,"rotation":0,"texture":"#0"}}}],"display":{"gui":{"rotation":[30,225,0]}}}