{"textures":{"0":"modelengine:entity/inferno"},"elements":[{"from":[6.857143,11.428572,6.857143],"to":[9.142858,27.428572,9.142858],"rotation":{"angle":0.0,"axis":"y","origin":[8.0,8.0,8.0]},"faces":{"east":{"uv":[11.0,0.0,12.25,8.0],"rotation":0,"texture":"#0","tintindex":0},"south":{"uv":[12.25,0.0,13.5,8.0],"rotation":0,"texture":"#0","tintindex":0},"north":{"uv":[10.5,0.0,11.75,8.0],"rotation":0,"texture":"#0","tintindex":0},"west":{"uv":[9.5,0.0,10.75,8.0],"rotation":0,"texture":"#0","tintindex":0},"up":{"uv":[12.75,0.0,13.75,1.0],"rotation":0,"texture":"#0","tintindex":0},"down":{"uv":[12.5,7.0,13.5,8.0],"rotation":0,"texture":"#0","tintindex":0}}},{"from":[7.2,10.285714,7.3142858],"to":[8.8,12.571428,8.914286],"rotation":{"angle":0.0,"axis":"y","origin":[8.0,11.428572,8.114285]},"faces":{"east":{"uv":[11.0,6.75,11.75,8.0],"rotation":0,"texture":"#0","tintindex":0},"south":{"uv":[12.5,6.75,13.25,8.0],"rotation":0,"texture":"#0","tintindex":0},"north":{"uv":[12.75,6.75,13.5,8.0],"rotation":0,"texture":"#0","tintindex":0},"west":{"uv":[13.5,6.75,14.25,8.0],"rotation":0,"texture":"#0","tintindex":0},"up":{"uv":[12.75,6.75,13.5,8.0],"rotation":0,"texture":"#0","tintindex":0},"down":{"uv":[12.75,6.75,13.5,8.0],"rotation":0,"texture":"#0","tintindex":0}}},{"from":[7.428571,9.714286,7.6],"to":[8.571428,10.285714,8.742857],"rotation":{"angle":0.0,"axis":"y","origin":[8.0,10.0,8.171429]},"faces":{"east":{"uv":[12.5,7.5,13.0,8.0],"rotation":0,"texture":"#0","tintindex":0},"south":{"uv":[13.0,7.5,13.5,8.0],"rotation":0,"texture":"#0","tintindex":0},"north":{"uv":[13.75,7.5,14.25,8.0],"rotation":0,"texture":"#0","tintindex":0},"west":{"uv":[13.25,7.5,13.75,8.0],"rotation":0,"texture":"#0","tintindex":0},"up":{"uv":[13.0,7.5,13.5,8.0],"rotation":0,"texture":"#0","tintindex":0},"down":{"uv":[13.0,7.5,13.5,8.0],"rotation":0,"texture":"#0","tintindex":0}}},{"from":[6.285714,24.57143,7.428571],"to":[9.714286,25.714287,8.571428],"rotation":{"angle":0.0,"axis":"y","origin":[8.0,9.714286,8.0]},"faces":{"east":{"uv":[4.25,1.25,5.0,2.0],"rotation":90,"texture":"#0","tintindex":0},"south":{"uv":[4.0,0.5,4.75,2.0],"rotation":90,"texture":"#0","tintindex":0},"north":{"uv":[4.0,0.5,4.75,2.0],"rotation":90,"texture":"#0","tintindex":0},"west":{"uv":[4.0,1.25,4.75,2.0],"rotation":90,"texture":"#0","tintindex":0},"up":{"uv":[4.0,0.5,4.75,2.0],"rotation":90,"texture":"#0","tintindex":0},"down":{"uv":[4.0,0.5,4.75,2.0],"rotation":90,"texture":"#0","tintindex":0}}}],"display":{"head":{"translation":[0.0,-6.4,0.0],"scale":[4.0,4.0,4.0]}}}