{"textures":{"0":"modelengine:entity/inferno"},"elements":[{"from":[6.285714,12.571428,7.428571],"to":[9.714286,14.857143,8.571428],"rotation":{"angle":0.0,"axis":"y","origin":[8.0,13.714286,8.0]},"faces":{"east":{"uv":[10.5,6.75,11.25,8.0],"rotation":0,"texture":"#0","tintindex":0},"south":{"uv":[10.5,6.75,11.25,8.0],"rotation":0,"texture":"#0","tintindex":0},"north":{"uv":[10.5,6.75,11.25,8.0],"rotation":0,"texture":"#0","tintindex":0},"west":{"uv":[10.5,6.75,11.25,8.0],"rotation":0,"texture":"#0","tintindex":0},"up":{"uv":[10.5,6.75,11.25,8.0],"rotation":0,"texture":"#0","tintindex":0},"down":{"uv":[10.5,6.75,11.25,8.0],"rotation":0,"texture":"#0","tintindex":0}}},{"from":[6.285714,18.285715,7.428571],"to":[9.714286,20.57143,8.571428],"rotation":{"angle":0.0,"axis":"y","origin":[8.0,19.428572,8.0]},"faces":{"east":{"uv":[10.75,4.25,11.5,5.5],"rotation":0,"texture":"#0","tintindex":0},"south":{"uv":[10.75,4.25,11.5,5.5],"rotation":0,"texture":"#0","tintindex":0},"north":{"uv":[10.75,4.25,11.5,5.5],"rotation":0,"texture":"#0","tintindex":0},"west":{"uv":[10.75,4.25,11.5,5.5],"rotation":0,"texture":"#0","tintindex":0},"up":{"uv":[10.75,4.25,11.5,5.5],"rotation":0,"texture":"#0","tintindex":0},"down":{"uv":[10.75,4.25,11.5,5.5],"rotation":0,"texture":"#0","tintindex":0}}}],"display":{"head":{"translation":[0.0,-6.4,0.0],"scale":[4.0,4.0,4.0]}}}