{
	"parent": "item/handheld",
	"textures": {
		"layer0": "item/redstone"
	},
	
	"overrides": [
		{"predicate": {"custom_model_data":1}, "model": "item/redstone/1"},
		{"predicate": {"custom_model_data":2}, "model": "item/redstone/2"},
		{"predicate": {"custom_model_data":3}, "model": "item/redstone/3"},
		{"predicate": {"custom_model_data":4}, "model": "item/redstone/4"},
		{"predicate": {"custom_model_data":5}, "model": "item/redstone/5"},
		{"predicate": {"custom_model_data":6}, "model": "item/redstone/6"},
		{"predicate": {"custom_model_data":7}, "model": "item/redstone/7"},
		{"predicate": {"custom_model_data":8}, "model": "item/redstone/8"}
	]
}