{
	"credit": "Made with Blockbench",
	"texture_size": [64, 64],
	"textures": {
		"0": "block/equipment/beekeep_2",
		"1": "block/equipment/beekeep",
		"particle": "block/equipment/beekeep_2"
	},
	"elements": [
		{
			"from": [3.5, 8, 3.5],
			"to": [14.5, 9, 14.5],
			"rotation": {"angle": 0, "axis": "y", "origin": [7, 8, 7]},
			"faces": {
				"north": {"uv": [4, 6.5, 6.75, 6.75], "texture": "#1"},
				"east": {"uv": [6.75, 0, 9.5, 0.25], "texture": "#1"},
				"south": {"uv": [6.75, 0.25, 9.5, 0.5], "texture": "#1"},
				"west": {"uv": [6.75, 0.5, 9.5, 0.75], "texture": "#1"},
				"up": {"uv": [2.75, 2.75, 0, 0], "texture": "#1"},
				"down": {"uv": [2.75, 2.75, 0, 5.5], "texture": "#1"}
			}
		},
		{
			"from": [4.5, 9, 4.5],
			"to": [13.5, 10, 13.5],
			"rotation": {"angle": 0, "axis": "y", "origin": [7, 9, 7]},
			"faces": {
				"north": {"uv": [6.75, 0.75, 9, 1], "texture": "#1"},
				"east": {"uv": [6.75, 1, 9, 1.25], "texture": "#1"},
				"south": {"uv": [6.75, 1.25, 9, 1.5], "texture": "#1"},
				"west": {"uv": [6.75, 1.5, 9, 1.75], "texture": "#1"},
				"up": {"uv": [5, 2.25, 2.75, 0], "texture": "#1"},
				"down": {"uv": [5, 2.25, 2.75, 4.5], "texture": "#1"}
			}
		},
		{
			"from": [5.1, 8.7, 5.1],
			"to": [12.9, 12, 12.9],
			"rotation": {"angle": 0, "axis": "y", "origin": [7, 10, 7]},
			"faces": {
				"north": {"uv": [5, 3.5, 7, 4.375], "texture": "#1"},
				"east": {"uv": [0, 5.5, 2, 6.375], "texture": "#1"},
				"south": {"uv": [0, 6.5, 2, 7.375], "texture": "#1"},
				"west": {"uv": [2, 6.5, 4, 7.375], "texture": "#1"},
				"up": {"uv": [4.75, 6.5, 2.75, 4.5], "texture": "#1"},
				"down": {"uv": [6.75, 4.5, 4.75, 6.5], "texture": "#1"}
			}
		},
		{
			"from": [5.6, 12, 5.6],
			"to": [12.4, 13.1, 12.4],
			"rotation": {"angle": 0, "axis": "y", "origin": [7, 12, 7]},
			"faces": {
				"north": {"uv": [6.75, 1.75, 8.5, 2], "texture": "#1"},
				"east": {"uv": [6.75, 2, 8.5, 2.25], "texture": "#1"},
				"south": {"uv": [6.75, 2.25, 8.5, 2.5], "texture": "#1"},
				"west": {"uv": [6.75, 2.5, 8.5, 2.75], "texture": "#1"},
				"up": {"uv": [6.75, 1.75, 5, 0], "texture": "#1"},
				"down": {"uv": [6.75, 1.75, 5, 3.5], "texture": "#1"}
			}
		},
		{
			"from": [5.6, 11.80887, 5.26089],
			"to": [12.4, 13.00887, 6.06089],
			"rotation": {"angle": 22.5, "axis": "x", "origin": [9.5, 12.30887, 5.66089]},
			"faces": {
				"north": {"uv": [6.75, 2.75, 8.5, 3], "texture": "#1"},
				"east": {"uv": [2, 5.5, 2.25, 5.75], "texture": "#1"},
				"south": {"uv": [6.75, 3, 8.5, 3.25], "texture": "#1"},
				"west": {"uv": [2.25, 5.5, 2.5, 5.75], "texture": "#1"},
				"up": {"uv": [8.5, 3.5, 6.75, 3.25], "texture": "#1"},
				"down": {"uv": [5.75, 6.75, 4, 7], "texture": "#1"}
			}
		},
		{
			"from": [6.9, 0.1, 4.2],
			"to": [7.3, 8, 4.6],
			"rotation": {"angle": 0, "axis": "y", "origin": [7.2, 5.1, 4.4]},
			"faces": {
				"north": {"uv": [5.5, 7, 5.625, 9], "texture": "#1"},
				"east": {"uv": [5.75, 7, 5.875, 9], "texture": "#1"},
				"south": {"uv": [6, 7, 6.125, 9], "texture": "#1"},
				"west": {"uv": [6.25, 7, 6.375, 9], "texture": "#1"},
				"up": {"uv": [2.625, 6.125, 2.5, 6], "texture": "#1"},
				"down": {"uv": [2.125, 6.25, 2, 6.375], "texture": "#1"}
			}
		},
		{
			"from": [6.9, 0.1, 13.4],
			"to": [7.3, 8, 13.8],
			"rotation": {"angle": 0, "axis": "y", "origin": [7.2, 5.1, 13.6]},
			"faces": {
				"north": {"uv": [6.5, 7, 6.625, 9], "texture": "#1"},
				"east": {"uv": [6.75, 7, 6.875, 9], "texture": "#1"},
				"south": {"uv": [7, 7, 7.125, 9], "texture": "#1"},
				"west": {"uv": [7.25, 7, 7.375, 9], "texture": "#1"},
				"up": {"uv": [7.625, 7.375, 7.5, 7.25], "texture": "#1"},
				"down": {"uv": [7.625, 7.5, 7.5, 7.625], "texture": "#1"}
			}
		},
		{
			"from": [14.05448, -0.27942, 4.1],
			"to": [14.45448, 0.12058, 13.9],
			"rotation": {"angle": 0, "axis": "y", "origin": [14.35448, -0.17942, 4.6]},
			"faces": {
				"north": {"uv": [3.5, 7.5, 3.625, 7.625], "texture": "#1"},
				"east": {"uv": [6.75, 6.25, 9.25, 6.375], "texture": "#1"},
				"south": {"uv": [3.75, 7.5, 3.875, 7.625], "texture": "#1"},
				"west": {"uv": [6.75, 6.5, 9.25, 6.625], "texture": "#1"},
				"up": {"uv": [5.125, 9.5, 5, 7], "texture": "#1"},
				"down": {"uv": [5.375, 7, 5.25, 9.5], "texture": "#1"}
			}
		},
		{
			"from": [3.55448, -0.27942, 4.2],
			"to": [3.95448, 0.12058, 13.8],
			"rotation": {"angle": 0, "axis": "y", "origin": [3.85448, -0.17942, 4.6]},
			"faces": {
				"north": {"uv": [3.5, 7.5, 3.625, 7.625], "texture": "#1"},
				"east": {"uv": [6.75, 6.25, 9.25, 6.375], "texture": "#1"},
				"south": {"uv": [3.75, 7.5, 3.875, 7.625], "texture": "#1"},
				"west": {"uv": [6.75, 6.5, 9.25, 6.625], "texture": "#1"},
				"up": {"uv": [5.125, 9.5, 5, 7], "texture": "#1"},
				"down": {"uv": [5.375, 7, 5.25, 9.5], "texture": "#1"}
			}
		},
		{
			"from": [14.25448, 0.12058, 4.1],
			"to": [14.25448, 8.02058, 13.9],
			"rotation": {"angle": 0, "axis": "y", "origin": [14.25448, 4.07058, 9]},
			"faces": {
				"north": {"uv": [0, 0, 0, 7.875], "texture": "#0"},
				"east": {"uv": [0, 0, 9.75, 7.875], "texture": "#0"},
				"south": {"uv": [0, 0, 0, 7.875], "texture": "#0"},
				"west": {"uv": [0, 8, 9.75, 15.875], "texture": "#0"},
				"up": {"uv": [0, 9.75, 0, 0], "texture": "#0"},
				"down": {"uv": [0, 0, 0, 9.75], "texture": "#0"}
			}
		},
		{
			"from": [14.3, -0.32942, 4.15],
			"to": [14.3, 8.97058, 13.75],
			"rotation": {"angle": 0, "axis": "y", "origin": [14.45448, 4.07058, 9]},
			"faces": {
				"north": {"uv": [0, 0, 0, 9.75], "rotation": 180, "texture": "#0"},
				"east": {"uv": [0, 0, 9.75, 7.875], "rotation": 270, "texture": "#0"},
				"south": {"uv": [0, 9.75, 0, 0], "texture": "#0"},
				"west": {"uv": [0, 8, 9.75, 15.875], "rotation": 90, "texture": "#0"},
				"up": {"uv": [0, 0, 0, 7.875], "rotation": 180, "texture": "#0"},
				"down": {"uv": [0, 0, 0, 7.875], "texture": "#0"}
			}
		},
		{
			"from": [14.3, 0.12058, 4.05],
			"to": [14.3, 8.02058, 13.85],
			"rotation": {"angle": 0, "axis": "y", "origin": [14.27724, 4.07058, 8.975]},
			"faces": {
				"north": {"uv": [0, 0, 0, 7.875], "texture": "#0"},
				"east": {"uv": [0, 8, 9.75, 15.875], "texture": "#0"},
				"south": {"uv": [0, 0, 0, 7.875], "texture": "#0"},
				"west": {"uv": [0, 0, 9.75, 7.875], "texture": "#0"},
				"up": {"uv": [0, 9.75, 0, 0], "rotation": 180, "texture": "#0"},
				"down": {"uv": [0, 0, 0, 9.75], "rotation": 180, "texture": "#0"}
			}
		},
		{
			"from": [14.25448, -0.12942, 4.2],
			"to": [14.25448, 8.97058, 13.8],
			"rotation": {"angle": 0, "axis": "y", "origin": [14.27724, 4.07058, 8.975]},
			"faces": {
				"north": {"uv": [0, 9.75, 0, 0], "texture": "#0"},
				"east": {"uv": [0, 8, 9.75, 15.875], "rotation": 90, "texture": "#0"},
				"south": {"uv": [0, 0, 0, 9.75], "rotation": 180, "texture": "#0"},
				"west": {"uv": [0, 0, 9.75, 7.875], "rotation": 270, "texture": "#0"},
				"up": {"uv": [0, 0, 0, 7.875], "texture": "#0"},
				"down": {"uv": [0, 0, 0, 7.875], "rotation": 180, "texture": "#0"}
			}
		},
		{
			"from": [3.75448, 0.12058, 4.1],
			"to": [3.75448, 8.02058, 13.9],
			"rotation": {"angle": 0, "axis": "y", "origin": [3.75448, 4.07058, 9]},
			"faces": {
				"north": {"uv": [0, 0, 0, 7.875], "texture": "#0"},
				"east": {"uv": [0, 0, 9.75, 7.875], "texture": "#0"},
				"south": {"uv": [0, 0, 0, 7.875], "texture": "#0"},
				"west": {"uv": [0, 8, 9.75, 15.875], "texture": "#0"},
				"up": {"uv": [0, 9.75, 0, 0], "texture": "#0"},
				"down": {"uv": [0, 0, 0, 9.75], "texture": "#0"}
			}
		},
		{
			"from": [3.8, -0.32942, 4.15],
			"to": [3.8, 8.97058, 13.75],
			"rotation": {"angle": 0, "axis": "y", "origin": [3.95448, 4.07058, 9]},
			"faces": {
				"north": {"uv": [0, 0, 0, 9.75], "rotation": 180, "texture": "#0"},
				"east": {"uv": [0, 0, 9.75, 7.875], "rotation": 270, "texture": "#0"},
				"south": {"uv": [0, 9.75, 0, 0], "texture": "#0"},
				"west": {"uv": [0, 8, 9.75, 15.875], "rotation": 90, "texture": "#0"},
				"up": {"uv": [0, 0, 0, 7.875], "rotation": 180, "texture": "#0"},
				"down": {"uv": [0, 0, 0, 7.875], "texture": "#0"}
			}
		},
		{
			"from": [3.75448, -0.12942, 4.2],
			"to": [3.75448, 8.97058, 13.8],
			"rotation": {"angle": 0, "axis": "y", "origin": [3.77724, 4.07058, 8.975]},
			"faces": {
				"north": {"uv": [0, 9.75, 0, 0], "texture": "#0"},
				"east": {"uv": [0, 8, 9.75, 15.875], "rotation": 90, "texture": "#0"},
				"south": {"uv": [0, 0, 0, 9.75], "rotation": 180, "texture": "#0"},
				"west": {"uv": [0, 0, 9.75, 7.875], "rotation": 270, "texture": "#0"},
				"up": {"uv": [0, 0, 0, 7.875], "texture": "#0"},
				"down": {"uv": [0, 0, 0, 7.875], "rotation": 180, "texture": "#0"}
			}
		},
		{
			"from": [3.8, 0.12058, 4.05],
			"to": [3.8, 8.02058, 13.85],
			"rotation": {"angle": 0, "axis": "y", "origin": [3.77724, 4.07058, 8.975]},
			"faces": {
				"north": {"uv": [0, 0, 0, 7.875], "texture": "#0"},
				"east": {"uv": [0, 8, 9.75, 15.875], "texture": "#0"},
				"south": {"uv": [0, 0, 0, 7.875], "texture": "#0"},
				"west": {"uv": [0, 0, 9.75, 7.875], "texture": "#0"},
				"up": {"uv": [0, 9.75, 0, 0], "rotation": 180, "texture": "#0"},
				"down": {"uv": [0, 0, 0, 9.75], "rotation": 180, "texture": "#0"}
			}
		},
		{
			"from": [3.65448, -0.07942, 13.7],
			"to": [14.15448, 8.02058, 13.7],
			"rotation": {"angle": 0, "axis": "y", "origin": [9.05448, 4.07058, 13.7]},
			"faces": {
				"north": {"uv": [0, 8, 9.75, 15.875], "texture": "#0"},
				"east": {"uv": [0, 0, 0, 7.875], "texture": "#0"},
				"south": {"uv": [0, 0, 9.75, 7.875], "texture": "#0"},
				"west": {"uv": [0, 0, 0, 7.875], "texture": "#0"},
				"up": {"uv": [0, 9.75, 0, 0], "rotation": 90, "texture": "#0"},
				"down": {"uv": [0, 0, 0, 9.75], "rotation": 270, "texture": "#0"}
			}
		},
		{
			"from": [4.00448, -0.22942, 13.54552],
			"to": [14.10448, 8.97058, 13.54552],
			"rotation": {"angle": 0, "axis": "y", "origin": [9.25448, 4.07058, 13.7]},
			"faces": {
				"north": {"uv": [0, 8, 9.75, 15.875], "rotation": 90, "texture": "#0"},
				"east": {"uv": [0, 0, 0, 9.75], "rotation": 180, "texture": "#0"},
				"south": {"uv": [0, 0, 9.75, 7.875], "rotation": 270, "texture": "#0"},
				"west": {"uv": [0, 9.75, 0, 0], "texture": "#0"},
				"up": {"uv": [0, 0, 0, 7.875], "rotation": 270, "texture": "#0"},
				"down": {"uv": [0, 0, 0, 7.875], "rotation": 270, "texture": "#0"}
			}
		},
		{
			"from": [3.80448, -0.07942, 13.54552],
			"to": [14.30448, 8.02058, 13.54552],
			"rotation": {"angle": 0, "axis": "y", "origin": [10.47948, 4.17058, 13.62276]},
			"faces": {
				"north": {"uv": [0, 0, 9.75, 7.875], "texture": "#0"},
				"east": {"uv": [0, 0, 0, 7.875], "texture": "#0"},
				"south": {"uv": [0, 8, 9.75, 15.875], "texture": "#0"},
				"west": {"uv": [0, 0, 0, 7.875], "texture": "#0"},
				"up": {"uv": [0, 9.75, 0, 0], "rotation": 270, "texture": "#0"},
				"down": {"uv": [0, 0, 0, 9.75], "rotation": 90, "texture": "#0"}
			}
		},
		{
			"from": [3.85448, -0.22942, 13.7],
			"to": [13.95448, 8.97058, 13.7],
			"rotation": {"angle": 0, "axis": "y", "origin": [10.47948, 4.17058, 13.62276]},
			"faces": {
				"north": {"uv": [0, 0, 9.75, 7.875], "rotation": 270, "texture": "#0"},
				"east": {"uv": [0, 9.75, 0, 0], "texture": "#0"},
				"south": {"uv": [0, 8, 9.75, 15.875], "rotation": 90, "texture": "#0"},
				"west": {"uv": [0, 0, 0, 9.75], "rotation": 180, "texture": "#0"},
				"up": {"uv": [0, 0, 0, 7.875], "rotation": 90, "texture": "#0"},
				"down": {"uv": [0, 0, 0, 7.875], "rotation": 90, "texture": "#0"}
			}
		},
		{
			"from": [3.65448, -0.07942, 4.4],
			"to": [14.15448, 8.02058, 4.4],
			"rotation": {"angle": 0, "axis": "y", "origin": [9.05448, 4.07058, 4.4]},
			"faces": {
				"north": {"uv": [0, 8, 9.75, 15.875], "texture": "#0"},
				"east": {"uv": [0, 0, 0, 7.875], "texture": "#0"},
				"south": {"uv": [0, 0, 9.75, 7.875], "texture": "#0"},
				"west": {"uv": [0, 0, 0, 7.875], "texture": "#0"},
				"up": {"uv": [0, 9.75, 0, 0], "rotation": 90, "texture": "#0"},
				"down": {"uv": [0, 0, 0, 9.75], "rotation": 270, "texture": "#0"}
			}
		},
		{
			"from": [4.00448, -0.22942, 4.24552],
			"to": [14.10448, 8.97058, 4.24552],
			"rotation": {"angle": 0, "axis": "y", "origin": [9.25448, 4.07058, 4.4]},
			"faces": {
				"north": {"uv": [0, 8, 9.75, 15.875], "rotation": 90, "texture": "#0"},
				"east": {"uv": [0, 0, 0, 9.75], "rotation": 180, "texture": "#0"},
				"south": {"uv": [0, 0, 9.75, 7.875], "rotation": 270, "texture": "#0"},
				"west": {"uv": [0, 9.75, 0, 0], "texture": "#0"},
				"up": {"uv": [0, 0, 0, 7.875], "rotation": 270, "texture": "#0"},
				"down": {"uv": [0, 0, 0, 7.875], "rotation": 270, "texture": "#0"}
			}
		},
		{
			"from": [3.85448, -0.22942, 4.4],
			"to": [13.95448, 8.97058, 4.4],
			"rotation": {"angle": 0, "axis": "y", "origin": [10.47948, 4.17058, 4.32276]},
			"faces": {
				"north": {"uv": [0, 0, 9.75, 7.875], "rotation": 270, "texture": "#0"},
				"east": {"uv": [0, 9.75, 0, 0], "texture": "#0"},
				"south": {"uv": [0, 8, 9.75, 15.875], "rotation": 90, "texture": "#0"},
				"west": {"uv": [0, 0, 0, 9.75], "rotation": 180, "texture": "#0"},
				"up": {"uv": [0, 0, 0, 7.875], "rotation": 90, "texture": "#0"},
				"down": {"uv": [0, 0, 0, 7.875], "rotation": 90, "texture": "#0"}
			}
		},
		{
			"from": [3.80448, -0.07942, 4.24552],
			"to": [14.30448, 8.02058, 4.24552],
			"rotation": {"angle": 0, "axis": "y", "origin": [10.47948, 4.17058, 4.32276]},
			"faces": {
				"north": {"uv": [0, 0, 9.75, 7.875], "texture": "#0"},
				"east": {"uv": [0, 0, 0, 7.875], "texture": "#0"},
				"south": {"uv": [0, 8, 9.75, 15.875], "texture": "#0"},
				"west": {"uv": [0, 0, 0, 7.875], "texture": "#0"},
				"up": {"uv": [0, 9.75, 0, 0], "rotation": 270, "texture": "#0"},
				"down": {"uv": [0, 0, 0, 9.75], "rotation": 90, "texture": "#0"}
			}
		},
		{
			"from": [3.95448, -0.27942, 4.2],
			"to": [14.05448, 0.12058, 4.6],
			"rotation": {"angle": 0, "axis": "y", "origin": [13.85448, -0.17942, 4.4]},
			"faces": {
				"north": {"uv": [7, 3.5, 8.75, 3.625], "texture": "#1"},
				"east": {"uv": [2.25, 6.25, 2.375, 6.375], "texture": "#1"},
				"south": {"uv": [7, 3.75, 8.75, 3.875], "texture": "#1"},
				"west": {"uv": [2.5, 6.25, 2.625, 6.375], "texture": "#1"},
				"up": {"uv": [8.75, 4.125, 7, 4], "texture": "#1"},
				"down": {"uv": [8.75, 4.25, 7, 4.375], "texture": "#1"}
			}
		},
		{
			"from": [3.95448, -0.27942, 13.4],
			"to": [14.05448, 0.12058, 13.8],
			"rotation": {"angle": 0, "axis": "y", "origin": [13.85448, -0.17942, 13.6]},
			"faces": {
				"north": {"uv": [0, 7.5, 1.75, 7.625], "texture": "#1"},
				"east": {"uv": [0, 7.75, 0.125, 7.875], "texture": "#1"},
				"south": {"uv": [1.75, 7.5, 3.5, 7.625], "texture": "#1"},
				"west": {"uv": [0.25, 7.75, 0.375, 7.875], "texture": "#1"},
				"up": {"uv": [9.25, 6.875, 7.5, 6.75], "texture": "#1"},
				"down": {"uv": [9.25, 7, 7.5, 7.125], "texture": "#1"}
			}
		},
		{
			"from": [5.6, 11.80887, 11.93911],
			"to": [12.4, 13.00887, 12.73911],
			"rotation": {"angle": -22.5, "axis": "x", "origin": [9.5, 12.30887, 12.33911]},
			"faces": {
				"north": {"uv": [6.75, 4.5, 8.5, 4.75], "texture": "#1"},
				"east": {"uv": [2.5, 5.5, 2.75, 5.75], "texture": "#1"},
				"south": {"uv": [6.75, 4.75, 8.5, 5], "texture": "#1"},
				"west": {"uv": [2, 5.75, 2.25, 6], "texture": "#1"},
				"up": {"uv": [8.5, 5.25, 6.75, 5], "texture": "#1"},
				"down": {"uv": [8.5, 5.25, 6.75, 5.5], "texture": "#1"}
			}
		},
		{
			"from": [5.26089, 11.80887, 5.6],
			"to": [6.06089, 13.00887, 12.4],
			"rotation": {"angle": -22.5, "axis": "z", "origin": [5.66089, 12.30887, 9.5]},
			"faces": {
				"north": {"uv": [2.25, 5.75, 2.5, 6], "texture": "#1"},
				"east": {"uv": [6.75, 5.5, 8.5, 5.75], "texture": "#1"},
				"south": {"uv": [2.5, 5.75, 2.75, 6], "texture": "#1"},
				"west": {"uv": [5.75, 6.75, 7.5, 7], "texture": "#1"},
				"up": {"uv": [4.25, 8.75, 4, 7], "texture": "#1"},
				"down": {"uv": [4.5, 7, 4.25, 8.75], "texture": "#1"}
			}
		},
		{
			"from": [11.93911, 11.80887, 5.6],
			"to": [12.73911, 13.00887, 12.4],
			"rotation": {"angle": 22.5, "axis": "z", "origin": [12.33911, 12.30887, 9.5]},
			"faces": {
				"north": {"uv": [2, 6, 2.25, 6.25], "texture": "#1"},
				"east": {"uv": [6.75, 5.75, 8.5, 6], "texture": "#1"},
				"south": {"uv": [2.25, 6, 2.5, 6.25], "texture": "#1"},
				"west": {"uv": [6.75, 6, 8.5, 6.25], "texture": "#1"},
				"up": {"uv": [4.75, 8.75, 4.5, 7], "texture": "#1"},
				"down": {"uv": [5, 7, 4.75, 8.75], "texture": "#1"}
			}
		}
	],
	"display": {
		"thirdperson_righthand": {
			"translation": [-0.25, 0, 0],
			"scale": [0.27, 0.27, 0.27]
		},
		"firstperson_righthand": {
			"translation": [0, 2, 0],
			"scale": [0.49, 0.49, 0.49]
		},
		"ground": {
			"translation": [-1.5, 9.25, -0.75]
		},
		"gui": {
			"rotation": [30, -150, 0],
			"translation": [1.25, 1.15, 0],
			"scale": [0.85, 0.85, 0.85]
		},
		"head": {
			"rotation": [180, -90, 180],
			"translation": [1.25, 5.25, -1.5],
			"scale": [1.40789, 1.40789, 1.43914]
		}
	},
	"groups": [
		0,
		1,
		2,
		3,
		4,
		5,
		6,
		7,
		8,
		{
			"name": "chains",
			"origin": [14.45448, 4.07058, 9],
			"color": 0,
			"children": [9, 10, 11, 12, 13, 14, 15, 16]
		},
		{
			"name": "chains",
			"origin": [14.45448, 4.07058, 9],
			"color": 0,
			"children": [17, 18, 19, 20, 21, 22, 23, 24]
		},
		25,
		26,
		27,
		28,
		29
	]
}