{"textures":{"0":"modelengine:entity/bee_angel"},"elements":[{"from":[9.502,8.002,6.252],"to":[9.998,8.498,9.748],"faces":{"east":{"uv":[7.0,1.0,8.0,1.25],"tintindex":0,"rotation":0,"texture":"#0"},"south":{"uv":[7.5,2.75,7.75,3.0],"tintindex":0,"rotation":0,"texture":"#0"},"north":{"uv":[7.5,2.5,7.75,2.75],"tintindex":0,"rotation":0,"texture":"#0"},"west":{"uv":[7.0,1.25,8.0,1.5],"tintindex":0,"rotation":0,"texture":"#0"},"up":{"uv":[3.75,7.5,3.5,6.5],"tintindex":0,"rotation":0,"texture":"#0"},"down":{"uv":[4.0,6.5,3.75,7.5],"tintindex":0,"rotation":0,"texture":"#0"}}},{"from":[6.002,8.002,6.252],"to":[6.498,8.498,9.748],"faces":{"east":{"uv":[3.0,6.0,4.0,6.25],"tintindex":0,"rotation":0,"texture":"#0"},"south":{"uv":[7.0,2.75,7.25,3.0],"tintindex":0,"rotation":0,"texture":"#0"},"north":{"uv":[7.0,2.5,7.25,2.75],"tintindex":0,"rotation":0,"texture":"#0"},"west":{"uv":[3.0,6.25,4.0,6.5],"tintindex":0,"rotation":0,"texture":"#0"},"up":{"uv":[3.25,7.5,3.0,6.5],"tintindex":0,"rotation":0,"texture":"#0"},"down":{"uv":[3.5,6.5,3.25,7.5],"tintindex":0,"rotation":0,"texture":"#0"}}},{"from":[6.0,8.0,6.25],"to":[10.0,8.5,6.75],"faces":{"east":{"uv":[7.25,2.5,7.5,2.75],"tintindex":0,"rotation":0,"texture":"#0"},"south":{"uv":[7.0,0.25,8.0,0.5],"tintindex":0,"rotation":0,"texture":"#0"},"north":{"uv":[7.0,0.0,8.0,0.25],"tintindex":0,"rotation":0,"texture":"#0"},"west":{"uv":[7.25,2.75,7.5,3.0],"tintindex":0,"rotation":0,"texture":"#0"},"up":{"uv":[8.0,0.75,7.0,0.5],"tintindex":0,"rotation":0,"texture":"#0"},"down":{"uv":[8.0,0.75,7.0,1.0],"tintindex":0,"rotation":0,"texture":"#0"}}},{"from":[6.0,8.0,9.25],"to":[10.0,8.5,9.75],"faces":{"east":{"uv":[3.0,7.5,3.25,7.75],"tintindex":0,"rotation":0,"texture":"#0"},"south":{"uv":[7.0,1.75,8.0,2.0],"tintindex":0,"rotation":0,"texture":"#0"},"north":{"uv":[7.0,1.5,8.0,1.75],"tintindex":0,"rotation":0,"texture":"#0"},"west":{"uv":[3.25,7.5,3.5,7.75],"tintindex":0,"rotation":0,"texture":"#0"},"up":{"uv":[8.0,2.25,7.0,2.0],"tintindex":0,"rotation":0,"texture":"#0"},"down":{"uv":[8.0,2.25,7.0,2.5],"tintindex":0,"rotation":0,"texture":"#0"}}}],"display":{"gui":{"rotation":[30,225,0]}}}