{"textures":{"0":"modelengine:entity/pudgelin"},"elements":[{"from":[8.33451,5.428571,7.428571],"to":[8.905938,8.285714,9.714286],"rotation":{"angle":22.5,"axis":"z","origin":[8.048796,6.857143,8.571428]},"faces":{"east":{"uv":[14.0,2.5,15.0,3.75],"rotation":0,"texture":"#0","tintindex":0},"south":{"uv":[10.75,2.5,11.0,3.75],"rotation":0,"texture":"#0","tintindex":0},"north":{"uv":[10.75,2.5,11.0,3.75],"rotation":0,"texture":"#0","tintindex":0},"west":{"uv":[12.75,2.5,13.75,3.75],"rotation":0,"texture":"#0","tintindex":0},"up":{"uv":[10.75,1.5,11.0,2.5],"rotation":0,"texture":"#0","tintindex":0},"down":{"uv":[11.0,2.5,11.25,3.5],"rotation":0,"texture":"#0","tintindex":0}}}],"display":{"head":{"translation":[0.0,-6.4,0.0],"scale":[4.0,4.0,4.0]}}}