{"textures":{"1":"modelengine:entity/bee_clover"},"elements":[{"from":[5.168,8.0,4.224],"to":[10.832,13.664,11.776],"faces":{"east":{"uv":[4.0,0.0,0.0,3.0],"tintindex":0,"rotation":0,"texture":"#1"},"south":{"uv":[3.0,6.0,0.0,9.0],"tintindex":0,"rotation":0,"texture":"#1"},"north":{"uv":[16.0,0.0,10.0,6.0],"tintindex":0,"rotation":0,"texture":"#1"},"west":{"uv":[4.0,3.0,0.0,6.0],"tintindex":0,"rotation":0,"texture":"#1"},"up":{"uv":[7.0,0.0,4.0,4.0],"tintindex":0,"rotation":0,"texture":"#1"},"down":{"uv":[7.0,8.0,4.0,4.0],"tintindex":0,"rotation":0,"texture":"#1"}}}],"display":{"gui":{"rotation":[30,225,0]}}}