{
	"credit": "Made with Blockbench",
	"texture_size": [92, 92],
	"textures": {
		"0": "item/pets/zoo/phoenix"
	},
	"elements": [
		{
			"name": "body",
			"from": [5.5, 4, 0],
			"to": [10.5, 7, 9],
			"rotation": {"angle": 0, "axis": "y", "origin": [8, 0, 8]},
			"faces": {
				"north": {"uv": [1.56522, 2.95652, 2.43478, 3.47826], "texture": "#0"},
				"east": {"uv": [0, 2.95652, 1.56522, 3.47826], "texture": "#0"},
				"south": {"uv": [4, 2.95652, 4.86957, 3.47826], "texture": "#0"},
				"west": {"uv": [2.43478, 2.95652, 4, 3.47826], "texture": "#0"},
				"up": {"uv": [2.43478, 2.95652, 1.56522, 1.3913], "texture": "#0"},
				"down": {"uv": [3.30435, 1.3913, 2.43478, 2.95652], "texture": "#0"}
			}
		},
		{
			"name": "fenix",
			"from": [4.75, 2.5, 6],
			"to": [6.75, 4.5, 9],
			"rotation": {"angle": 0, "axis": "y", "origin": [8, 0, 8]},
			"faces": {
				"north": {"uv": [6.78261, 0.69565, 7.13043, 1.04348], "texture": "#0"},
				"east": {"uv": [6.26087, 0.69565, 6.78261, 1.04348], "texture": "#0"},
				"south": {"uv": [7.65217, 0.69565, 8, 1.04348], "texture": "#0"},
				"west": {"uv": [7.13043, 0.69565, 7.65217, 1.04348], "texture": "#0"},
				"up": {"uv": [7.13043, 0.69565, 6.78261, 0.17391], "texture": "#0"},
				"down": {"uv": [7.47826, 0.17391, 7.13043, 0.69565], "texture": "#0"}
			}
		},
		{
			"name": "fenix",
			"from": [9.25, 2.5, 6],
			"to": [11.25, 4.5, 9],
			"rotation": {"angle": 0, "axis": "y", "origin": [8, 0, 8]},
			"faces": {
				"north": {"uv": [6.78261, 0.69565, 7.13043, 1.04348], "texture": "#0"},
				"east": {"uv": [6.26087, 0.69565, 6.78261, 1.04348], "texture": "#0"},
				"south": {"uv": [7.65217, 0.69565, 8, 1.04348], "texture": "#0"},
				"west": {"uv": [7.13043, 0.69565, 7.65217, 1.04348], "texture": "#0"},
				"up": {"uv": [7.13043, 0.69565, 6.78261, 0.17391], "texture": "#0"},
				"down": {"uv": [7.47826, 0.17391, 7.13043, 0.69565], "texture": "#0"}
			}
		},
		{
			"name": "fenix",
			"from": [4.5, 4, -1],
			"to": [11.5, 8, 11],
			"rotation": {"angle": 0, "axis": "y", "origin": [8, 0, 8]},
			"faces": {
				"north": {"uv": [2.08696, 13.91304, 3.30435, 14.6087], "texture": "#0"},
				"east": {"uv": [0, 13.91304, 2.08696, 14.6087], "texture": "#0"},
				"south": {"uv": [5.3913, 13.91304, 6.6087, 14.6087], "texture": "#0"},
				"west": {"uv": [3.30435, 13.91304, 5.3913, 14.6087], "texture": "#0"},
				"up": {"uv": [3.30435, 13.91304, 2.08696, 11.82609], "texture": "#0"},
				"down": {"uv": [4.52174, 11.82609, 3.30435, 13.91304], "texture": "#0"}
			}
		},
		{
			"name": "cabeza",
			"from": [4.5, 6, -9],
			"to": [11.5, 10, -2],
			"rotation": {"angle": 0, "axis": "y", "origin": [8, 0, 8]},
			"faces": {
				"north": {"uv": [7.30435, 12.17391, 8.52174, 12.86957], "texture": "#0"},
				"east": {"uv": [6.08696, 12.17391, 7.30435, 12.86957], "texture": "#0"},
				"south": {"uv": [9.73913, 12.17391, 10.95652, 12.86957], "texture": "#0"},
				"west": {"uv": [8.52174, 12.17391, 9.73913, 12.86957], "texture": "#0"},
				"up": {"uv": [8.52174, 12.17391, 7.30435, 10.95652], "texture": "#0"},
				"down": {"uv": [9.73913, 10.95652, 8.52174, 12.17391], "texture": "#0"}
			}
		},
		{
			"name": "cabeza",
			"from": [4.5, 6.25, -12],
			"to": [11.5, 8.25, -9],
			"rotation": {"angle": 0, "axis": "y", "origin": [8, 0, 8]},
			"faces": {
				"north": {"uv": [0.52174, 8, 1.73913, 8.34783], "texture": "#0"},
				"east": {"uv": [0, 8, 0.52174, 8.34783], "texture": "#0"},
				"south": {"uv": [2.26087, 8, 3.47826, 8.34783], "texture": "#0"},
				"west": {"uv": [1.73913, 8, 2.26087, 8.34783], "texture": "#0"},
				"up": {"uv": [1.73913, 8, 0.52174, 7.47826], "texture": "#0"},
				"down": {"uv": [2.95652, 7.47826, 1.73913, 8], "texture": "#0"}
			}
		},
		{
			"name": "cabeza",
			"from": [4.5, 5.25, -12],
			"to": [11.5, 6.25, -11],
			"rotation": {"angle": 0, "axis": "y", "origin": [8, 0, 8]},
			"faces": {
				"north": {"uv": [0.34783, 6.6087, 1.56522, 6.78261], "texture": "#0"},
				"east": {"uv": [0.17391, 6.6087, 0.34783, 6.78261], "texture": "#0"},
				"south": {"uv": [1.73913, 6.6087, 2.95652, 6.78261], "texture": "#0"},
				"west": {"uv": [1.56522, 6.6087, 1.73913, 6.78261], "texture": "#0"},
				"up": {"uv": [1.56522, 6.6087, 0.34783, 6.43478], "texture": "#0"},
				"down": {"uv": [2.78261, 6.43478, 1.56522, 6.6087], "texture": "#0"}
			}
		},
		{
			"name": "cabeza",
			"from": [4.7, 5.95, -11.3],
			"to": [11.3, 7.55, -8.7],
			"rotation": {"angle": 0, "axis": "y", "origin": [8, 0, 8]},
			"faces": {
				"north": {"uv": [0.52174, 9.73913, 1.73913, 10.08696], "texture": "#0"},
				"east": {"uv": [0, 9.73913, 0.52174, 10.08696], "texture": "#0"},
				"south": {"uv": [2.26087, 9.73913, 3.47826, 10.08696], "texture": "#0"},
				"west": {"uv": [1.73913, 9.73913, 2.26087, 10.08696], "texture": "#0"},
				"up": {"uv": [1.73913, 9.73913, 0.52174, 9.21739], "texture": "#0"},
				"down": {"uv": [2.95652, 9.21739, 1.73913, 9.73913], "texture": "#0"}
			}
		},
		{
			"name": "bone7",
			"from": [4.7, 6.2, -5.8],
			"to": [11.3, 9.8, 0.8],
			"rotation": {"angle": 0, "axis": "y", "origin": [8, 0, 8]},
			"faces": {
				"north": {"uv": [5.21739, 8, 6.43478, 8.69565], "texture": "#0"},
				"east": {"uv": [4, 8, 5.21739, 8.69565], "texture": "#0"},
				"south": {"uv": [7.65217, 8, 8.86957, 8.69565], "texture": "#0"},
				"west": {"uv": [6.43478, 8, 7.65217, 8.69565], "texture": "#0"},
				"up": {"uv": [6.43478, 8, 5.21739, 6.78261], "texture": "#0"},
				"down": {"uv": [7.65217, 6.78261, 6.43478, 8], "texture": "#0"}
			}
		},
		{
			"name": "bone8",
			"from": [4.5, 9.5, -3.75],
			"to": [7.5, 9.5, 3.25],
			"rotation": {"angle": 0, "axis": "y", "origin": [8, 0, 8]},
			"faces": {
				"north": {"uv": [10.26087, 8.17391, 10.78261, 8.17391], "texture": "#0"},
				"east": {"uv": [9.04348, 8.17391, 10.26087, 8.17391], "texture": "#0"},
				"south": {"uv": [12, 8.17391, 12.52174, 8.17391], "texture": "#0"},
				"west": {"uv": [10.78261, 8.17391, 12, 8.17391], "texture": "#0"},
				"up": {"uv": [10.78261, 8.17391, 10.26087, 6.95652], "texture": "#0"},
				"down": {"uv": [11.30435, 6.95652, 10.78261, 8.17391], "texture": "#0"}
			}
		},
		{
			"name": "bone9",
			"from": [8.5, 10, -5],
			"to": [11.5, 10, 2],
			"rotation": {"angle": 0, "axis": "y", "origin": [8, 0, 8]},
			"faces": {
				"north": {"uv": [10.08696, 9.73913, 10.6087, 9.73913], "texture": "#0"},
				"east": {"uv": [8.86957, 9.73913, 10.08696, 9.73913], "texture": "#0"},
				"south": {"uv": [11.82609, 9.73913, 12.34783, 9.73913], "texture": "#0"},
				"west": {"uv": [10.6087, 9.73913, 11.82609, 9.73913], "texture": "#0"},
				"up": {"uv": [10.6087, 9.73913, 10.08696, 8.52174], "texture": "#0"},
				"down": {"uv": [11.13043, 8.52174, 10.6087, 9.73913], "texture": "#0"}
			}
		},
		{
			"name": "bone",
			"from": [5, 4, -3.5],
			"to": [11, 8, 0.5],
			"rotation": {"angle": 0, "axis": "y", "origin": [8, 0, 8]},
			"faces": {
				"north": {"uv": [5.04348, 9.73913, 6.08696, 10.43478], "texture": "#0"},
				"east": {"uv": [4.34783, 9.73913, 5.04348, 10.43478], "texture": "#0"},
				"south": {"uv": [6.78261, 9.73913, 7.82609, 10.43478], "texture": "#0"},
				"west": {"uv": [6.08696, 9.73913, 6.78261, 10.43478], "texture": "#0"},
				"up": {"uv": [6.08696, 9.73913, 5.04348, 9.04348], "texture": "#0"},
				"down": {"uv": [7.13043, 9.04348, 6.08696, 9.73913], "texture": "#0"}
			}
		},
		{
			"name": "cola",
			"from": [3.95, 6.7, 10.95],
			"to": [8.05, 6.8, 23.05],
			"rotation": {"angle": 0, "axis": "y", "origin": [8, 0, 8]},
			"faces": {
				"north": {"uv": [14.6087, 11.47826, 15.30435, 11.47826], "texture": "#0"},
				"east": {"uv": [12.52174, 11.47826, 14.6087, 11.47826], "texture": "#0"},
				"south": {"uv": [17.3913, 11.47826, 18.08696, 11.47826], "texture": "#0"},
				"west": {"uv": [15.30435, 11.47826, 17.3913, 11.47826], "texture": "#0"},
				"up": {"uv": [15.30435, 11.47826, 14.6087, 9.3913], "texture": "#0"},
				"down": {"uv": [15.30435, 9.3913, 14.6087, 11.47826], "texture": "#0"}
			}
		},
		{
			"name": "cola",
			"from": [7.95, 6.7, 10.95],
			"to": [12.05, 6.8, 23.05],
			"rotation": {"angle": 0, "axis": "y", "origin": [8, 0, 8]},
			"faces": {
				"north": {"uv": [14.6087, 11.47826, 15.30435, 11.47826], "texture": "#0"},
				"east": {"uv": [12.52174, 11.47826, 14.6087, 11.47826], "texture": "#0"},
				"south": {"uv": [17.3913, 11.47826, 18.08696, 11.47826], "texture": "#0"},
				"west": {"uv": [15.30435, 11.47826, 17.3913, 11.47826], "texture": "#0"},
				"up": {"uv": [15.30435, 11.47826, 14.6087, 9.3913], "texture": "#0"},
				"down": {"uv": [15.30435, 9.3913, 14.6087, 11.47826], "texture": "#0"}
			}
		},
		{
			"name": "bone3",
			"from": [3.45, 6.95, 10.95],
			"to": [7.55, 7.05, 23.05],
			"rotation": {"angle": 0, "axis": "y", "origin": [8, 0, 8]},
			"faces": {
				"north": {"uv": [13.91304, 9.04348, 14.6087, 9.04348], "texture": "#0"},
				"east": {"uv": [11.82609, 9.04348, 13.91304, 9.04348], "texture": "#0"},
				"south": {"uv": [16.69565, 9.04348, 17.3913, 9.04348], "texture": "#0"},
				"west": {"uv": [14.6087, 9.04348, 16.69565, 9.04348], "texture": "#0"},
				"up": {"uv": [14.6087, 9.04348, 13.91304, 6.95652], "texture": "#0"},
				"down": {"uv": [15.30435, 6.95652, 14.6087, 9.04348], "texture": "#0"}
			}
		},
		{
			"name": "bone5",
			"from": [8.45, 6.95, 10.95],
			"to": [12.55, 7.05, 23.05],
			"rotation": {"angle": 0, "axis": "y", "origin": [8, 0, 8]},
			"faces": {
				"north": {"uv": [13.91304, 9.04348, 14.6087, 9.04348], "texture": "#0"},
				"east": {"uv": [11.82609, 9.04348, 13.91304, 9.04348], "texture": "#0"},
				"south": {"uv": [16.69565, 9.04348, 17.3913, 9.04348], "texture": "#0"},
				"west": {"uv": [14.6087, 9.04348, 16.69565, 9.04348], "texture": "#0"},
				"up": {"uv": [14.6087, 9.04348, 13.91304, 6.95652], "texture": "#0"},
				"down": {"uv": [15.30435, 6.95652, 14.6087, 9.04348], "texture": "#0"}
			}
		},
		{
			"name": "cola_a_izquierda",
			"from": [4.74, 2.99, 8.99],
			"to": [4.76, 9.01, 30.01],
			"rotation": {"angle": 0, "axis": "y", "origin": [8, 0, 8]},
			"faces": {
				"north": {"uv": [12.17391, 0, 12.17391, 1.04348], "texture": "#0"},
				"east": {"uv": [16, 0, 12.34783, 1.04348], "texture": "#0"},
				"south": {"uv": [15.82609, 0, 15.82609, 1.04348], "texture": "#0"},
				"west": {"uv": [12.17391, 0, 15.82609, 1.04348], "texture": "#0"},
				"up": {"uv": [12.17391, 0, 12.17391, -3.65217], "texture": "#0"},
				"down": {"uv": [12.17391, -3.65217, 12.17391, 0], "texture": "#0"}
			}
		},
		{
			"name": "cola_a_central",
			"from": [7.99, 2.49, 2.98],
			"to": [8.01, 8.51, 32],
			"rotation": {"angle": 0, "axis": "y", "origin": [8, 0, 8]},
			"faces": {
				"north": {"uv": [10.95652, 1.21739, 10.95652, 2.26087], "texture": "#0"},
				"east": {"uv": [16, 1.21739, 10.95652, 2.26087], "texture": "#0"},
				"south": {"uv": [16, 1.21739, 16, 2.26087], "texture": "#0"},
				"west": {"uv": [10.95652, 1.21739, 16, 2.26087], "texture": "#0"},
				"up": {"uv": [10.95652, 1.21739, 10.95652, -3.82609], "texture": "#0"},
				"down": {"uv": [10.95652, -3.82609, 10.95652, 1.21739], "texture": "#0"}
			}
		},
		{
			"name": "cola_a_derecha",
			"from": [10.74, 2.99, 8.99],
			"to": [10.76, 9.01, 30.01],
			"rotation": {"angle": 0, "axis": "y", "origin": [8, 0, 8]},
			"faces": {
				"north": {"uv": [12.17391, 0, 12.17391, 1.04348], "texture": "#0"},
				"east": {"uv": [16, 0, 12.34783, 1.04348], "texture": "#0"},
				"south": {"uv": [15.82609, 0, 15.82609, 1.04348], "texture": "#0"},
				"west": {"uv": [12.17391, 0, 15.82609, 1.04348], "texture": "#0"},
				"up": {"uv": [12.17391, 0, 12.17391, -3.65217], "texture": "#0"},
				"down": {"uv": [12.17391, -3.65217, 12.17391, 0], "texture": "#0"}
			}
		},
		{
			"name": "ala2",
			"from": [-15.5, 6, 1],
			"to": [-4.5, 8, 3],
			"rotation": {"angle": 0, "axis": "y", "origin": [8, 0, 8]},
			"faces": {
				"north": {"uv": [11.82609, 13.73913, 13.73913, 14.08696], "texture": "#0"},
				"east": {"uv": [11.47826, 13.73913, 11.82609, 14.08696], "texture": "#0"},
				"south": {"uv": [14.08696, 13.73913, 16, 14.08696], "texture": "#0"},
				"west": {"uv": [13.73913, 13.73913, 14.08696, 14.08696], "texture": "#0"},
				"up": {"uv": [11.82609, 13.73913, 13.73913, 13.3913], "texture": "#0"},
				"down": {"uv": [15.65217, 13.3913, 13.73913, 13.73913], "texture": "#0"}
			}
		},
		{
			"name": "ala2",
			"from": [-15.55, 7.2, 2.45],
			"to": [-4.45, 7.3, 12.55],
			"rotation": {"angle": 0, "axis": "y", "origin": [8, 0, 8]},
			"faces": {
				"north": {"uv": [12.17391, 16, 14.08696, 16], "texture": "#0"},
				"east": {"uv": [10.43478, 16, 12.17391, 16], "texture": "#0"},
				"south": {"uv": [15.82609, 16, 17.73913, 16], "texture": "#0"},
				"west": {"uv": [14.08696, 16, 15.82609, 16], "texture": "#0"},
				"up": {"uv": [12.17391, 16, 14.08696, 14.26087], "texture": "#0"},
				"down": {"uv": [14.08696, 14.26087, 12.17391, 16], "texture": "#0"}
			}
		},
		{
			"name": "bone13",
			"from": [-6, 6, 1],
			"to": [5, 8, 3],
			"rotation": {"angle": 0, "axis": "y", "origin": [8, 0, 8]},
			"faces": {
				"north": {"uv": [6.08696, 15.65217, 8, 16], "texture": "#0"},
				"east": {"uv": [5.73913, 15.65217, 6.08696, 16], "texture": "#0"},
				"south": {"uv": [8.34783, 15.65217, 10.26087, 16], "texture": "#0"},
				"west": {"uv": [8, 15.65217, 8.34783, 16], "texture": "#0"},
				"up": {"uv": [6.08696, 15.65217, 8, 15.30435], "texture": "#0"},
				"down": {"uv": [9.91304, 15.30435, 8, 15.65217], "texture": "#0"}
			}
		},
		{
			"name": "bone14",
			"from": [-5.54, 7.21, 1.21],
			"to": [-2.46, 7.29, 12.29],
			"rotation": {"angle": 0, "axis": "y", "origin": [8, 0, 8]},
			"faces": {
				"north": {"uv": [10.6087, 16, 11.13043, 16], "texture": "#0"},
				"east": {"uv": [8.69565, 16, 10.6087, 16], "texture": "#0"},
				"south": {"uv": [13.04348, 16, 13.56522, 16], "texture": "#0"},
				"west": {"uv": [11.13043, 16, 13.04348, 16], "texture": "#0"},
				"up": {"uv": [10.6087, 16, 11.13043, 14.08696], "texture": "#0"},
				"down": {"uv": [11.13043, 14.08696, 10.6087, 16], "texture": "#0"}
			}
		},
		{
			"name": "bone15",
			"from": [-3.05, 7.2, 1.95],
			"to": [0.05, 7.3, 13.05],
			"rotation": {"angle": 0, "axis": "y", "origin": [8, 0, 8]},
			"faces": {
				"north": {"uv": [10.6087, 16, 11.13043, 16], "texture": "#0"},
				"east": {"uv": [8.69565, 16, 10.6087, 16], "texture": "#0"},
				"south": {"uv": [13.04348, 16, 13.56522, 16], "texture": "#0"},
				"west": {"uv": [11.13043, 16, 13.04348, 16], "texture": "#0"},
				"up": {"uv": [10.6087, 16, 11.13043, 14.08696], "texture": "#0"},
				"down": {"uv": [11.13043, 14.08696, 10.6087, 16], "texture": "#0"}
			}
		},
		{
			"name": "bone16",
			"from": [-0.29, 7.21, 1.96],
			"to": [2.79, 7.29, 13.04],
			"rotation": {"angle": 0, "axis": "y", "origin": [8, 0, 8]},
			"faces": {
				"north": {"uv": [10.6087, 16, 11.13043, 16], "texture": "#0"},
				"east": {"uv": [8.69565, 16, 10.6087, 16], "texture": "#0"},
				"south": {"uv": [13.04348, 16, 13.56522, 16], "texture": "#0"},
				"west": {"uv": [11.13043, 16, 13.04348, 16], "texture": "#0"},
				"up": {"uv": [10.6087, 16, 11.13043, 14.08696], "texture": "#0"},
				"down": {"uv": [11.13043, 14.08696, 10.6087, 16], "texture": "#0"}
			}
		},
		{
			"name": "bone17",
			"from": [1.9, 7.2, 1.95],
			"to": [5, 7.3, 13.05],
			"rotation": {"angle": 0, "axis": "y", "origin": [8, 0, 8]},
			"faces": {
				"north": {"uv": [10.6087, 16, 11.13043, 16], "texture": "#0"},
				"east": {"uv": [8.69565, 16, 10.6087, 16], "texture": "#0"},
				"south": {"uv": [13.04348, 16, 13.56522, 16], "texture": "#0"},
				"west": {"uv": [11.13043, 16, 13.04348, 16], "texture": "#0"},
				"up": {"uv": [10.6087, 16, 11.13043, 14.08696], "texture": "#0"},
				"down": {"uv": [11.13043, 14.08696, 10.6087, 16], "texture": "#0"}
			}
		},
		{
			"name": "bone18",
			"from": [1.92, 7.21, -0.04],
			"to": [5, 7.29, 11.04],
			"rotation": {"angle": 0, "axis": "y", "origin": [8, 0, 8]},
			"faces": {
				"north": {"uv": [10.6087, 16, 11.13043, 16], "texture": "#0"},
				"east": {"uv": [8.69565, 16, 10.6087, 16], "texture": "#0"},
				"south": {"uv": [13.04348, 16, 13.56522, 16], "texture": "#0"},
				"west": {"uv": [11.13043, 16, 13.04348, 16], "texture": "#0"},
				"up": {"uv": [10.6087, 16, 11.13043, 14.08696], "texture": "#0"},
				"down": {"uv": [11.65217, 14.08696, 11.13043, 16], "texture": "#0"}
			}
		},
		{
			"name": "ala2",
			"from": [11.5, 6, 1],
			"to": [22.5, 8, 3],
			"rotation": {"angle": 0, "axis": "y", "origin": [8, 0, 8]},
			"faces": {
				"north": {"uv": [11.82609, 13.73913, 13.73913, 14.08696], "texture": "#0"},
				"east": {"uv": [11.47826, 13.73913, 11.82609, 14.08696], "texture": "#0"},
				"south": {"uv": [14.08696, 13.73913, 16, 14.08696], "texture": "#0"},
				"west": {"uv": [13.73913, 13.73913, 14.08696, 14.08696], "texture": "#0"},
				"up": {"uv": [13.73913, 13.73913, 11.82609, 13.3913], "texture": "#0"},
				"down": {"uv": [15.65217, 13.3913, 13.73913, 13.73913], "texture": "#0"}
			}
		},
		{
			"name": "ala2",
			"from": [11.45, 7.2, 2.45],
			"to": [22.55, 7.3, 12.55],
			"rotation": {"angle": 0, "axis": "y", "origin": [8, 0, 8]},
			"faces": {
				"north": {"uv": [12.17391, 16, 14.08696, 16], "texture": "#0"},
				"east": {"uv": [10.43478, 16, 12.17391, 16], "texture": "#0"},
				"south": {"uv": [15.82609, 16, 17.73913, 16], "texture": "#0"},
				"west": {"uv": [14.08696, 16, 15.82609, 16], "texture": "#0"},
				"up": {"uv": [14.08696, 16, 12.17391, 14.26087], "texture": "#0"},
				"down": {"uv": [14.08696, 14.26087, 12.17391, 16], "texture": "#0"}
			}
		},
		{
			"name": "bone13",
			"from": [21, 6, 1],
			"to": [32, 8, 3],
			"rotation": {"angle": 0, "axis": "y", "origin": [8, 0, 8]},
			"faces": {
				"north": {"uv": [6.08696, 15.65217, 8, 16], "texture": "#0"},
				"east": {"uv": [5.73913, 15.65217, 6.08696, 16], "texture": "#0"},
				"south": {"uv": [8.34783, 15.65217, 10.26087, 16], "texture": "#0"},
				"west": {"uv": [8, 15.65217, 8.34783, 16], "texture": "#0"},
				"up": {"uv": [8, 15.65217, 6.08696, 15.30435], "texture": "#0"},
				"down": {"uv": [9.91304, 15.30435, 8, 15.65217], "texture": "#0"}
			}
		},
		{
			"name": "bone14",
			"from": [21.46, 7.21, 1.21],
			"to": [24.54, 7.29, 12.29],
			"rotation": {"angle": 0, "axis": "y", "origin": [8, 0, 8]},
			"faces": {
				"north": {"uv": [10.6087, 16, 11.13043, 16], "texture": "#0"},
				"east": {"uv": [8.69565, 16, 10.6087, 16], "texture": "#0"},
				"south": {"uv": [13.04348, 16, 13.56522, 16], "texture": "#0"},
				"west": {"uv": [11.13043, 16, 13.04348, 16], "texture": "#0"},
				"up": {"uv": [11.13043, 16, 10.6087, 14.08696], "texture": "#0"},
				"down": {"uv": [11.13043, 14.08696, 10.6087, 16], "texture": "#0"}
			}
		},
		{
			"name": "bone15",
			"from": [23.95, 7.2, 1.95],
			"to": [27.05, 7.3, 13.05],
			"rotation": {"angle": 0, "axis": "y", "origin": [8, 0, 8]},
			"faces": {
				"north": {"uv": [10.6087, 16, 11.13043, 16], "texture": "#0"},
				"east": {"uv": [8.69565, 16, 10.6087, 16], "texture": "#0"},
				"south": {"uv": [13.04348, 16, 13.56522, 16], "texture": "#0"},
				"west": {"uv": [11.13043, 16, 13.04348, 16], "texture": "#0"},
				"up": {"uv": [11.13043, 16, 10.6087, 14.08696], "texture": "#0"},
				"down": {"uv": [11.13043, 14.08696, 10.6087, 16], "texture": "#0"}
			}
		},
		{
			"name": "bone16",
			"from": [26.71, 7.21, 1.96],
			"to": [29.79, 7.29, 13.04],
			"rotation": {"angle": 0, "axis": "y", "origin": [8, 0, 8]},
			"faces": {
				"north": {"uv": [10.6087, 16, 11.13043, 16], "texture": "#0"},
				"east": {"uv": [8.69565, 16, 10.6087, 16], "texture": "#0"},
				"south": {"uv": [13.04348, 16, 13.56522, 16], "texture": "#0"},
				"west": {"uv": [11.13043, 16, 13.04348, 16], "texture": "#0"},
				"up": {"uv": [11.13043, 16, 10.6087, 14.08696], "texture": "#0"},
				"down": {"uv": [11.13043, 14.08696, 10.6087, 16], "texture": "#0"}
			}
		},
		{
			"name": "bone17",
			"from": [28.9, 7.2, 1.95],
			"to": [32, 7.3, 13.05],
			"rotation": {"angle": 0, "axis": "y", "origin": [8, 0, 8]},
			"faces": {
				"north": {"uv": [10.6087, 16, 11.13043, 16], "texture": "#0"},
				"east": {"uv": [8.69565, 16, 10.6087, 16], "texture": "#0"},
				"south": {"uv": [13.04348, 16, 13.56522, 16], "texture": "#0"},
				"west": {"uv": [11.13043, 16, 13.04348, 16], "texture": "#0"},
				"up": {"uv": [11.13043, 16, 10.6087, 14.08696], "texture": "#0"},
				"down": {"uv": [11.13043, 14.08696, 10.6087, 16], "texture": "#0"}
			}
		},
		{
			"name": "bone18",
			"from": [28.92, 7.21, -0.04],
			"to": [32, 7.29, 11.04],
			"rotation": {"angle": 0, "axis": "y", "origin": [8, 0, 8]},
			"faces": {
				"north": {"uv": [10.6087, 16, 11.13043, 16], "texture": "#0"},
				"east": {"uv": [8.69565, 16, 10.6087, 16], "texture": "#0"},
				"south": {"uv": [13.04348, 16, 13.56522, 16], "texture": "#0"},
				"west": {"uv": [11.13043, 16, 13.04348, 16], "texture": "#0"},
				"up": {"uv": [11.13043, 16, 10.6087, 14.08696], "texture": "#0"},
				"down": {"uv": [11.65217, 14.08696, 11.13043, 16], "texture": "#0"}
			}
		},
		{
			"name": "head",
			"from": [4.5, 2.75, -5],
			"to": [11.5, 5.75, 0],
			"rotation": {"angle": 0, "axis": "y", "origin": [8, 0, 8]},
			"faces": {
				"north": {"uv": [0.86957, 0.86957, 2.08696, 1.3913], "texture": "#0"},
				"east": {"uv": [0, 0.86957, 0.86957, 1.3913], "texture": "#0"},
				"south": {"uv": [2.95652, 0.86957, 4.17391, 1.3913], "texture": "#0"},
				"west": {"uv": [2.08696, 0.86957, 2.95652, 1.3913], "texture": "#0"},
				"up": {"uv": [2.08696, 0.86957, 0.86957, 0], "texture": "#0"},
				"down": {"uv": [3.30435, 0, 2.08696, 0.86957], "texture": "#0"}
			}
		},
		{
			"name": "left_wing",
			"from": [-0.5, 5, 0],
			"to": [5.5, 7, 9],
			"rotation": {"angle": 0, "axis": "y", "origin": [8, 0, 8]},
			"faces": {
				"north": {"uv": [5.56522, 3.65217, 6.6087, 4], "texture": "#0"},
				"east": {"uv": [4, 3.65217, 5.56522, 4], "texture": "#0"},
				"south": {"uv": [8.17391, 3.65217, 9.21739, 4], "texture": "#0"},
				"west": {"uv": [6.6087, 3.65217, 8.17391, 4], "texture": "#0"},
				"up": {"uv": [6.6087, 3.65217, 5.56522, 2.08696], "texture": "#0"},
				"down": {"uv": [7.65217, 2.08696, 6.6087, 3.65217], "texture": "#0"}
			}
		},
		{
			"name": "left_wing_tip",
			"from": [-13.5, 6, 0],
			"to": [-0.5, 7, 9],
			"rotation": {"angle": 0, "axis": "y", "origin": [8, 0, 8]},
			"faces": {
				"north": {"uv": [4.34783, 5.73913, 6.6087, 5.91304], "texture": "#0"},
				"east": {"uv": [2.78261, 5.73913, 4.34783, 5.91304], "texture": "#0"},
				"south": {"uv": [8.17391, 5.73913, 10.43478, 5.91304], "texture": "#0"},
				"west": {"uv": [6.6087, 5.73913, 8.17391, 5.91304], "texture": "#0"},
				"up": {"uv": [6.6087, 5.73913, 4.34783, 4.17391], "texture": "#0"},
				"down": {"uv": [8.86957, 4.17391, 6.6087, 5.73913], "texture": "#0"}
			}
		},
		{
			"name": "right_wing",
			"from": [10.5, 5, 0],
			"to": [16.5, 7, 9],
			"rotation": {"angle": 0, "axis": "x", "origin": [8, 0, 8]},
			"faces": {
				"north": {"uv": [6.6087, 3.65217, 5.56522, 4], "texture": "#0"},
				"east": {"uv": [8.17391, 3.65217, 6.6087, 4], "texture": "#0"},
				"south": {"uv": [9.21739, 3.65217, 8.17391, 4], "texture": "#0"},
				"west": {"uv": [5.56522, 3.65217, 4, 4], "texture": "#0"},
				"up": {"uv": [5.56522, 3.65217, 6.6087, 2.08696], "texture": "#0"},
				"down": {"uv": [6.6087, 2.08696, 7.65217, 3.65217], "texture": "#0"}
			}
		},
		{
			"name": "right_wing_tip",
			"from": [16.5, 6, 0],
			"to": [29.5, 7, 9],
			"rotation": {"angle": 0, "axis": "y", "origin": [8, 0, 8]},
			"faces": {
				"north": {"uv": [6.6087, 5.73913, 4.34783, 5.91304], "texture": "#0"},
				"east": {"uv": [8.17391, 5.73913, 6.6087, 5.91304], "texture": "#0"},
				"south": {"uv": [10.43478, 5.73913, 8.17391, 5.91304], "texture": "#0"},
				"west": {"uv": [4.34783, 5.73913, 2.78261, 5.91304], "texture": "#0"},
				"up": {"uv": [4.34783, 5.73913, 6.6087, 4.17391], "texture": "#0"},
				"down": {"uv": [6.6087, 4.17391, 8.86957, 5.73913], "texture": "#0"}
			}
		},
		{
			"name": "tail",
			"from": [6.5, 5, 9],
			"to": [9.5, 7, 15],
			"rotation": {"angle": 0, "axis": "y", "origin": [8, 0, 8]},
			"faces": {
				"north": {"uv": [1.56522, 4.52174, 2.08696, 4.86957], "texture": "#0"},
				"east": {"uv": [0.52174, 4.52174, 1.56522, 4.86957], "texture": "#0"},
				"south": {"uv": [3.13043, 4.52174, 3.65217, 4.86957], "texture": "#0"},
				"west": {"uv": [2.08696, 4.52174, 3.13043, 4.86957], "texture": "#0"},
				"up": {"uv": [2.08696, 4.52174, 1.56522, 3.47826], "texture": "#0"},
				"down": {"uv": [2.6087, 3.47826, 2.08696, 4.52174], "texture": "#0"}
			}
		},
		{
			"name": "tail2",
			"from": [7.5, 5.5, 15],
			"to": [8.5, 6.5, 21],
			"rotation": {"angle": 0, "axis": "y", "origin": [8, 0, 8]},
			"faces": {
				"north": {"uv": [1.73913, 6.08696, 1.91304, 6.26087], "texture": "#0"},
				"east": {"uv": [0.69565, 6.08696, 1.73913, 6.26087], "texture": "#0"},
				"south": {"uv": [2.95652, 6.08696, 3.13043, 6.26087], "texture": "#0"},
				"west": {"uv": [1.91304, 6.08696, 2.95652, 6.26087], "texture": "#0"},
				"up": {"uv": [1.91304, 6.08696, 1.73913, 5.04348], "texture": "#0"},
				"down": {"uv": [2.08696, 5.04348, 1.91304, 6.08696], "texture": "#0"}
			}
		}
	],
	"display": {
		"thirdperson_righthand": {
			"translation": [0, 1.75, 0],
			"scale": [0.34, 0.34, 0.34]
		},
		"firstperson_righthand": {
			"rotation": [15, 0, 0],
			"translation": [1.5, 1, 0],
			"scale": [0.39, 0.39, 0.39]
		},
		"ground": {
			"scale": [0.37, 0.37, 0.37]
		},
		"gui": {
			"rotation": [30, -150, 0],
			"translation": [-0.5, 1.25, 0],
			"scale": [0.5, 0.75, 0.75]
		},
		"head": {
			"translation": [0, 8, 0],
			"scale": [0.45, 0.45, 0.45]
		},
		"fixed": {
			"rotation": [90, 0, 180],
			"scale": [0.41, 0.41, 0.41]
		}
	},
	"groups": [
		{
			"name": "body",
			"origin": [7.5, 5, 8],
			"color": 0,
			"children": [
				0,
				{
					"name": "fenix",
					"origin": [7.5, 0, 8],
					"color": 0,
					"children": [
						1,
						2,
						3,
						{
							"name": "cabeza",
							"origin": [7.5, 0, -5],
							"color": 0,
							"children": [
								4,
								5,
								6,
								7,
								{
									"name": "bone7",
									"origin": [7.5, 9, -5],
									"color": 0,
									"children": [8]
								},
								{
									"name": "bone8",
									"origin": [7.5, 9, -4],
									"color": 0,
									"children": [9]
								},
								{
									"name": "bone9",
									"origin": [11.5, 9, -4],
									"color": 0,
									"children": [10]
								}
							]
						},
						{
							"name": "bone",
							"origin": [7.5, 6, 0.5],
							"color": 0,
							"children": [11]
						},
						{
							"name": "cola",
							"origin": [8, 6, 11],
							"color": 0,
							"children": [
								12,
								13,
								{
									"name": "bone3",
									"origin": [8, 7, 11],
									"color": 0,
									"children": [14]
								},
								{
									"name": "bone5",
									"origin": [8, 7, 11],
									"color": 0,
									"children": [15]
								},
								{
									"name": "cola_a_izquierda",
									"origin": [8.25, 7, 10],
									"color": 0,
									"children": [16]
								},
								{
									"name": "cola_a_central",
									"origin": [11.5, 7, 10],
									"color": 0,
									"children": [17]
								},
								{
									"name": "cola_a_derecha",
									"origin": [14.25, 7, 10],
									"color": 0,
									"children": [18]
								}
							]
						},
						{
							"name": "ala1",
							"origin": [12, 7, 2],
							"color": 0,
							"children": [
								19,
								20,
								{
									"name": "bone13",
									"origin": [22.5, 7, 2],
									"color": 0,
									"children": [
										21,
										{
											"name": "bone14",
											"origin": [23, 7.25, 4],
											"color": 0,
											"children": [22]
										},
										{
											"name": "bone15",
											"origin": [25.5, 7.25, 5],
											"color": 0,
											"children": [23]
										},
										{
											"name": "bone16",
											"origin": [28.25, 7.25, 5],
											"color": 0,
											"children": [24]
										},
										{
											"name": "bone17",
											"origin": [31.25, 7.25, 5],
											"color": 0,
											"children": [25]
										},
										{
											"name": "bone18",
											"origin": [34.25, 7.25, 3],
											"color": 0,
											"children": [26]
										}
									]
								}
							]
						},
						{
							"name": "ala2",
							"origin": [12, 7, 2],
							"color": 0,
							"children": [
								27,
								28,
								{
									"name": "bone13",
									"origin": [22.5, 7, 2],
									"color": 0,
									"children": [
										29,
										{
											"name": "bone14",
											"origin": [23, 7.25, 4],
											"color": 0,
											"children": [30]
										},
										{
											"name": "bone15",
											"origin": [25.5, 7.25, 5],
											"color": 0,
											"children": [31]
										},
										{
											"name": "bone16",
											"origin": [28.25, 7.25, 5],
											"color": 0,
											"children": [32]
										},
										{
											"name": "bone17",
											"origin": [31.25, 7.25, 5],
											"color": 0,
											"children": [33]
										},
										{
											"name": "bone18",
											"origin": [34.25, 7.25, 3],
											"color": 0,
											"children": [34]
										}
									]
								}
							]
						}
					]
				}
			]
		},
		{
			"name": "head",
			"origin": [7.5, 3.75, 0],
			"color": 0,
			"children": [35]
		},
		{
			"name": "left_wing",
			"origin": [5.5, 7, 0],
			"color": 0,
			"children": [36]
		},
		{
			"name": "left_wing_tip",
			"origin": [-0.5, 7, 0],
			"color": 0,
			"children": [37]
		},
		{
			"name": "right_wing",
			"origin": [10.5, 7, 0],
			"color": 0,
			"children": [38]
		},
		{
			"name": "right_wing_tip",
			"origin": [16.5, 7, 0],
			"color": 0,
			"children": [39]
		},
		{
			"name": "tail",
			"origin": [7.5, 7, 9],
			"color": 0,
			"children": [40]
		},
		{
			"name": "tail2",
			"origin": [7.5, 6.5, 15],
			"color": 0,
			"children": [41]
		}
	]
}