{
	"credit": "Made with Blockbench",
	"texture_size": [64, 64],
	"textures": {
		"1": "item/pets/zoo/salmon"
	},
	"elements": [
		{
			"name": "tail",
			"from": [8, 0, 18],
			"to": [8, 15, 28],
			"rotation": {"angle": 0, "axis": "y", "origin": [8, 0, 8]},
			"faces": {
				"north": {"uv": [10.5, 0, 10.5, 3.75], "texture": "#1"},
				"east": {"uv": [8, 0, 10.5, 3.75], "texture": "#1"},
				"south": {"uv": [13, 0, 13, 3.75], "texture": "#1"},
				"west": {"uv": [10.5, 0, 8, 3.75], "texture": "#1"},
				"up": {"uv": [10.5, 0, 10.5, -2.5], "texture": "#1"},
				"down": {"uv": [10.5, -2.5, 10.5, 0], "texture": "#1"}
			}
		},
		{
			"name": "body_back",
			"from": [5.35, 2.85, 10.85],
			"to": [10.65, 12.15, 19.15],
			"rotation": {"angle": 0, "axis": "y", "origin": [8, 0, 8]},
			"faces": {
				"north": {"uv": [2, 6.5, 3.25, 8.75], "texture": "#1"},
				"east": {"uv": [0, 6.5, 2, 8.75], "texture": "#1"},
				"south": {"uv": [5.25, 6.5, 6.5, 8.75], "texture": "#1"},
				"west": {"uv": [3.25, 6.5, 5.25, 8.75], "texture": "#1"},
				"up": {"uv": [3.25, 6.5, 2, 4.5], "texture": "#1"},
				"down": {"uv": [4.5, 4.5, 3.25, 6.5], "texture": "#1"}
			}
		},
		{
			"name": "body_front",
			"from": [5, 2.5, 4],
			"to": [11, 12.5, 12],
			"rotation": {"angle": 0, "axis": "y", "origin": [8, 0, 8]},
			"faces": {
				"north": {"uv": [2, 2, 3.5, 4.5], "texture": "#1"},
				"east": {"uv": [0, 2, 2, 4.5], "texture": "#1"},
				"south": {"uv": [5.5, 2, 7, 4.5], "texture": "#1"},
				"west": {"uv": [3.5, 2, 5.5, 4.5], "texture": "#1"},
				"up": {"uv": [3.5, 2, 2, 0], "texture": "#1"},
				"down": {"uv": [5, 0, 3.5, 2], "texture": "#1"}
			}
		},
		{
			"name": "body_front",
			"from": [8, 12, 8],
			"to": [8, 21, 17],
			"rotation": {"angle": 0, "axis": "y", "origin": [8, 0, 8]},
			"faces": {
				"north": {"uv": [8.75, 6.5, 8.75, 8.75], "texture": "#1"},
				"east": {"uv": [6.5, 6.5, 8.75, 8.75], "texture": "#1"},
				"south": {"uv": [11, 6.5, 11, 8.75], "texture": "#1"},
				"west": {"uv": [8.75, 6.5, 6.5, 8.75], "texture": "#1"},
				"up": {"uv": [8.75, 6.5, 8.75, 4.25], "texture": "#1"},
				"down": {"uv": [8.75, 4.25, 8.75, 6.5], "texture": "#1"}
			}
		},
		{
			"name": "body_front",
			"from": [8, -4, 8],
			"to": [8, 3, 17],
			"rotation": {"angle": 0, "axis": "y", "origin": [8, 0, 8]},
			"faces": {
				"north": {"uv": [8.75, 4.75, 8.75, 6.5], "texture": "#1"},
				"east": {"uv": [6.5, 4.75, 8.75, 6.5], "texture": "#1"},
				"south": {"uv": [11, 4.75, 11, 6.5], "texture": "#1"},
				"west": {"uv": [8.75, 4.75, 6.5, 6.5], "texture": "#1"},
				"up": {"uv": [8.75, 4.75, 8.75, 2.5], "texture": "#1"},
				"down": {"uv": [8.75, 2.5, 8.75, 4.75], "texture": "#1"}
			}
		},
		{
			"name": "body_front",
			"from": [5, 2.5, 4],
			"to": [11, 12.5, 12],
			"rotation": {"angle": 0, "axis": "y", "origin": [8, 0, 8]},
			"faces": {
				"north": {"uv": [2, 2, 3.5, 4.5], "texture": "#1"},
				"east": {"uv": [0, 2, 2, 4.5], "texture": "#1"},
				"south": {"uv": [5.5, 2, 7, 4.5], "texture": "#1"},
				"west": {"uv": [3.5, 2, 5.5, 4.5], "texture": "#1"},
				"up": {"uv": [3.5, 2, 2, 0], "texture": "#1"},
				"down": {"uv": [5, 0, 3.5, 2], "texture": "#1"}
			}
		},
		{
			"name": "body_front",
			"from": [8, 12, 8],
			"to": [8, 21, 17],
			"rotation": {"angle": 0, "axis": "y", "origin": [8, 0, 8]},
			"faces": {
				"north": {"uv": [8.75, 6.5, 8.75, 8.75], "texture": "#1"},
				"east": {"uv": [6.5, 6.5, 8.75, 8.75], "texture": "#1"},
				"south": {"uv": [11, 6.5, 11, 8.75], "texture": "#1"},
				"west": {"uv": [8.75, 6.5, 11, 8.75], "texture": "#1"},
				"up": {"uv": [8.75, 6.5, 8.75, 4.25], "texture": "#1"},
				"down": {"uv": [8.75, 4.25, 8.75, 6.5], "texture": "#1"}
			}
		},
		{
			"name": "body_front",
			"from": [8, -4, 8],
			"to": [8, 3, 17],
			"rotation": {"angle": 0, "axis": "y", "origin": [8, 0, 8]},
			"faces": {
				"north": {"uv": [8.75, 4.75, 8.75, 6.5], "texture": "#1"},
				"east": {"uv": [6.5, 4.75, 8.75, 6.5], "texture": "#1"},
				"south": {"uv": [11, 4.75, 11, 6.5], "texture": "#1"},
				"west": {"uv": [8.75, 4.75, 11, 6.5], "texture": "#1"},
				"up": {"uv": [8.75, 4.75, 8.75, 2.5], "texture": "#1"},
				"down": {"uv": [8.75, 2.5, 8.75, 4.75], "texture": "#1"}
			}
		},
		{
			"name": "thing",
			"from": [3, -4.75, 6.5],
			"to": [13, 7.25, 6.5],
			"rotation": {"angle": -22.5, "axis": "x", "origin": [8, 1.25, 9.5]},
			"faces": {
				"north": {"uv": [0, 8.75, 2.5, 11.75], "texture": "#1"},
				"east": {"uv": [0, 8.75, 0, 11.75], "texture": "#1"},
				"south": {"uv": [2.5, 8.75, 0, 11.75], "texture": "#1"},
				"west": {"uv": [2.5, 8.75, 2.5, 11.75], "texture": "#1"},
				"up": {"uv": [2.5, 8.75, 0, 8.75], "texture": "#1"},
				"down": {"uv": [5, 8.75, 2.5, 8.75], "texture": "#1"}
			}
		},
		{
			"name": "mouth2",
			"from": [6, 3, 2.5],
			"to": [10, 9, 4.5],
			"rotation": {"angle": 0, "axis": "y", "origin": [8, 0, 8]},
			"faces": {
				"north": {"uv": [5.5, 0.5, 6.5, 2], "texture": "#1"},
				"east": {"uv": [5, 0.5, 5.5, 2], "texture": "#1"},
				"south": {"uv": [7, 0.5, 8, 2], "texture": "#1"},
				"west": {"uv": [6.5, 0.5, 7, 2], "texture": "#1"},
				"up": {"uv": [6.5, 0.5, 5.5, 0], "texture": "#1"},
				"down": {"uv": [7.5, 0, 6.5, 0.5], "texture": "#1"}
			}
		},
		{
			"name": "rFin2",
			"from": [8, 5, 10],
			"to": [8, 11, 16],
			"rotation": {"angle": -45, "axis": "y", "origin": [5, 2, 7.5]},
			"faces": {
				"north": {"uv": [14.5, 0, 14.5, 1.5], "texture": "#1"},
				"east": {"uv": [13, 0, 14.5, 1.5], "texture": "#1"},
				"south": {"uv": [16, 0, 16, 1.5], "texture": "#1"},
				"west": {"uv": [14.5, 0, 13, 1.5], "texture": "#1"},
				"up": {"uv": [14.5, 0, 14.5, -1.5], "texture": "#1"},
				"down": {"uv": [14.5, -1.5, 14.5, 0], "texture": "#1"}
			}
		},
		{
			"name": "rFin2",
			"from": [9.75, 5, 14.25],
			"to": [9.75, 11, 20.25],
			"rotation": {"angle": 45, "axis": "y", "origin": [6.75, 2, 11.75]},
			"faces": {
				"north": {"uv": [14.5, 0, 14.5, 1.5], "texture": "#1"},
				"east": {"uv": [13, 0, 14.5, 1.5], "texture": "#1"},
				"south": {"uv": [16, 0, 16, 1.5], "texture": "#1"},
				"west": {"uv": [14.5, 0, 13, 1.5], "texture": "#1"},
				"up": {"uv": [14.5, 0, 14.5, -1.5], "texture": "#1"},
				"down": {"uv": [14.5, -1.5, 14.5, 0], "texture": "#1"}
			}
		}
	],
	"display": {
		"thirdperson_righthand": {
			"rotation": [93, 0, 0],
			"translation": [0, 0.75, -2],
			"scale": [0.72, 0.72, 0.72]
		},
		"firstperson_righthand": {
			"rotation": [0, 8, 0],
			"translation": [0, 0, -7.25],
			"scale": [1.13, 1.13, 1.13]
		},
		"ground": {
			"translation": [0, 5.75, -5.75],
			"scale": [0.84, 0.84, 0.84]
		},
		"gui": {
			"rotation": [30, -137.5, 0],
			"translation": [7, -0.25, 0],
			"scale": [1.85, 1.85, 1.85]
		},
		"head": {
			"translation": [0, 1.5, -1.75],
			"scale": [2.18, 1.5, 1.5]
		},
		"fixed": {
			"rotation": [0, -71, 0],
			"translation": [8.75, 0, -5.25],
			"scale": [2.28, 2.28, 2.28]
		}
	},
	"groups": [
		{
			"name": "root",
			"origin": [8, 0, 8],
			"color": 0,
			"children": [
				{
					"name": "tail",
					"origin": [8, 6, 20],
					"color": 0,
					"children": [0]
				},
				{
					"name": "body_back",
					"origin": [8, 6, 12],
					"color": 0,
					"children": [1]
				},
				{
					"name": "body_front",
					"origin": [8, 6, 4],
					"color": 0,
					"children": [
						2,
						3,
						4,
						5,
						6,
						7,
						{
							"name": "things",
							"origin": [8, 5.5, 5],
							"color": 0,
							"children": [
								{
									"name": "thing",
									"origin": [8, 5.5, 5],
									"color": 0,
									"children": [8]
								}
							]
						},
						{
							"name": "mouth",
							"origin": [8, 6, 3.5],
							"color": 0,
							"children": [
								{
									"name": "mouth2",
									"origin": [8, 6, 3.5],
									"color": 0,
									"children": [9]
								}
							]
						},
						{
							"name": "lFin",
							"origin": [5, 5, 11],
							"color": 0,
							"children": [
								{
									"name": "lFin2",
									"origin": [5, 6, 10.5],
									"color": 0,
									"children": [10]
								}
							]
						},
						{
							"name": "rFin",
							"origin": [11, 5, 11],
							"color": 0,
							"children": [
								{
									"name": "rFin2",
									"origin": [11, 6, 10.5],
									"color": 0,
									"children": [11]
								}
							]
						}
					]
				}
			]
		}
	]
}