{"textures":{"0":"modelengine:entity/piranha_plant"},"elements":[{"from":[7.7714286,8.171429,8.0],"to":[8.228572,12.171429,8.457143],"rotation":{"angle":0.0,"axis":"y","origin":[8.0,10.171429,7.428571]},"faces":{"east":{"uv":[9.0,8.0,9.5,15.0],"rotation":0,"texture":"#0","tintindex":0},"south":{"uv":[9.0,8.0,9.5,15.0],"rotation":0,"texture":"#0","tintindex":0},"north":{"uv":[9.0,8.0,9.5,15.0],"rotation":0,"texture":"#0","tintindex":0},"west":{"uv":[9.0,8.0,9.5,15.0],"rotation":0,"texture":"#0","tintindex":0},"up":{"uv":[11.5,8.0,12.25,9.5],"rotation":0,"texture":"#0","tintindex":0},"down":{"uv":[11.5,8.0,12.25,9.5],"rotation":0,"texture":"#0","tintindex":0}}}],"display":{"head":{"translation":[0.0,-6.4,0.0],"scale":[4.0,4.0,4.0]}}}