{
    "providers": [
        {"type": "bitmap", "file": "minecraft:guis/pixel.png","ascent": -2000,"height": -3,"chars": ["七"]},
        {"type": "bitmap", "file": "minecraft:guis/shop.png","ascent": 20,"height": 135,"chars": ["ㇺ"]},
        {"type": "bitmap", "file": "minecraft:guis/anvil.png","ascent": 20,"height": 135,"chars": ["🥾"]},
        {"type": "bitmap", "file": "minecraft:guis/enchant.png","ascent": 20,"height": 135,"chars": ["🉐"]},
        {"type": "bitmap", "file": "minecraft:guis/warps.png","ascent": 20,"height": 135,"chars": ["🈲"]},
        {"type": "bitmap", "file": "minecraft:guis/pets.png","ascent": 20,"height": 135,"chars": ["🈺"]},
        {"type": "bitmap", "file": "minecraft:guis/fuse.png","ascent": 20,"height": 135,"chars": ["🈵"]},
        {"type": "bitmap", "file": "minecraft:guis/mines.png","ascent": 20,"height": 135,"chars": ["🕯"]},
        {"type": "bitmap", "file": "minecraft:guis/armor.png","ascent": 20,"height": 135,"chars": ["💈"]},
        {"type": "bitmap", "file": "minecraft:guis/keys.png","ascent": 20,"height": 135,"chars": ["🐚"]}
    ]
}