{
	"credit": "Made with Blockbench",
	"texture_size": [32, 32],
	"textures": {
		"1": "item/pets/allay/saturn"
	},
	"elements": [
		{
			"name": "head",
			"from": [5.5, 4.01, 5.5],
			"to": [10.5, 9.01, 10.5],
			"rotation": {"angle": 0, "axis": "y", "origin": [8, 0, 8]},
			"faces": {
				"north": {"uv": [2.5, 2.5, 5, 5], "texture": "#1"},
				"east": {"uv": [0, 2.5, 2.5, 5], "texture": "#1"},
				"south": {"uv": [7.5, 2.5, 10, 5], "texture": "#1"},
				"west": {"uv": [5, 2.5, 7.5, 5], "texture": "#1"},
				"up": {"uv": [5, 2.5, 2.5, 0], "texture": "#1"},
				"down": {"uv": [7.5, 0, 5, 2.5], "texture": "#1"}
			}
		},
		{
			"name": "body",
			"from": [6.5, 0, 7],
			"to": [9.5, 4, 9],
			"rotation": {"angle": 0, "axis": "y", "origin": [8, 0, 8]},
			"faces": {
				"north": {"uv": [1, 6, 2.5, 8], "texture": "#1"},
				"east": {"uv": [0, 6, 1, 8], "texture": "#1"},
				"south": {"uv": [3.5, 6, 5, 8], "texture": "#1"},
				"west": {"uv": [2.5, 6, 3.5, 8], "texture": "#1"},
				"up": {"uv": [2.5, 6, 1, 5], "texture": "#1"},
				"down": {"uv": [4, 5, 2.5, 6], "texture": "#1"}
			}
		},
		{
			"name": "body",
			"from": [6.7, -0.8, 7.2],
			"to": [9.3, 3.8, 8.8],
			"rotation": {"angle": 0, "axis": "y", "origin": [8, 0, 8]},
			"faces": {
				"north": {"uv": [1, 9, 2.5, 11.5], "texture": "#1"},
				"east": {"uv": [0, 9, 1, 11.5], "texture": "#1"},
				"south": {"uv": [3.5, 9, 5, 11.5], "texture": "#1"},
				"west": {"uv": [2.5, 9, 3.5, 11.5], "texture": "#1"},
				"up": {"uv": [2.5, 9, 1, 8], "texture": "#1"},
				"down": {"uv": [4, 8, 2.5, 9], "texture": "#1"}
			}
		},
		{
			"name": "right_arm",
			"from": [9.5, 0, 7],
			"to": [10.5, 4, 9],
			"rotation": {"angle": 0, "axis": "y", "origin": [8, 0, 8]},
			"faces": {
				"north": {"uv": [12.5, 1, 13, 3], "texture": "#1"},
				"east": {"uv": [11.5, 1, 12.5, 3], "texture": "#1"},
				"south": {"uv": [14, 1, 14.5, 3], "texture": "#1"},
				"west": {"uv": [13, 1, 14, 3], "texture": "#1"},
				"up": {"uv": [13, 1, 12.5, 0], "texture": "#1"},
				"down": {"uv": [13.5, 0, 13, 1], "texture": "#1"}
			}
		},
		{
			"name": "left_arm",
			"from": [5.5, 0, 7],
			"to": [6.5, 4, 9],
			"rotation": {"angle": 0, "axis": "y", "origin": [8, 0, 8]},
			"faces": {
				"north": {"uv": [12.5, 4, 13, 6], "texture": "#1"},
				"east": {"uv": [11.5, 4, 12.5, 6], "texture": "#1"},
				"south": {"uv": [14, 4, 14.5, 6], "texture": "#1"},
				"west": {"uv": [13, 4, 14, 6], "texture": "#1"},
				"up": {"uv": [13, 4, 12.5, 3], "texture": "#1"},
				"down": {"uv": [13.5, 3, 13, 4], "texture": "#1"}
			}
		},
		{
			"name": "left_wing",
			"from": [7.5, -1, 9],
			"to": [7.5, 4, 17],
			"rotation": {"angle": -22.5, "axis": "y", "origin": [8, 1, 8]},
			"faces": {
				"north": {"uv": [12, 11, 12, 13.5], "texture": "#1"},
				"east": {"uv": [8, 11, 12, 13.5], "texture": "#1"},
				"south": {"uv": [16, 11, 16, 13.5], "texture": "#1"},
				"west": {"uv": [12, 11, 8, 13.5], "texture": "#1"},
				"up": {"uv": [12, 11, 12, 7], "texture": "#1"},
				"down": {"uv": [12, 7, 12, 11], "texture": "#1"}
			}
		},
		{
			"name": "right_wing",
			"from": [8.5, -1, 9],
			"to": [8.5, 4, 17],
			"rotation": {"angle": 22.5, "axis": "y", "origin": [8, 1, 8]},
			"faces": {
				"north": {"uv": [12, 11, 12, 13.5], "texture": "#1"},
				"east": {"uv": [8, 11, 12, 13.5], "texture": "#1"},
				"south": {"uv": [16, 11, 16, 13.5], "texture": "#1"},
				"west": {"uv": [12, 11, 8, 13.5], "texture": "#1"},
				"up": {"uv": [12, 11, 12, 7], "texture": "#1"},
				"down": {"uv": [12, 7, 12, 11], "texture": "#1"}
			}
		}
	],
	"display": {
		"thirdperson_righthand": {
			"translation": [0, 1.75, 0],
			"scale": [1.2, 1.2, 1.2]
		},
		"firstperson_righthand": {
			"translation": [1.75, 4, 0],
			"scale": [0.96, 0.96, 0.96]
		},
		"ground": {
			"translation": [0, 19, 0],
			"scale": [2, 2, 2]
		},
		"gui": {
			"rotation": [30, -150, 0],
			"translation": [1.5, 5.75, 0],
			"scale": [2.26, 2.26, 2.26]
		},
		"head": {
			"translation": [0, 4.25, 0],
			"scale": [2.64, 2.64, 2.64]
		}
	},
	"groups": [
		{
			"name": "root",
			"origin": [8, 0, 8],
			"color": 0,
			"children": [
				{
					"name": "head",
					"origin": [8, 4, 8],
					"color": 0,
					"children": [0]
				},
				{
					"name": "body",
					"origin": [8, 4, 8],
					"color": 0,
					"children": [
						1,
						2,
						{
							"name": "rightItem",
							"origin": [8, -1, 6],
							"color": 0,
							"children": []
						},
						{
							"name": "right_arm",
							"origin": [9.75, 3.5, 8],
							"color": 0,
							"children": [3]
						},
						{
							"name": "left_arm",
							"origin": [6.25, 3.5, 8],
							"color": 0,
							"children": [4]
						},
						{
							"name": "left_wing",
							"origin": [7.5, 3, 9],
							"color": 0,
							"children": [5]
						},
						{
							"name": "right_wing",
							"origin": [8.5, 3, 9],
							"color": 0,
							"children": [6]
						}
					]
				}
			]
		}
	]
}