{
	"credit": "Made with Blockbench",
	"textures": {
		"2": "block/light_blue_wool",
		"3": "block/lime_wool",
		"4": "block/magenta_wool",
		"5": "block/orange_wool",
		"6": "block/red_wool",
		"7": "block/yellow_wool",
		"16": "block/brass_block",
		"particle": "block/brass_block"
	},
	"elements": [
		{
			"from": [11, 13.25, 8.25],
			"to": [12.25, 14.75, 9.75],
			"rotation": {"angle": 0, "axis": "y", "origin": [0, 5, 0]},
			"faces": {
				"north": {"uv": [0, 0, 1.25, 1.5], "texture": "#2"},
				"east": {"uv": [0, 0, 1.5, 1.5], "texture": "#2"},
				"south": {"uv": [0, 0, 1.25, 1.5], "texture": "#2"},
				"west": {"uv": [0, 0, 1.5, 1.5], "texture": "#2"},
				"up": {"uv": [0, 0, 1.25, 1.5], "texture": "#2"},
				"down": {"uv": [0, 0, 1.25, 1.5], "texture": "#2"}
			}
		},
		{
			"from": [11, 12.75, 13.5],
			"to": [12.25, 14.25, 15],
			"rotation": {"angle": 0, "axis": "y", "origin": [0, 5, 0]},
			"faces": {
				"north": {"uv": [0, 0, 1.25, 1.5], "texture": "#5"},
				"east": {"uv": [0, 0, 1.5, 1.5], "texture": "#5"},
				"south": {"uv": [0, 0, 1.25, 1.5], "texture": "#5"},
				"west": {"uv": [0, 0, 1.5, 1.5], "texture": "#5"},
				"up": {"uv": [0, 0, 1.25, 1.5], "texture": "#5"},
				"down": {"uv": [0, 0, 1.25, 1.5], "texture": "#5"}
			}
		},
		{
			"from": [11, 13.25, 11.25],
			"to": [12.25, 14.75, 12.75],
			"rotation": {"angle": 0, "axis": "y", "origin": [0, 5, 0]},
			"faces": {
				"north": {"uv": [0, 0, 1.25, 1.5], "texture": "#6"},
				"east": {"uv": [0, 0, 1.5, 1.5], "texture": "#6"},
				"south": {"uv": [0, 0, 1.25, 1.5], "texture": "#6"},
				"west": {"uv": [0, 0, 1.5, 1.5], "texture": "#6"},
				"up": {"uv": [0, 0, 1.25, 1.5], "texture": "#6"},
				"down": {"uv": [0, 0, 1.25, 1.5], "texture": "#6"}
			}
		},
		{
			"from": [11, 13, 5.25],
			"to": [12.25, 14.5, 6.75],
			"rotation": {"angle": 0, "axis": "y", "origin": [0, 5, 0]},
			"faces": {
				"north": {"uv": [0, 0, 1.25, 1.5], "texture": "#4"},
				"east": {"uv": [0, 0, 1.5, 1.5], "texture": "#4"},
				"south": {"uv": [0, 0, 1.25, 1.5], "texture": "#4"},
				"west": {"uv": [0, 0, 1.5, 1.5], "texture": "#4"},
				"up": {"uv": [0, 0, 1.25, 1.5], "texture": "#4"},
				"down": {"uv": [0, 0, 1.25, 1.5], "texture": "#4"}
			}
		},
		{
			"from": [11, 11.5, 3],
			"to": [12.25, 13, 4.5],
			"rotation": {"angle": 0, "axis": "y", "origin": [0, 5, 0]},
			"faces": {
				"north": {"uv": [0, 0, 1.25, 1.5], "texture": "#3"},
				"east": {"uv": [0, 0, 1.5, 1.5], "texture": "#3"},
				"south": {"uv": [0, 0, 1.25, 1.5], "texture": "#3"},
				"west": {"uv": [0, 0, 1.5, 1.5], "texture": "#3"},
				"up": {"uv": [0, 0, 1.25, 1.5], "texture": "#3"},
				"down": {"uv": [0, 0, 1.25, 1.5], "texture": "#3"}
			}
		},
		{
			"from": [11, 8.25, 7.25],
			"to": [12.25, 11.75, 10.75],
			"rotation": {"angle": 0, "axis": "y", "origin": [0, 5, 0]},
			"faces": {
				"north": {"uv": [0, 0, 1.25, 3.5], "texture": "#7"},
				"east": {"uv": [0, 0, 3.5, 3.5], "texture": "#7"},
				"south": {"uv": [0, 0, 1.25, 3.5], "texture": "#7"},
				"west": {"uv": [0, 0, 3.5, 3.5], "texture": "#7"},
				"up": {"uv": [0, 0, 1.25, 3.5], "texture": "#7"},
				"down": {"uv": [0, 0, 1.25, 3.5], "texture": "#7"}
			}
		},
		{
			"from": [7, 15, 14],
			"to": [11, 18.75, 15.5],
			"rotation": {"angle": 0, "axis": "y", "origin": [0, 5, 0]},
			"faces": {
				"north": {"uv": [10, 3, 15, 8], "texture": "#16"},
				"east": {"uv": [1, 3, 2.5, 8], "texture": "#16"},
				"south": {"uv": [1, 3, 6, 8], "texture": "#16"},
				"west": {"uv": [1, 3, 2.5, 8], "texture": "#16"},
				"up": {"uv": [3, 1, 8, 2.5], "texture": "#16"},
				"down": {"uv": [3, 1, 8, 2.5], "texture": "#16"}
			}
		},
		{
			"from": [7, 15, 11],
			"to": [11, 21.75, 13],
			"rotation": {"angle": 0, "axis": "y", "origin": [0, 5, 0]},
			"faces": {
				"north": {"uv": [10, 3, 15, 12], "texture": "#16"},
				"east": {"uv": [1, 3, 3, 12], "texture": "#16"},
				"south": {"uv": [1, 3, 6, 12], "texture": "#16"},
				"west": {"uv": [1, 3, 3, 12], "texture": "#16"},
				"up": {"uv": [3, 1, 8, 3], "texture": "#16"},
				"down": {"uv": [3, 1, 8, 3], "texture": "#16"}
			}
		},
		{
			"from": [7, 15, 8],
			"to": [11, 23.75, 10],
			"rotation": {"angle": 0, "axis": "y", "origin": [0, 5, 0]},
			"faces": {
				"north": {"uv": [10, 3, 15, 14], "texture": "#16"},
				"east": {"uv": [1, 3, 3, 14], "texture": "#16"},
				"south": {"uv": [1, 3, 6, 14], "texture": "#16"},
				"west": {"uv": [1, 3, 3, 14], "texture": "#16"},
				"up": {"uv": [3, 1, 8, 3], "texture": "#16"},
				"down": {"uv": [3, 1, 8, 3], "texture": "#16"}
			}
		},
		{
			"from": [6, 5, 4.5],
			"to": [12, 7, 14],
			"rotation": {"angle": 0, "axis": "y", "origin": [0, 5, 0]},
			"faces": {
				"north": {"uv": [10, 3, 15, 7], "texture": "#16"},
				"east": {"uv": [1, 3, 10, 7], "texture": "#16"},
				"south": {"uv": [1, 3, 6, 7], "texture": "#16"},
				"west": {"uv": [1, 3, 10, 7], "texture": "#16"},
				"up": {"uv": [3, 1, 8, 10], "texture": "#16"},
				"down": {"uv": [3, 1, 8, 10], "texture": "#16"}
			}
		},
		{
			"from": [6, 9, 3.5],
			"to": [12, 10, 14.5],
			"rotation": {"angle": 0, "axis": "y", "origin": [0, 5, 0]},
			"faces": {
				"north": {"uv": [10, 3, 15, 5], "texture": "#16"},
				"east": {"uv": [1, 3, 11.75, 5], "texture": "#16"},
				"south": {"uv": [1, 3, 6, 5], "texture": "#16"},
				"west": {"uv": [1, 3, 11.75, 5], "texture": "#16"},
				"up": {"uv": [3, 1, 8, 11.75], "texture": "#16"},
				"down": {"uv": [3, 1, 8, 11.75], "texture": "#16"}
			}
		},
		{
			"from": [6, 7, 4],
			"to": [12, 9, 14.25],
			"rotation": {"angle": 0, "axis": "y", "origin": [0, 5, 0]},
			"faces": {
				"north": {"uv": [10, 3, 15, 7], "texture": "#16"},
				"east": {"uv": [1, 3, 10, 7], "texture": "#16"},
				"south": {"uv": [1, 3, 6, 7], "texture": "#16"},
				"west": {"uv": [1, 3, 10, 7], "texture": "#16"},
				"up": {"uv": [3, 1, 8, 10], "texture": "#16"},
				"down": {"uv": [3, 1, 8, 10], "texture": "#16"}
			}
		},
		{
			"from": [6, 11, 2],
			"to": [12, 14, 15.5],
			"rotation": {"angle": 0, "axis": "y", "origin": [0, 5, 0]},
			"faces": {
				"north": {"uv": [10, 3, 15, 6], "texture": "#16"},
				"east": {"uv": [1, 3, 14.5, 6], "texture": "#16"},
				"south": {"uv": [1, 3, 6, 6], "texture": "#16"},
				"west": {"uv": [1, 3, 14.5, 6], "texture": "#16"},
				"up": {"uv": [3, 1, 8, 14.5], "texture": "#16"},
				"down": {"uv": [3, 1, 8, 14.5], "texture": "#16"}
			}
		},
		{
			"from": [6, 10, 2.75],
			"to": [12, 11, 15.25],
			"rotation": {"angle": 0, "axis": "y", "origin": [0, 5, 0]},
			"faces": {
				"north": {"uv": [10, 3, 15, 5], "texture": "#16"},
				"east": {"uv": [1, 3, 11.75, 5], "texture": "#16"},
				"south": {"uv": [1, 3, 6, 5], "texture": "#16"},
				"west": {"uv": [1, 3, 11.75, 5], "texture": "#16"},
				"up": {"uv": [3, 1, 8, 11.75], "texture": "#16"},
				"down": {"uv": [3, 1, 8, 11.75], "texture": "#16"}
			}
		},
		{
			"from": [6, 14, 5],
			"to": [12, 15, 15.5],
			"rotation": {"angle": 0, "axis": "y", "origin": [0, 5, 0]},
			"faces": {
				"north": {"uv": [10, 3, 15, 4], "texture": "#16"},
				"east": {"uv": [1, 3, 11.5, 4], "texture": "#16"},
				"south": {"uv": [1, 3, 6, 4], "texture": "#16"},
				"west": {"uv": [1, 3, 11.5, 4], "texture": "#16"},
				"up": {"uv": [3, 1, 8, 11.5], "texture": "#16"},
				"down": {"uv": [3, 1, 8, 11.5], "texture": "#16"}
			}
		},
		{
			"from": [7.25, 11, 5],
			"to": [10.75, 17.5, 7],
			"rotation": {"angle": -22.5, "axis": "x", "origin": [0, 5, 0]},
			"faces": {
				"north": {"uv": [10, 3, 15, 9], "texture": "#16"},
				"east": {"uv": [1, 3, 3.5, 9], "texture": "#16"},
				"south": {"uv": [1, 3, 6, 9], "texture": "#16"},
				"west": {"uv": [1, 3, 3.5, 9], "texture": "#16"},
				"up": {"uv": [3, 1, 8, 3.5], "texture": "#16"},
				"down": {"uv": [3, 1, 8, 3.5], "texture": "#16"}
			}
		},
		{
			"from": [6, -2, 5],
			"to": [12, 5, 13.25],
			"rotation": {"angle": 0, "axis": "y", "origin": [0, 5, 0]},
			"faces": {
				"north": {"uv": [10, 3, 15, 7], "texture": "#16"},
				"east": {"uv": [1, 3, 10, 7], "texture": "#16"},
				"south": {"uv": [1, 3, 6, 7], "texture": "#16"},
				"west": {"uv": [1, 3, 10, 7], "texture": "#16"},
				"up": {"uv": [3, 1, 8, 10], "texture": "#16"},
				"down": {"uv": [3, 1, 8, 10], "texture": "#16"}
			}
		},
		{
			"from": [7, 15, 5],
			"to": [11, 22.75, 7],
			"rotation": {"angle": 0, "axis": "y", "origin": [0, 5, 0]},
			"faces": {
				"north": {"uv": [10, 3, 15, 13], "texture": "#16"},
				"east": {"uv": [1, 3, 3, 13], "texture": "#16"},
				"south": {"uv": [1, 3, 6, 13], "texture": "#16"},
				"west": {"uv": [1, 3, 3, 13], "texture": "#16"},
				"up": {"uv": [3, 1, 8, 3], "texture": "#16"},
				"down": {"uv": [3, 1, 8, 3], "texture": "#16"}
			}
		}
	],
	"display": {
		"thirdperson_righthand": {
			"rotation": [-90, -90, 0],
			"translation": [0.5, -2.75, -1.5],
			"scale": [0.90531, 0.50688, 0.53297]
		},
		"thirdperson_lefthand": {
			"rotation": [-90, 90, 0],
			"translation": [-0.5, -2.75, 2.75],
			"scale": [0.90531, 0.50688, 0.53297]
		},
		"firstperson_righthand": {
			"rotation": [-30, -90, 0],
			"translation": [2, 1.5, 0],
			"scale": [0.37, 0.47, 0.37]
		},
		"firstperson_lefthand": {
			"rotation": [-30, 90, 0],
			"translation": [0.75, 1.75, 0.25],
			"scale": [0.37, 0.47, 0.37]
		},
		"ground": {
			"translation": [0, 2.5, 0],
			"scale": [0.37, 0.47, 0.37]
		},
		"gui": {
			"rotation": [-150, 60, -60],
			"translation": [-1, 1, 0],
			"scale": [0.53, 0.67, 0.53]
		},
		"head": {
			"translation": [-1, -6.25, -0.75],
			"scale": [1, 1.62, 0.75977]
		}
	},
	"groups": [
		{
			"name": "group",
			"origin": [0, 0, 0],
			"color": 0,
			"children": [0, 1, 2, 3, 4, 5]
		},
		{
			"name": "group",
			"origin": [0, 0, 0],
			"color": 0,
			"children": [6, 7, 8, 9, 10, 11, 12, 13, 14, 15, 16, 17]
		}
	]
}