{"textures":{"1":"modelengine:entity/bee_gold"},"elements":[{"from":[2.3359995,7.764,5.168],"to":[8.0,8.236,10.832],"faces":{"east":{"uv":[12.0,9.0,9.0,9.25],"tintindex":0,"rotation":0,"texture":"#1"},"south":{"uv":[9.0,9.0,6.0,9.25],"tintindex":0,"rotation":0,"texture":"#1"},"north":{"uv":[9.0,9.25,6.0,9.5],"tintindex":0,"rotation":0,"texture":"#1"},"west":{"uv":[12.0,9.25,9.0,9.5],"tintindex":0,"rotation":0,"texture":"#1"},"up":{"uv":[10.0,3.0,7.0,6.0],"tintindex":0,"rotation":0,"texture":"#1"},"down":{"uv":[10.0,9.0,7.0,6.0],"tintindex":0,"rotation":0,"texture":"#1"}}}],"display":{"gui":{"rotation":[30,225,0]}}}