{
    "parent": "item/handheld",
    "textures": {
        "layer0": "minecraft:item/stone_hoe"
    },
    "overrides": [
        {"predicate": {"custom_model_data":1}, "model": "item/stone_hoe/1"},
        {"predicate": {"custom_model_data":2}, "model": "item/stone_hoe/2"},
        {"predicate": {"custom_model_data":3}, "model": "item/stone_hoe/3"},
        {"predicate": {"custom_model_data":4}, "model": "item/stone_hoe/4"},
        {"predicate": {"custom_model_data":5}, "model": "item/stone_hoe/5"},
        {"predicate": {"custom_model_data":6}, "model": "item/stone_hoe/6"},
        {"predicate": {"custom_model_data":7}, "model": "item/stone_hoe/7"},
        {"predicate": {"custom_model_data":8}, "model": "item/stone_hoe/8"},
        {"predicate": {"custom_model_data":9}, "model": "item/stone_hoe/9"},
        {"predicate": {"custom_model_data":10}, "model": "item/stone_hoe/10"},
        {"predicate": {"custom_model_data":11}, "model": "item/stone_hoe/11"},
        {"predicate": {"custom_model_data":12}, "model": "item/stone_hoe/12"},
        {"predicate": {"custom_model_data":13}, "model": "item/stone_hoe/13"},
        {"predicate": {"custom_model_data":14}, "model": "item/stone_hoe/14"},
        {"predicate": {"custom_model_data":15}, "model": "item/stone_hoe/15"},
        {"predicate": {"custom_model_data":16}, "model": "item/stone_hoe/16"},
        {"predicate": {"custom_model_data":17}, "model": "item/stone_hoe/17"},
        {"predicate": {"custom_model_data":18}, "model": "item/stone_hoe/18"},
        {"predicate": {"custom_model_data":19}, "model": "item/stone_hoe/19"},
        {"predicate": {"custom_model_data":20}, "model": "item/stone_hoe/20"},
        {"predicate": {"custom_model_data":21}, "model": "item/stone_hoe/21"},
        {"predicate": {"custom_model_data":22}, "model": "item/stone_hoe/22"},
        {"predicate": {"custom_model_data":23}, "model": "item/stone_hoe/23"},
        {"predicate": {"custom_model_data":24}, "model": "item/stone_hoe/24"},
        {"predicate": {"custom_model_data":25}, "model": "item/stone_hoe/25"},
        {"predicate": {"custom_model_data":26}, "model": "item/stone_hoe/26"},
        {"predicate": {"custom_model_data":27}, "model": "item/stone_hoe/27"},
        {"predicate": {"custom_model_data":28}, "model": "item/stone_hoe/28"},
        {"predicate": {"custom_model_data":29}, "model": "item/stone_hoe/29"},
        {"predicate": {"custom_model_data":30}, "model": "item/stone_hoe/30"},
        {"predicate": {"custom_model_data":31}, "model": "item/stone_hoe/31"},
        {"predicate": {"custom_model_data":32}, "model": "item/stone_hoe/32"},
        {"predicate": {"custom_model_data":33}, "model": "item/stone_hoe/33"},
        {"predicate": {"custom_model_data":100}, "model": "item/stone_hoe/100"},
        {"predicate": {"custom_model_data":101}, "model": "item/stone_hoe/101"},
        {"predicate": {"custom_model_data":102}, "model": "item/stone_hoe/102"},
        {"predicate": {"custom_model_data":103}, "model": "item/stone_hoe/103"},
        {"predicate": {"custom_model_data":104}, "model": "item/stone_hoe/104"},
        {"predicate": {"custom_model_data":105}, "model": "item/stone_hoe/105"},
        {"predicate": {"custom_model_data":106}, "model": "item/stone_hoe/106"},
        {"predicate": {"custom_model_data":107}, "model": "item/stone_hoe/107"},
        {"predicate": {"custom_model_data":108}, "model": "item/stone_hoe/108"},
        {"predicate": {"custom_model_data":109}, "model": "item/stone_hoe/109"},
        {"predicate": {"custom_model_data":110}, "model": "item/stone_hoe/110"},
        {"predicate": {"custom_model_data":111}, "model": "item/stone_hoe/111"},
        {"predicate": {"custom_model_data":112}, "model": "item/stone_hoe/112"},
        {"predicate": {"custom_model_data":113}, "model": "item/stone_hoe/113"},
        {"predicate": {"custom_model_data":114}, "model": "item/stone_hoe/114"}
        ]
}
