{
	"credit": "Made with Blockbench",
	"texture_size": [32, 32],
	"textures": {
		"0": "block/equipment/belt_1",
		"1": "block/equipment/belt_2",
		"particle": "block/equipment/belt_1"
	},
	"elements": [
		{
			"from": [4.5, 1.5, 7],
			"to": [7.5, 2, 9],
			"rotation": {"angle": 0, "axis": "y", "origin": [7, 0, 7]},
			"faces": {
				"north": {"uv": [0, 10, 1.5, 10.25], "texture": "#1"},
				"east": {"uv": [11, 5, 12, 5.25], "texture": "#1"},
				"south": {"uv": [10, 0, 11.5, 0.25], "texture": "#1"},
				"west": {"uv": [11, 5.5, 12, 5.75], "texture": "#1"},
				"up": {"uv": [6, 4, 4.5, 3], "texture": "#1"},
				"down": {"uv": [6, 4, 4.5, 5], "texture": "#1"}
			}
		},
		{
			"from": [4.5, 4.69552, 7],
			"to": [7.5, 5.19552, 9],
			"rotation": {"angle": 0, "axis": "y", "origin": [6, 4.94552, 8]},
			"faces": {
				"north": {"uv": [10, 0.5, 11.5, 0.75], "texture": "#1"},
				"east": {"uv": [11, 6, 12, 6.25], "texture": "#1"},
				"south": {"uv": [10, 1, 11.5, 1.25], "texture": "#1"},
				"west": {"uv": [11, 9, 12, 9.25], "texture": "#1"},
				"up": {"uv": [6, 6, 4.5, 5], "texture": "#1"},
				"down": {"uv": [7, 0, 5.5, 1], "texture": "#1"}
			}
		},
		{
			"from": [7.21037, 3.13791, 7],
			"to": [7.71037, 5.13791, 9],
			"rotation": {"angle": 22.5, "axis": "z", "origin": [7.46037, 4.63791, 8]},
			"faces": {
				"north": {"uv": [11, 10.5, 11.25, 11.5], "texture": "#1"},
				"east": {"uv": [0, 7, 1, 8], "texture": "#1"},
				"south": {"uv": [11.5, 0, 11.75, 1], "texture": "#1"},
				"west": {"uv": [7, 0, 8, 1], "texture": "#1"},
				"up": {"uv": [11.75, 2, 11.5, 1], "texture": "#1"},
				"down": {"uv": [1.75, 11.5, 1.5, 12.5], "texture": "#1"}
			}
		},
		{
			"from": [7.59306, 1.48149, 7],
			"to": [8.09306, 3.48149, 9],
			"rotation": {"angle": -22.5, "axis": "z", "origin": [7.84306, 2.98149, 8]},
			"faces": {
				"north": {"uv": [9.5, 11, 9.75, 12], "texture": "#1"},
				"east": {"uv": [6, 5, 7, 6], "texture": "#1"},
				"south": {"uv": [11, 9.5, 11.25, 10.5], "texture": "#1"},
				"west": {"uv": [6, 6, 7, 7], "texture": "#1"},
				"up": {"uv": [10.25, 12, 10, 11], "texture": "#1"},
				"down": {"uv": [10.75, 11, 10.5, 12], "texture": "#1"}
			}
		},
		{
			"from": [3.90694, 1.48149, 7],
			"to": [4.40694, 3.48149, 9],
			"rotation": {"angle": 22.5, "axis": "z", "origin": [4.15694, 2.98149, 8]},
			"faces": {
				"north": {"uv": [11.5, 3, 11.75, 4], "texture": "#1"},
				"east": {"uv": [2, 7, 3, 8], "texture": "#1"},
				"south": {"uv": [3.5, 11.5, 3.75, 12.5], "texture": "#1"},
				"west": {"uv": [7, 2, 8, 3], "texture": "#1"},
				"up": {"uv": [4.25, 12.5, 4, 11.5], "texture": "#1"},
				"down": {"uv": [11.75, 4, 11.5, 5], "texture": "#1"}
			}
		},
		{
			"from": [4.28963, 3.13791, 7],
			"to": [4.78963, 5.13791, 9],
			"rotation": {"angle": -22.5, "axis": "z", "origin": [4.53963, 4.63791, 8]},
			"faces": {
				"north": {"uv": [2, 11.5, 2.25, 12.5], "texture": "#1"},
				"east": {"uv": [1, 7, 2, 8], "texture": "#1"},
				"south": {"uv": [11.5, 2, 11.75, 3], "texture": "#1"},
				"west": {"uv": [7, 1, 8, 2], "texture": "#1"},
				"up": {"uv": [2.75, 12.5, 2.5, 11.5], "texture": "#1"},
				"down": {"uv": [3.25, 11.5, 3, 12.5], "texture": "#1"}
			}
		},
		{
			"from": [-0.2, 3.6, 7],
			"to": [2.8, 4.1, 9],
			"rotation": {"angle": 0, "axis": "y", "origin": [2.3, 2.1, 7]},
			"faces": {
				"north": {"uv": [10, 2, 11.5, 2.25], "texture": "#1"},
				"east": {"uv": [12, 1.5, 13, 1.75], "texture": "#1"},
				"south": {"uv": [10, 2.5, 11.5, 2.75], "texture": "#1"},
				"west": {"uv": [12, 2, 13, 2.25], "texture": "#1"},
				"up": {"uv": [1.5, 7, 0, 6], "texture": "#1"},
				"down": {"uv": [3, 6, 1.5, 7], "texture": "#1"}
			}
		},
		{
			"from": [-0.2, 6.79552, 7],
			"to": [2.8, 7.29552, 9],
			"rotation": {"angle": 0, "axis": "y", "origin": [1.3, 7.04552, 8]},
			"faces": {
				"north": {"uv": [1.5, 10, 3, 10.25], "texture": "#1"},
				"east": {"uv": [0.5, 12, 1.5, 12.25], "texture": "#1"},
				"south": {"uv": [10, 1.5, 11.5, 1.75], "texture": "#1"},
				"west": {"uv": [12, 1, 13, 1.25], "texture": "#1"},
				"up": {"uv": [7, 2, 5.5, 1], "texture": "#1"},
				"down": {"uv": [7, 2, 5.5, 3], "texture": "#1"}
			}
		},
		{
			"from": [2.89306, 3.58149, 7],
			"to": [3.39306, 5.58149, 9],
			"rotation": {"angle": -22.5, "axis": "z", "origin": [3.14306, 5.08149, 8]},
			"faces": {
				"north": {"uv": [11, 11.5, 11.25, 12.5], "texture": "#1"},
				"east": {"uv": [7, 7, 8, 8], "texture": "#1"},
				"south": {"uv": [11.5, 11.5, 11.75, 12.5], "texture": "#1"},
				"west": {"uv": [7.5, 3, 8.5, 4], "texture": "#1"},
				"up": {"uv": [0.25, 13, 0, 12], "texture": "#1"},
				"down": {"uv": [12.25, 0, 12, 1], "texture": "#1"}
			}
		},
		{
			"from": [2.51037, 5.23791, 7],
			"to": [3.01037, 7.23791, 9],
			"rotation": {"angle": 22.5, "axis": "z", "origin": [2.76037, 6.73791, 8]},
			"faces": {
				"north": {"uv": [8, 11.5, 8.25, 12.5], "texture": "#1"},
				"east": {"uv": [6, 7, 7, 8], "texture": "#1"},
				"south": {"uv": [11.5, 8, 11.75, 9], "texture": "#1"},
				"west": {"uv": [7, 6, 8, 7], "texture": "#1"},
				"up": {"uv": [11.75, 10.5, 11.5, 9.5], "texture": "#1"},
				"down": {"uv": [11.75, 10.5, 11.5, 11.5], "texture": "#1"}
			}
		},
		{
			"from": [-0.41037, 5.23791, 7],
			"to": [0.08963, 7.23791, 9],
			"rotation": {"angle": -22.5, "axis": "z", "origin": [-0.16037, 6.73791, 8]},
			"faces": {
				"north": {"uv": [6.5, 11.5, 6.75, 12.5], "texture": "#1"},
				"east": {"uv": [5, 7, 6, 8], "texture": "#1"},
				"south": {"uv": [7, 11.5, 7.25, 12.5], "texture": "#1"},
				"west": {"uv": [7, 5, 8, 6], "texture": "#1"},
				"up": {"uv": [11.75, 8, 11.5, 7], "texture": "#1"},
				"down": {"uv": [7.75, 11.5, 7.5, 12.5], "texture": "#1"}
			}
		},
		{
			"from": [-0.79306, 3.58149, 7],
			"to": [-0.29306, 5.58149, 9],
			"rotation": {"angle": 22.5, "axis": "z", "origin": [-0.54306, 5.08149, 8]},
			"faces": {
				"north": {"uv": [4.5, 11.5, 4.75, 12.5], "texture": "#1"},
				"east": {"uv": [3, 7, 4, 8], "texture": "#1"},
				"south": {"uv": [5, 11.5, 5.25, 12.5], "texture": "#1"},
				"west": {"uv": [4, 7, 5, 8], "texture": "#1"},
				"up": {"uv": [5.75, 12.5, 5.5, 11.5], "texture": "#1"},
				"down": {"uv": [6.25, 11.5, 6, 12.5], "texture": "#1"}
			}
		},
		{
			"from": [-3.42, 2.76713, 7.25],
			"to": [-1.17, 3.14213, 8.75],
			"rotation": {"angle": 0, "axis": "y", "origin": [-1.545, 1.64213, 7.25]},
			"faces": {
				"north": {"uv": [2, 13, 3.125, 13.125], "texture": "#1"},
				"east": {"uv": [13, 6.5, 13.75, 6.625], "texture": "#1"},
				"south": {"uv": [13, 2, 14.125, 2.125], "texture": "#1"},
				"west": {"uv": [13, 7, 13.75, 7.125], "texture": "#1"},
				"up": {"uv": [6.625, 8.75, 5.5, 8], "texture": "#1"},
				"down": {"uv": [9.125, 6, 8, 6.75], "texture": "#1"}
			}
		},
		{
			"from": [-1.10021, 2.75324, 7.25],
			"to": [-0.72521, 4.25324, 8.75],
			"rotation": {"angle": -22.5, "axis": "z", "origin": [-0.91271, 3.87824, 8]},
			"faces": {
				"north": {"uv": [12.5, 6.5, 12.75, 7.25], "texture": "#1"},
				"east": {"uv": [9, 2, 9.75, 2.75], "texture": "#1"},
				"south": {"uv": [7, 12.5, 7.25, 13.25], "texture": "#1"},
				"west": {"uv": [3, 9, 3.75, 9.75], "texture": "#1"},
				"up": {"uv": [7.75, 13.25, 7.5, 12.5], "texture": "#1"},
				"down": {"uv": [12.75, 7.5, 12.5, 8.25], "texture": "#1"}
			}
		},
		{
			"from": [-1.38722, 3.99556, 7.25],
			"to": [-1.01222, 5.49556, 8.75],
			"rotation": {"angle": 22.5, "axis": "z", "origin": [-1.19972, 5.12056, 8]},
			"faces": {
				"north": {"uv": [13, 4, 13.125, 4.75], "texture": "#1"},
				"east": {"uv": [9, 1, 9.75, 1.75], "texture": "#1"},
				"south": {"uv": [13, 5, 13.125, 5.75], "texture": "#1"},
				"west": {"uv": [2, 9, 2.75, 9.75], "texture": "#1"},
				"up": {"uv": [6.125, 13.75, 6, 13], "texture": "#1"},
				"down": {"uv": [6.625, 13, 6.5, 13.75], "texture": "#1"}
			}
		},
		{
			"from": [-3.42, 5.16376, 7.25],
			"to": [-1.17, 5.53876, 8.75],
			"rotation": {"angle": 0, "axis": "y", "origin": [-2.295, 5.35126, 8]},
			"faces": {
				"north": {"uv": [10.5, 6.5, 11.625, 6.75], "texture": "#1"},
				"east": {"uv": [6, 12.5, 6.75, 12.75], "texture": "#1"},
				"south": {"uv": [9.5, 10.5, 10.625, 10.75], "texture": "#1"},
				"west": {"uv": [12.5, 6, 13.25, 6.25], "texture": "#1"},
				"up": {"uv": [5.125, 8.75, 4, 8], "texture": "#1"},
				"down": {"uv": [9.125, 5, 8, 5.75], "texture": "#1"}
			}
		},
		{
			"from": [-3.82, 2.16376, 8.75],
			"to": [-0.57, 5.53876, 8.75],
			"rotation": {"angle": 0, "axis": "y", "origin": [-2.295, 5.35126, 8]},
			"faces": {
				"north": {"uv": [5, 0, 8, 3], "texture": "#0"},
				"east": {"uv": [0, 0, 0, 3], "texture": "#0"},
				"south": {"uv": [8, 0, 5, 3], "texture": "#0"},
				"west": {"uv": [0, 0, 0, 3], "texture": "#0"},
				"up": {"uv": [3, 0, 0, 0], "texture": "#0"},
				"down": {"uv": [3, 0, 0, 0], "texture": "#0"}
			}
		},
		{
			"from": [12.58, 2.16376, 8.75],
			"to": [15.83, 5.53876, 8.75],
			"rotation": {"angle": 0, "axis": "y", "origin": [14.105, 5.35126, 8]},
			"faces": {
				"north": {"uv": [5, 9, 8, 12], "texture": "#0"},
				"east": {"uv": [0, 0, 0, 3], "texture": "#0"},
				"south": {"uv": [4.75, 9, 7.75, 12], "texture": "#0"},
				"west": {"uv": [0, 0, 0, 3], "texture": "#0"},
				"up": {"uv": [3, 0, 0, 0], "texture": "#0"},
				"down": {"uv": [3, 0, 0, 0], "texture": "#0"}
			}
		},
		{
			"from": [3.38, 0.96376, 9.15],
			"to": [8.73, 5.93876, 9.15],
			"rotation": {"angle": 0, "axis": "y", "origin": [5.905, 6.75126, 8.4]},
			"faces": {
				"north": {"uv": [0, 0, 5, 5], "texture": "#0"},
				"east": {"uv": [0, 0, 0, 5], "texture": "#0"},
				"south": {"uv": [5, 0, 0, 5], "texture": "#0"},
				"west": {"uv": [0, 0, 0, 5], "texture": "#0"},
				"up": {"uv": [5, 0, 0, 0], "texture": "#0"},
				"down": {"uv": [5, 0, 0, 0], "texture": "#0"}
			}
		},
		{
			"from": [-0.42, 3.56376, 8.75],
			"to": [3.03, 6.93876, 8.75],
			"rotation": {"angle": 0, "axis": "y", "origin": [1.205, 6.75126, 8]},
			"faces": {
				"north": {"uv": [5, 6, 8, 9], "texture": "#0"},
				"east": {"uv": [0, 0, 0, 3], "texture": "#0"},
				"south": {"uv": [8, 6, 5, 9], "texture": "#0"},
				"west": {"uv": [0, 0, 0, 3], "texture": "#0"},
				"up": {"uv": [3, 0, 0, 0], "texture": "#0"},
				"down": {"uv": [3, 0, 0, 0], "texture": "#0"}
			}
		},
		{
			"from": [8.98, 3.56376, 8.75],
			"to": [12.43, 6.93876, 8.75],
			"rotation": {"angle": 0, "axis": "y", "origin": [10.605, 6.75126, 8]},
			"faces": {
				"north": {"uv": [8, 3, 11, 6], "texture": "#0"},
				"east": {"uv": [0, 0, 0, 3], "texture": "#0"},
				"south": {"uv": [8, 6, 11, 9], "texture": "#0"},
				"west": {"uv": [0, 0, 0, 3], "texture": "#0"},
				"up": {"uv": [3, 0, 0, 0], "texture": "#0"},
				"down": {"uv": [3, 0, 0, 0], "texture": "#0"}
			}
		},
		{
			"from": [4.28, 1.66376, 8.75],
			"to": [7.73, 5.03876, 8.75],
			"rotation": {"angle": 0, "axis": "y", "origin": [5.905, 4.85126, 8]},
			"faces": {
				"north": {"uv": [8, 3, 11, 6], "texture": "#0"},
				"east": {"uv": [0, 0, 0, 3], "texture": "#0"},
				"south": {"uv": [8, 6, 11, 9], "texture": "#0"},
				"west": {"uv": [0, 0, 0, 3], "texture": "#0"},
				"up": {"uv": [3, 0, 0, 0], "texture": "#0"},
				"down": {"uv": [3, 0, 0, 0], "texture": "#0"}
			}
		},
		{
			"from": [-3.57778, 3.99556, 7.25],
			"to": [-3.20278, 5.49556, 8.75],
			"rotation": {"angle": -22.5, "axis": "z", "origin": [-3.39028, 5.12056, 8]},
			"faces": {
				"north": {"uv": [4.5, 12.5, 4.75, 13.25], "texture": "#1"},
				"east": {"uv": [9, 0, 9.75, 0.75], "texture": "#1"},
				"south": {"uv": [5, 12.5, 5.25, 13.25], "texture": "#1"},
				"west": {"uv": [1, 9, 1.75, 9.75], "texture": "#1"},
				"up": {"uv": [12.75, 5.75, 12.5, 5], "texture": "#1"},
				"down": {"uv": [5.75, 12.5, 5.5, 13.25], "texture": "#1"}
			}
		},
		{
			"from": [-3.86479, 2.75324, 7.25],
			"to": [-3.48979, 4.25324, 8.75],
			"rotation": {"angle": 22.5, "axis": "z", "origin": [-3.67729, 3.87824, 8]},
			"faces": {
				"north": {"uv": [12.5, 3, 12.75, 3.75], "texture": "#1"},
				"east": {"uv": [8.5, 8, 9.25, 8.75], "texture": "#1"},
				"south": {"uv": [3.5, 12.5, 3.75, 13.25], "texture": "#1"},
				"west": {"uv": [0, 9, 0.75, 9.75], "texture": "#1"},
				"up": {"uv": [4.25, 13.25, 4, 12.5], "texture": "#1"},
				"down": {"uv": [12.75, 4, 12.5, 4.75], "texture": "#1"}
			}
		},
		{
			"from": [13.18, 2.76713, 7.25],
			"to": [15.43, 3.14213, 8.75],
			"rotation": {"angle": 0, "axis": "y", "origin": [15.055, 1.64213, 7.25]},
			"faces": {
				"north": {"uv": [13, 3, 14.125, 3.125], "texture": "#1"},
				"east": {"uv": [9.5, 13, 10.25, 13.125], "texture": "#1"},
				"south": {"uv": [13, 3.5, 14.125, 3.625], "texture": "#1"},
				"west": {"uv": [13, 9.5, 13.75, 9.625], "texture": "#1"},
				"up": {"uv": [9.625, 3.75, 8.5, 3], "texture": "#1"},
				"down": {"uv": [9.625, 4, 8.5, 4.75], "texture": "#1"}
			}
		},
		{
			"from": [15.49979, 2.75324, 7.25],
			"to": [15.87479, 4.25324, 8.75],
			"rotation": {"angle": -22.5, "axis": "z", "origin": [15.68729, 3.87824, 8]},
			"faces": {
				"north": {"uv": [13, 0, 13.25, 0.75], "texture": "#1"},
				"east": {"uv": [9.5, 5, 10.25, 5.75], "texture": "#1"},
				"south": {"uv": [1, 13, 1.25, 13.75], "texture": "#1"},
				"west": {"uv": [9.5, 6, 10.25, 6.75], "texture": "#1"},
				"up": {"uv": [13.25, 1.75, 13, 1], "texture": "#1"},
				"down": {"uv": [1.75, 13, 1.5, 13.75], "texture": "#1"}
			}
		},
		{
			"from": [15.21278, 3.99556, 7.25],
			"to": [15.58778, 5.49556, 8.75],
			"rotation": {"angle": 22.5, "axis": "z", "origin": [15.40028, 5.12056, 8]},
			"faces": {
				"north": {"uv": [13, 7.5, 13.125, 8.25], "texture": "#1"},
				"east": {"uv": [8, 9, 8.75, 9.75], "texture": "#1"},
				"south": {"uv": [8.5, 13, 8.625, 13.75], "texture": "#1"},
				"west": {"uv": [9, 9, 9.75, 9.75], "texture": "#1"},
				"up": {"uv": [13.125, 9.25, 13, 8.5], "texture": "#1"},
				"down": {"uv": [9.125, 13, 9, 13.75], "texture": "#1"}
			}
		},
		{
			"from": [13.18, 5.16376, 7.25],
			"to": [15.43, 5.53876, 8.75],
			"rotation": {"angle": 0, "axis": "y", "origin": [14.305, 5.35126, 8]},
			"faces": {
				"north": {"uv": [1.5, 11, 2.625, 11.25], "texture": "#1"},
				"east": {"uv": [12.5, 12.5, 13.25, 12.75], "texture": "#1"},
				"south": {"uv": [3, 11, 4.125, 11.25], "texture": "#1"},
				"west": {"uv": [0, 13, 0.75, 13.25], "texture": "#1"},
				"up": {"uv": [8.125, 8.75, 7, 8], "texture": "#1"},
				"down": {"uv": [9.125, 7, 8, 7.75], "texture": "#1"}
			}
		},
		{
			"from": [13.02222, 3.99556, 7.25],
			"to": [13.39722, 5.49556, 8.75],
			"rotation": {"angle": -22.5, "axis": "z", "origin": [13.20972, 5.12056, 8]},
			"faces": {
				"north": {"uv": [11, 12.5, 11.25, 13.25], "texture": "#1"},
				"east": {"uv": [6, 9, 6.75, 9.75], "texture": "#1"},
				"south": {"uv": [11.5, 12.5, 11.75, 13.25], "texture": "#1"},
				"west": {"uv": [7, 9, 7.75, 9.75], "texture": "#1"},
				"up": {"uv": [12.75, 12.25, 12.5, 11.5], "texture": "#1"},
				"down": {"uv": [12.25, 12.5, 12, 13.25], "texture": "#1"}
			}
		},
		{
			"from": [12.73521, 2.75324, 7.25],
			"to": [13.11021, 4.25324, 8.75],
			"rotation": {"angle": 22.5, "axis": "z", "origin": [12.92271, 3.87824, 8]},
			"faces": {
				"north": {"uv": [8, 12.5, 8.25, 13.25], "texture": "#1"},
				"east": {"uv": [4, 9, 4.75, 9.75], "texture": "#1"},
				"south": {"uv": [12.5, 8.5, 12.75, 9.25], "texture": "#1"},
				"west": {"uv": [5, 9, 5.75, 9.75], "texture": "#1"},
				"up": {"uv": [12.75, 10.25, 12.5, 9.5], "texture": "#1"},
				"down": {"uv": [12.75, 10.5, 12.5, 11.25], "texture": "#1"}
			}
		},
		{
			"from": [9.2, 3.6, 7],
			"to": [12.2, 4.1, 9],
			"rotation": {"angle": 0, "axis": "y", "origin": [11.7, 2.1, 7]},
			"faces": {
				"north": {"uv": [10, 3.5, 11.5, 3.75], "texture": "#1"},
				"east": {"uv": [2.5, 12.5, 3.5, 12.75], "texture": "#1"},
				"south": {"uv": [10, 4, 11.5, 4.25], "texture": "#1"},
				"west": {"uv": [12.5, 2.5, 13.5, 2.75], "texture": "#1"},
				"up": {"uv": [7.5, 5, 6, 4], "texture": "#1"},
				"down": {"uv": [6, 6, 4.5, 7], "texture": "#1"}
			}
		},
		{
			"from": [9.2, 6.79552, 7],
			"to": [12.2, 7.29552, 9],
			"rotation": {"angle": 0, "axis": "y", "origin": [10.7, 7.04552, 8]},
			"faces": {
				"north": {"uv": [3, 10, 4.5, 10.25], "texture": "#1"},
				"east": {"uv": [0.5, 12.5, 1.5, 12.75], "texture": "#1"},
				"south": {"uv": [10, 3, 11.5, 3.25], "texture": "#1"},
				"west": {"uv": [1.5, 12.5, 2.5, 12.75], "texture": "#1"},
				"up": {"uv": [4.5, 7, 3, 6], "texture": "#1"},
				"down": {"uv": [7.5, 3, 6, 4], "texture": "#1"}
			}
		},
		{
			"from": [12.29306, 3.58149, 7],
			"to": [12.79306, 5.58149, 9],
			"rotation": {"angle": -22.5, "axis": "z", "origin": [12.54306, 5.08149, 8]},
			"faces": {
				"north": {"uv": [10.5, 12, 10.75, 13], "texture": "#1"},
				"east": {"uv": [8, 2, 9, 3], "texture": "#1"},
				"south": {"uv": [12, 10.5, 12.25, 11.5], "texture": "#1"},
				"west": {"uv": [3, 8, 4, 9], "texture": "#1"},
				"up": {"uv": [12.25, 12.5, 12, 11.5], "texture": "#1"},
				"down": {"uv": [12.75, 0, 12.5, 1], "texture": "#1"}
			}
		},
		{
			"from": [11.91037, 5.23791, 7],
			"to": [12.41037, 7.23791, 9],
			"rotation": {"angle": 22.5, "axis": "z", "origin": [12.16037, 6.73791, 8]},
			"faces": {
				"north": {"uv": [9, 12, 9.25, 13], "texture": "#1"},
				"east": {"uv": [8, 1, 9, 2], "texture": "#1"},
				"south": {"uv": [9.5, 12, 9.75, 13], "texture": "#1"},
				"west": {"uv": [2, 8, 3, 9], "texture": "#1"},
				"up": {"uv": [12.25, 10.5, 12, 9.5], "texture": "#1"},
				"down": {"uv": [10.25, 12, 10, 13], "texture": "#1"}
			}
		},
		{
			"from": [8.98963, 5.23791, 7],
			"to": [9.48963, 7.23791, 9],
			"rotation": {"angle": -22.5, "axis": "z", "origin": [9.23963, 6.73791, 8]},
			"faces": {
				"north": {"uv": [12, 6.5, 12.25, 7.5], "texture": "#1"},
				"east": {"uv": [8, 0, 9, 1], "texture": "#1"},
				"south": {"uv": [12, 7.5, 12.25, 8.5], "texture": "#1"},
				"west": {"uv": [1, 8, 2, 9], "texture": "#1"},
				"up": {"uv": [8.75, 13, 8.5, 12], "texture": "#1"},
				"down": {"uv": [12.25, 8.5, 12, 9.5], "texture": "#1"}
			}
		},
		{
			"from": [8.60694, 3.58149, 7],
			"to": [9.10694, 5.58149, 9],
			"rotation": {"angle": 22.5, "axis": "z", "origin": [8.85694, 5.08149, 8]},
			"faces": {
				"north": {"uv": [12, 2.5, 12.25, 3.5], "texture": "#1"},
				"east": {"uv": [7.5, 4, 8.5, 5], "texture": "#1"},
				"south": {"uv": [12, 3.5, 12.25, 4.5], "texture": "#1"},
				"west": {"uv": [0, 8, 1, 9], "texture": "#1"},
				"up": {"uv": [12.25, 5.5, 12, 4.5], "texture": "#1"},
				"down": {"uv": [12.25, 5.5, 12, 6.5], "texture": "#1"}
			}
		},
		{
			"from": [3.945, 5.49419, 6.63],
			"to": [8.055, 5.99419, 9.37],
			"rotation": {"angle": 0, "axis": "y", "origin": [6, 5.53669, 8]},
			"faces": {
				"north": {"uv": [9.5, 7, 11.5, 7.25], "texture": "#1"},
				"east": {"uv": [10, 4.5, 11.375, 4.75], "texture": "#1"},
				"south": {"uv": [9.5, 7.5, 11.5, 7.75], "texture": "#1"},
				"west": {"uv": [8.5, 10, 9.875, 10.25], "texture": "#1"},
				"up": {"uv": [2, 1.375, 0, 0], "texture": "#1"},
				"down": {"uv": [2, 1.5, 0, 2.875], "texture": "#1"}
			}
		},
		{
			"from": [7.82913, 3.24606, 6.63],
			"to": [8.32913, 5.98606, 9.37],
			"rotation": {"angle": 22.5, "axis": "z", "origin": [8.17163, 5.30106, 8]},
			"faces": {
				"north": {"uv": [6.5, 10, 6.75, 11.375], "texture": "#1"},
				"east": {"uv": [3, 3, 4.375, 4.375], "texture": "#1"},
				"south": {"uv": [7, 10, 7.25, 11.375], "texture": "#1"},
				"west": {"uv": [4, 0, 5.375, 1.375], "texture": "#1"},
				"up": {"uv": [7.75, 11.375, 7.5, 10], "texture": "#1"},
				"down": {"uv": [8.25, 10, 8, 11.375], "texture": "#1"}
			}
		},
		{
			"from": [3.65679, 3.17526, 6.63],
			"to": [4.15679, 5.91526, 9.37],
			"rotation": {"angle": -22.5, "axis": "z", "origin": [3.99929, 5.23026, 8]},
			"faces": {
				"north": {"uv": [4.5, 10, 4.75, 11.375], "texture": "#1"},
				"east": {"uv": [0, 3, 1.375, 4.375], "texture": "#1"},
				"south": {"uv": [5, 10, 5.25, 11.375], "texture": "#1"},
				"west": {"uv": [1.5, 3, 2.875, 4.375], "texture": "#1"},
				"up": {"uv": [5.75, 11.375, 5.5, 10], "texture": "#1"},
				"down": {"uv": [6.25, 10, 6, 11.375], "texture": "#1"}
			}
		},
		{
			"from": [7.82913, 0.93946, 6.63],
			"to": [8.32913, 3.67946, 9.37],
			"rotation": {"angle": -22.5, "axis": "z", "origin": [8.17163, 1.62446, 8]},
			"faces": {
				"north": {"uv": [10.5, 5, 10.75, 6.375], "texture": "#1"},
				"east": {"uv": [1.5, 4.5, 2.875, 5.875], "texture": "#1"},
				"south": {"uv": [8.5, 10.5, 8.75, 11.875], "texture": "#1"},
				"west": {"uv": [3, 4.5, 4.375, 5.875], "texture": "#1"},
				"up": {"uv": [9.25, 11.875, 9, 10.5], "texture": "#1"},
				"down": {"uv": [10.75, 9, 10.5, 10.375], "texture": "#1"}
			}
		},
		{
			"from": [3.945, 0.93133, 6.63],
			"to": [8.055, 1.43133, 9.37],
			"rotation": {"angle": 0, "axis": "y", "origin": [6, 1.38883, 8]},
			"faces": {
				"north": {"uv": [9.5, 8, 11.5, 8.25], "texture": "#1"},
				"east": {"uv": [1.5, 10.5, 2.875, 10.75], "texture": "#1"},
				"south": {"uv": [9.5, 8.5, 11.5, 8.75], "texture": "#1"},
				"west": {"uv": [3, 10.5, 4.375, 10.75], "texture": "#1"},
				"up": {"uv": [4, 1.375, 2, 0], "texture": "#1"},
				"down": {"uv": [4, 1.5, 2, 2.875], "texture": "#1"}
			}
		},
		{
			"from": [3.65679, 1.01026, 6.63],
			"to": [4.15679, 3.75026, 9.37],
			"rotation": {"angle": 22.5, "axis": "z", "origin": [3.99929, 1.69526, 8]},
			"faces": {
				"north": {"uv": [10, 9, 10.25, 10.375], "texture": "#1"},
				"east": {"uv": [4, 1.5, 5.375, 2.875], "texture": "#1"},
				"south": {"uv": [0, 10.5, 0.25, 11.875], "texture": "#1"},
				"west": {"uv": [0, 4.5, 1.375, 5.875], "texture": "#1"},
				"up": {"uv": [0.75, 11.875, 0.5, 10.5], "texture": "#1"},
				"down": {"uv": [1.25, 10.5, 1, 11.875], "texture": "#1"}
			}
		}
	],
	"display": {
		"thirdperson_righthand": {
			"translation": [1.5, 0.25, -0.75],
			"scale": [0.52539, 0.53711, 0.81641]
		},
		"firstperson_righthand": {
			"translation": [3.75, 2.25, 0]
		},
		"ground": {
			"translation": [1.75, 7.25, 0]
		},
		"gui": {
			"rotation": [30, -150, 0],
			"translation": [-1.5, 1.75, 0],
			"scale": [0.87, 0.87, 0.87]
		}
	}
}