{
	"credit": "Made with Blockbench",
	"textures": {
		"3": "block/helmets/transruby",
		"5": "block/helmets/rubyblock",
		"6": "block/anvil",
		"7": "block/helmets/rubymask"
	},
	"elements": [
		{
			"from": [1, 0, 1],
			"to": [1, 13, 15],
			"rotation": {"angle": 0, "axis": "y", "origin": [1, 0, 7]},
			"faces": {
				"north": {"uv": [0, 0, 0, 13], "texture": "#3"},
				"east": {"uv": [0, 0, 16, 16], "texture": "#3"},
				"south": {"uv": [0, 0, 0, 13], "texture": "#3"},
				"west": {"uv": [0, 0, 16, 16], "texture": "#3"},
				"up": {"uv": [0, 0, 0, 14], "texture": "#3"},
				"down": {"uv": [0, 0, 0, 14], "texture": "#3"}
			}
		},
		{
			"from": [0.9, 0, 1],
			"to": [0.9, 13, 15],
			"rotation": {"angle": 0, "axis": "y", "origin": [0.9, 0, 7]},
			"faces": {
				"north": {"uv": [0, 0, 0, 13], "texture": "#7"},
				"east": {"uv": [0, 0, 16, 16], "texture": "#7"},
				"south": {"uv": [0, 0, 0, 13], "texture": "#7"},
				"west": {"uv": [0, 0, 16, 16], "texture": "#7"},
				"up": {"uv": [0, 0, 0, 14], "texture": "#7"},
				"down": {"uv": [0, 0, 0, 14], "texture": "#7"}
			}
		},
		{
			"from": [1.25, 14, 1.25],
			"to": [14.75, 14.5, 14.75],
			"rotation": {"angle": 0, "axis": "y", "origin": [1, 1, 7]},
			"faces": {
				"north": {"uv": [0, 0, 13.5, 0.5], "texture": "#5"},
				"east": {"uv": [0, 0, 13.5, 0.5], "texture": "#5"},
				"south": {"uv": [0, 0, 13.5, 0.5], "texture": "#5"},
				"west": {"uv": [0, 0, 13.5, 0.5], "texture": "#5"},
				"up": {"uv": [0, 0, 13.5, 13.5], "texture": "#5"},
				"down": {"uv": [0, 0, 13.5, 13.5], "texture": "#5"}
			}
		},
		{
			"from": [1, 13, 1],
			"to": [15, 14, 15],
			"rotation": {"angle": 0, "axis": "y", "origin": [1, 0, 7]},
			"faces": {
				"north": {"uv": [1, 6, 15, 7], "texture": "#5"},
				"east": {"uv": [1, 6, 15, 7], "texture": "#5"},
				"south": {"uv": [1, 6, 15, 7], "texture": "#5"},
				"west": {"uv": [1, 6, 15, 7], "texture": "#5"},
				"up": {"uv": [1, 1, 15, 15], "texture": "#5"},
				"down": {"uv": [0, 0, 14, 14], "texture": "#5"}
			}
		},
		{
			"from": [1.5, 14.5, 1.5],
			"to": [14.5, 15.5, 14.5],
			"rotation": {"angle": 0, "axis": "y", "origin": [1, 0.5, 7]},
			"faces": {
				"north": {"uv": [3, 6, 15, 7], "texture": "#5"},
				"east": {"uv": [3, 6, 15, 7], "texture": "#5"},
				"south": {"uv": [3, 6, 15, 7], "texture": "#5"},
				"west": {"uv": [3, 6, 15, 7], "texture": "#5"},
				"up": {"uv": [2, 2, 15, 15], "texture": "#5"},
				"down": {"uv": [0, 0, 13, 13], "texture": "#5"}
			}
		},
		{
			"from": [2, 15.5, 2],
			"to": [14, 16.5, 14],
			"rotation": {"angle": 0, "axis": "y", "origin": [1, 1.5, 7]},
			"faces": {
				"north": {"uv": [3, 4, 15, 5], "texture": "#5"},
				"east": {"uv": [3, 4, 15, 5], "texture": "#5"},
				"south": {"uv": [3, 4, 15, 5], "texture": "#5"},
				"west": {"uv": [3, 4, 15, 5], "texture": "#5"},
				"up": {"uv": [2, 2, 14, 14], "texture": "#5"},
				"down": {"uv": [0, 0, 12, 12], "texture": "#5"}
			}
		},
		{
			"from": [3, 16.5, 3],
			"to": [13, 17, 13],
			"rotation": {"angle": 0, "axis": "y", "origin": [1, 2.5, 7]},
			"faces": {
				"north": {"uv": [3, 4, 13, 4.5], "texture": "#5"},
				"east": {"uv": [3, 4, 13, 4.5], "texture": "#5"},
				"south": {"uv": [3, 4, 13, 4.5], "texture": "#5"},
				"west": {"uv": [3, 4, 13, 4.5], "texture": "#5"},
				"up": {"uv": [4, 3, 14, 13], "texture": "#5"},
				"down": {"uv": [0, 0, 10, 10], "texture": "#5"}
			}
		},
		{
			"from": [4, 17, 4],
			"to": [12, 17.25, 12],
			"rotation": {"angle": 0, "axis": "y", "origin": [1, 3, 7]},
			"faces": {
				"north": {"uv": [3, 5, 11, 5.25], "texture": "#5"},
				"east": {"uv": [3, 5, 11, 5.25], "texture": "#5"},
				"south": {"uv": [3, 5, 11, 5.25], "texture": "#5"},
				"west": {"uv": [3, 5, 11, 5.25], "texture": "#5"},
				"up": {"uv": [4, 3, 12, 11], "texture": "#5"},
				"down": {"uv": [0, 0, 8, 8], "texture": "#5"}
			}
		},
		{
			"from": [1, 11, 15],
			"to": [9, 13, 15],
			"rotation": {"angle": 0, "axis": "y", "origin": [7, 0, 21]},
			"faces": {
				"north": {"uv": [0, 0, 8, 2], "texture": "#3"},
				"east": {"uv": [0, 0, 0, 2], "texture": "#3"},
				"south": {"uv": [0, 0, 8, 2], "texture": "#3"},
				"west": {"uv": [0, 0, 0, 2], "texture": "#3"},
				"up": {"uv": [0, 0, 8, 0], "texture": "#3"},
				"down": {"uv": [0, 0, 8, 0], "texture": "#3"}
			}
		},
		{
			"from": [1, 9, 15],
			"to": [8, 11, 15],
			"rotation": {"angle": 0, "axis": "y", "origin": [7, -5, 21]},
			"faces": {
				"north": {"uv": [0, 2, 7, 4], "texture": "#3"},
				"east": {"uv": [0, 0, 0, 2], "texture": "#3"},
				"south": {"uv": [0, 2, 7, 4], "texture": "#3"},
				"west": {"uv": [0, 0, 0, 2], "texture": "#3"},
				"up": {"uv": [0, 0, 7, 0], "texture": "#3"},
				"down": {"uv": [0, 0, 7, 0], "texture": "#3"}
			}
		},
		{
			"from": [1, 7, 15],
			"to": [6.5, 9, 15],
			"rotation": {"angle": 0, "axis": "y", "origin": [7, -7, 21]},
			"faces": {
				"north": {"uv": [0, 4, 5.5, 6], "texture": "#3"},
				"east": {"uv": [0, 0, 0, 2], "texture": "#3"},
				"south": {"uv": [0, 4, 5.5, 6], "texture": "#3"},
				"west": {"uv": [0, 0, 0, 2], "texture": "#3"},
				"up": {"uv": [0, 0, 5.5, 0], "texture": "#3"},
				"down": {"uv": [0, 0, 5.5, 0], "texture": "#3"}
			}
		},
		{
			"from": [1, 5, 15],
			"to": [5, 7, 15],
			"rotation": {"angle": 0, "axis": "y", "origin": [7, -7, 21]},
			"faces": {
				"north": {"uv": [0, 6, 4, 8], "texture": "#3"},
				"east": {"uv": [0, 0, 0, 2], "texture": "#3"},
				"south": {"uv": [0, 6, 4, 8], "texture": "#3"},
				"west": {"uv": [0, 0, 0, 2], "texture": "#3"},
				"up": {"uv": [0, 0, 4, 0], "texture": "#3"},
				"down": {"uv": [0, 0, 4, 0], "texture": "#3"}
			}
		},
		{
			"from": [1, 3, 15],
			"to": [3.5, 5, 15],
			"rotation": {"angle": 0, "axis": "y", "origin": [7, -7, 21]},
			"faces": {
				"north": {"uv": [0, 6, 2.5, 8], "texture": "#3"},
				"east": {"uv": [0, 0, 0, 2], "texture": "#3"},
				"south": {"uv": [0, 6, 2.5, 8], "texture": "#3"},
				"west": {"uv": [0, 0, 0, 2], "texture": "#3"},
				"up": {"uv": [0, 0, 2.5, 0], "texture": "#3"},
				"down": {"uv": [0, 0, 2.5, 0], "texture": "#3"}
			}
		},
		{
			"from": [1, 1, 15],
			"to": [2, 3, 15],
			"rotation": {"angle": 0, "axis": "y", "origin": [7, -7, 21]},
			"faces": {
				"north": {"uv": [0, 2, 1, 4], "texture": "#3"},
				"east": {"uv": [0, 0, 0, 2], "texture": "#3"},
				"south": {"uv": [0, 0, 1, 2], "texture": "#3"},
				"west": {"uv": [0, 0, 0, 2], "texture": "#3"},
				"up": {"uv": [0, 0, 1, 0], "texture": "#3"},
				"down": {"uv": [0, 0, 1, 0], "texture": "#3"}
			}
		},
		{
			"from": [1, 11, 1],
			"to": [9, 13, 1],
			"rotation": {"angle": 0, "axis": "y", "origin": [7, 0, 7]},
			"faces": {
				"north": {"uv": [0, 0, 8, 2], "texture": "#3"},
				"east": {"uv": [0, 0, 0, 2], "texture": "#3"},
				"south": {"uv": [0, 0, 8, 2], "texture": "#3"},
				"west": {"uv": [0, 0, 0, 2], "texture": "#3"},
				"up": {"uv": [0, 0, 8, 0], "texture": "#3"},
				"down": {"uv": [0, 0, 8, 0], "texture": "#3"}
			}
		},
		{
			"from": [1, 9, 1],
			"to": [8, 11, 1],
			"rotation": {"angle": 0, "axis": "y", "origin": [7, -5, 7]},
			"faces": {
				"north": {"uv": [0, 2, 7, 4], "texture": "#3"},
				"east": {"uv": [0, 0, 0, 2], "texture": "#3"},
				"south": {"uv": [0, 2, 7, 4], "texture": "#3"},
				"west": {"uv": [0, 0, 0, 2], "texture": "#3"},
				"up": {"uv": [0, 0, 7, 0], "texture": "#3"},
				"down": {"uv": [0, 0, 7, 0], "texture": "#3"}
			}
		},
		{
			"from": [1, 7, 1],
			"to": [6.5, 9, 1],
			"rotation": {"angle": 0, "axis": "y", "origin": [7, -7, 7]},
			"faces": {
				"north": {"uv": [0, 4, 5.5, 6], "texture": "#3"},
				"east": {"uv": [0, 0, 0, 2], "texture": "#3"},
				"south": {"uv": [0, 4, 5.5, 6], "texture": "#3"},
				"west": {"uv": [0, 0, 0, 2], "texture": "#3"},
				"up": {"uv": [0, 0, 5.5, 0], "texture": "#3"},
				"down": {"uv": [0, 0, 5.5, 0], "texture": "#3"}
			}
		},
		{
			"from": [1, 5, 1],
			"to": [5, 7, 1],
			"rotation": {"angle": 0, "axis": "y", "origin": [7, -7, 7]},
			"faces": {
				"north": {"uv": [0, 6, 4, 8], "texture": "#3"},
				"east": {"uv": [0, 0, 0, 2], "texture": "#3"},
				"south": {"uv": [0, 6, 4, 8], "texture": "#3"},
				"west": {"uv": [0, 0, 0, 2], "texture": "#3"},
				"up": {"uv": [0, 0, 4, 0], "texture": "#3"},
				"down": {"uv": [0, 0, 4, 0], "texture": "#3"}
			}
		},
		{
			"from": [1, 3, 1],
			"to": [3.5, 5, 1],
			"rotation": {"angle": 0, "axis": "y", "origin": [7, -7, 7]},
			"faces": {
				"north": {"uv": [0, 6, 2.5, 8], "texture": "#3"},
				"east": {"uv": [0, 0, 0, 2], "texture": "#3"},
				"south": {"uv": [0, 6, 2.5, 8], "texture": "#3"},
				"west": {"uv": [0, 0, 0, 2], "texture": "#3"},
				"up": {"uv": [0, 0, 2.5, 0], "texture": "#3"},
				"down": {"uv": [0, 0, 2.5, 0], "texture": "#3"}
			}
		},
		{
			"from": [1, 1, 1],
			"to": [2, 3, 1],
			"rotation": {"angle": 0, "axis": "y", "origin": [7, -7, 7]},
			"faces": {
				"north": {"uv": [0, 2, 1, 4], "texture": "#3"},
				"east": {"uv": [0, 0, 0, 2], "texture": "#3"},
				"south": {"uv": [0, 0, 1, 2], "texture": "#3"},
				"west": {"uv": [0, 0, 0, 2], "texture": "#3"},
				"up": {"uv": [0, 0, 1, 0], "texture": "#3"},
				"down": {"uv": [0, 0, 1, 0], "texture": "#3"}
			}
		},
		{
			"from": [1.75, 14, 4],
			"to": [3.75, 19, 6],
			"rotation": {"angle": -45, "axis": "x", "origin": [1.75, 14, 4]},
			"faces": {
				"north": {"uv": [0, 0, 2, 5], "texture": "#6"},
				"east": {"uv": [0, 0, 2, 5], "texture": "#6"},
				"south": {"uv": [0, 0, 2, 5], "texture": "#6"},
				"west": {"uv": [0, 0, 2, 5], "texture": "#6"},
				"up": {"uv": [0, 0, 2, 2], "texture": "#6"},
				"down": {"uv": [0, 0, 2, 2], "texture": "#6"}
			}
		},
		{
			"from": [2, 15, 3.15],
			"to": [3.5, 21, 4.9],
			"rotation": {"angle": -45, "axis": "x", "origin": [1.75, 15, 2.9]},
			"faces": {
				"north": {"uv": [0, 0, 1.5, 6], "texture": "#6"},
				"east": {"uv": [0, 0, 1.75, 6], "texture": "#6"},
				"south": {"uv": [0, 0, 1.5, 6], "texture": "#6"},
				"west": {"uv": [0, 0, 1.75, 6], "texture": "#6"},
				"up": {"uv": [0, 0, 1.5, 1.75], "texture": "#6"},
				"down": {"uv": [0, 0, 1.5, 1.75], "texture": "#6"}
			}
		},
		{
			"from": [2.25, 19, -0.4],
			"to": [3.25, 23, 0.85],
			"rotation": {"angle": -22.5, "axis": "x", "origin": [1.75, 18, -0.9]},
			"faces": {
				"north": {"uv": [0, 0, 1, 4], "texture": "#6"},
				"east": {"uv": [0, 0, 1.25, 4], "texture": "#6"},
				"south": {"uv": [0, 0, 1, 4], "texture": "#6"},
				"west": {"uv": [0, 0, 1.25, 4], "texture": "#6"},
				"up": {"uv": [0, 0, 1, 1.25], "texture": "#6"},
				"down": {"uv": [0, 0, 1, 1.25], "texture": "#6"}
			}
		},
		{
			"from": [1.75, 15, 10],
			"to": [3.75, 20, 12],
			"rotation": {"angle": 45, "axis": "x", "origin": [1.75, 15, 10]},
			"faces": {
				"north": {"uv": [0, 0, 2, 5], "texture": "#6"},
				"east": {"uv": [0, 0, 2, 5], "texture": "#6"},
				"south": {"uv": [0, 0, 2, 5], "texture": "#6"},
				"west": {"uv": [0, 0, 2, 5], "texture": "#6"},
				"up": {"uv": [0, 0, 2, 2], "texture": "#6"},
				"down": {"uv": [0, 0, 2, 2], "texture": "#6"}
			}
		},
		{
			"from": [2, 16, 11.15],
			"to": [3.5, 22.75, 12.9],
			"rotation": {"angle": 45, "axis": "x", "origin": [1.75, 16, 10.9]},
			"faces": {
				"north": {"uv": [0, 0, 1.5, 6.75], "texture": "#6"},
				"east": {"uv": [0, 0, 1.75, 6.75], "texture": "#6"},
				"south": {"uv": [0, 0, 1.5, 6.75], "texture": "#6"},
				"west": {"uv": [0, 0, 1.75, 6.75], "texture": "#6"},
				"up": {"uv": [0, 0, 1.5, 1.75], "texture": "#6"},
				"down": {"uv": [0, 0, 1.5, 1.75], "texture": "#6"}
			}
		},
		{
			"from": [2.25, 20, 15.35],
			"to": [3.25, 24, 16.6],
			"rotation": {"angle": 22.5, "axis": "x", "origin": [1.75, 19, 14.85]},
			"faces": {
				"north": {"uv": [0, 0, 1, 4], "texture": "#6"},
				"east": {"uv": [0, 0, 1.25, 4], "texture": "#6"},
				"south": {"uv": [0, 0, 1, 4], "texture": "#6"},
				"west": {"uv": [0, 0, 1.25, 4], "texture": "#6"},
				"up": {"uv": [0, 0, 1, 1.25], "texture": "#6"},
				"down": {"uv": [0, 0, 1, 1.25], "texture": "#6"}
			}
		}
	],
	"display": {
		"thirdperson_righthand": {
			"rotation": [0, -90, 0],
			"translation": [0, -4, -1],
			"scale": [0.31836, 0.31836, 0.31836]
		},
		"firstperson_righthand": {
			"rotation": [0, -90, 0],
			"translation": [-0.5, 0.5, 0],
			"scale": [0.43, 0.43, 0.43]
		},
		"ground": {
			"translation": [0, 5.25, 0],
			"scale": [0.67, 0.67, 0.67]
		},
		"gui": {
			"rotation": [-150, 60, 180],
			"translation": [-0.25, 0, 0],
			"scale": [0.7, 0.7, 0.7]
		},
		"head": {
			"rotation": [0, -90, 0],
			"scale": [1.08, 1.08, 1.08]
		},
		"fixed": {
			"rotation": [0, -90, 0]
		}
	},
	"groups": [
		0,
		1,
		{
			"name": "hat",
			"origin": [1, 3, 7],
			"color": 0,
			"children": [2, 3, 4, 5, 6, 7]
		},
		{
			"name": "strap",
			"origin": [7, 0, 21],
			"color": 0,
			"children": [8, 9, 10, 11, 12, 13]
		},
		{
			"name": "strap",
			"origin": [7, 0, 21],
			"color": 0,
			"children": [14, 15, 16, 17, 18, 19]
		},
		{
			"name": "horn1",
			"origin": [8, 8, 8],
			"color": 0,
			"children": [20, 21, 22]
		},
		{
			"name": "horn1",
			"origin": [8, 8, 8],
			"color": 0,
			"children": [23, 24, 25]
		}
	]
}