{
	"credit": "Made with Blockbench",
	"textures": {
		"6": "block/helmets/emeraldmask",
		"10": "block/helmets/transpink",
		"11": "block/helmets/transemerald",
		"particle": "emerald_block"
	},
	"elements": [
		{
			"from": [1, 0, 1],
			"to": [1, 13, 15],
			"rotation": {"angle": 0, "axis": "y", "origin": [1, 0, 7]},
			"faces": {
				"north": {"uv": [0, 0, 0, 13], "texture": "#11"},
				"east": {"uv": [0, 0, 16, 16], "texture": "#11"},
				"south": {"uv": [0, 0, 0, 13], "texture": "#11"},
				"west": {"uv": [0, 0, 16, 16], "texture": "#11"},
				"up": {"uv": [0, 0, 0, 14], "texture": "#11"},
				"down": {"uv": [0, 0, 0, 14], "texture": "#11"}
			}
		},
		{
			"from": [0.9, 0, 1],
			"to": [0.9, 13, 15],
			"rotation": {"angle": 0, "axis": "y", "origin": [0.9, 0, 7]},
			"faces": {
				"north": {"uv": [0, 0, 0, 13], "texture": "#10"},
				"east": {"uv": [0, 0, 16, 16], "texture": "#10"},
				"south": {"uv": [0, 0, 0, 13], "texture": "#10"},
				"west": {"uv": [0, 0, 16, 16], "texture": "#6"},
				"up": {"uv": [0, 0, 0, 14], "texture": "#10"},
				"down": {"uv": [0, 0, 0, 14], "texture": "#10"}
			}
		},
		{
			"from": [2.25, 14, 2.25],
			"to": [13.75, 14.3, 13.75],
			"rotation": {"angle": 0, "axis": "y", "origin": [1, 1, 7]},
			"faces": {
				"north": {"uv": [0, 0, 11.5, 0.3], "texture": "#11"},
				"east": {"uv": [0, 0, 11.5, 0.3], "texture": "#11"},
				"south": {"uv": [0, 0, 11.5, 0.3], "texture": "#11"},
				"west": {"uv": [0, 0, 11.5, 0.3], "texture": "#11"},
				"up": {"uv": [0, 0, 11.5, 11.5], "texture": "#11"},
				"down": {"uv": [0, 0, 11.5, 11.5], "texture": "#11"}
			}
		},
		{
			"from": [2, 13.25, 2],
			"to": [14, 15.2, 14],
			"rotation": {"angle": 0, "axis": "y", "origin": [1, 0, 7]},
			"faces": {
				"north": {"uv": [1, 6, 15, 7], "texture": "#11"},
				"east": {"uv": [1, 6, 15, 7], "texture": "#11"},
				"south": {"uv": [1, 6, 15, 7], "texture": "#11"},
				"west": {"uv": [1, 6, 15, 7], "texture": "#11"},
				"up": {"uv": [1, 1, 15, 15], "texture": "#11"},
				"down": {"uv": [0, 0, 14, 14], "texture": "#11"}
			}
		},
		{
			"from": [2.5, 14.5, 2.5],
			"to": [13.5, 15.3, 13.5],
			"rotation": {"angle": 0, "axis": "y", "origin": [1, 0.5, 7]},
			"faces": {
				"north": {"uv": [3, 6, 15, 7], "texture": "#11"},
				"east": {"uv": [3, 6, 15, 7], "texture": "#11"},
				"south": {"uv": [3, 6, 15, 7], "texture": "#11"},
				"west": {"uv": [3, 6, 15, 7], "texture": "#11"},
				"up": {"uv": [2, 2, 15, 15], "texture": "#11"},
				"down": {"uv": [0, 0, 13, 13], "texture": "#11"}
			}
		},
		{
			"from": [3, 15.5, 3],
			"to": [13, 16.3, 13],
			"rotation": {"angle": 0, "axis": "y", "origin": [1, 1.5, 7]},
			"faces": {
				"north": {"uv": [3, 4, 15, 5], "texture": "#11"},
				"east": {"uv": [3, 4, 15, 5], "texture": "#11"},
				"south": {"uv": [3, 4, 15, 5], "texture": "#11"},
				"west": {"uv": [3, 4, 15, 5], "texture": "#11"},
				"up": {"uv": [2, 2, 14, 14], "texture": "#11"},
				"down": {"uv": [0, 0, 12, 12], "texture": "#11"}
			}
		},
		{
			"from": [4, 16.5, 4],
			"to": [12, 16.8, 12],
			"rotation": {"angle": 0, "axis": "y", "origin": [1, 2.5, 7]},
			"faces": {
				"north": {"uv": [3, 4, 13, 4.5], "texture": "#11"},
				"east": {"uv": [3, 4, 13, 4.5], "texture": "#11"},
				"south": {"uv": [3, 4, 13, 4.5], "texture": "#11"},
				"west": {"uv": [3, 4, 13, 4.5], "texture": "#11"},
				"up": {"uv": [4, 3, 14, 13], "texture": "#11"},
				"down": {"uv": [0, 0, 10, 10], "texture": "#11"}
			}
		},
		{
			"from": [5, 17, 5],
			"to": [11, 17.05, 11],
			"rotation": {"angle": 0, "axis": "y", "origin": [1, 3, 7]},
			"faces": {
				"north": {"uv": [3, 5, 11, 5.25], "texture": "#11"},
				"east": {"uv": [3, 5, 11, 5.25], "texture": "#11"},
				"south": {"uv": [3, 5, 11, 5.25], "texture": "#11"},
				"west": {"uv": [3, 5, 11, 5.25], "texture": "#11"},
				"up": {"uv": [4, 3, 12, 11], "texture": "#11"},
				"down": {"uv": [0, 0, 8, 8], "texture": "#11"}
			}
		},
		{
			"from": [5, 17, 5],
			"to": [11, 21.05, 11],
			"rotation": {"angle": 0, "axis": "y", "origin": [1, 3, 7]},
			"faces": {
				"north": {"uv": [2, 1, 8, 5.05], "texture": "#11"},
				"east": {"uv": [2, 1, 8, 5.05], "texture": "#11"},
				"south": {"uv": [2, 1, 8, 5.05], "texture": "#11"},
				"west": {"uv": [2, 1, 8, 5.05], "texture": "#11"},
				"up": {"uv": [4, 3, 12, 11], "texture": "#11"},
				"down": {"uv": [3, 3, 11, 11], "texture": "#11"}
			}
		},
		{
			"from": [1, 11, 15],
			"to": [9, 13, 15],
			"rotation": {"angle": 0, "axis": "y", "origin": [7, 0, 21]},
			"faces": {
				"north": {"uv": [0, 0, 8, 2], "texture": "#10"},
				"east": {"uv": [0, 0, 0, 2], "texture": "#10"},
				"south": {"uv": [0, 0, 8, 2], "texture": "#10"},
				"west": {"uv": [0, 0, 0, 2], "texture": "#10"},
				"up": {"uv": [0, 0, 8, 0], "texture": "#10"},
				"down": {"uv": [0, 0, 8, 0], "texture": "#10"}
			}
		},
		{
			"from": [1, 9, 15],
			"to": [8, 11, 15],
			"rotation": {"angle": 0, "axis": "y", "origin": [7, -5, 21]},
			"faces": {
				"north": {"uv": [0, 2, 7, 4], "texture": "#10"},
				"east": {"uv": [0, 0, 0, 2], "texture": "#10"},
				"south": {"uv": [0, 2, 7, 4], "texture": "#10"},
				"west": {"uv": [0, 0, 0, 2], "texture": "#10"},
				"up": {"uv": [0, 0, 7, 0], "texture": "#10"},
				"down": {"uv": [0, 0, 7, 0], "texture": "#10"}
			}
		},
		{
			"from": [1, 7, 15],
			"to": [6.5, 9, 15],
			"rotation": {"angle": 0, "axis": "y", "origin": [7, -7, 21]},
			"faces": {
				"north": {"uv": [0, 4, 5.5, 6], "texture": "#10"},
				"east": {"uv": [0, 0, 0, 2], "texture": "#10"},
				"south": {"uv": [0, 4, 5.5, 6], "texture": "#10"},
				"west": {"uv": [0, 0, 0, 2], "texture": "#10"},
				"up": {"uv": [0, 0, 5.5, 0], "texture": "#10"},
				"down": {"uv": [0, 0, 5.5, 0], "texture": "#10"}
			}
		},
		{
			"from": [1, 5, 15],
			"to": [5, 7, 15],
			"rotation": {"angle": 0, "axis": "y", "origin": [7, -7, 21]},
			"faces": {
				"north": {"uv": [0, 6, 4, 8], "texture": "#10"},
				"east": {"uv": [0, 0, 0, 2], "texture": "#10"},
				"south": {"uv": [0, 6, 4, 8], "texture": "#10"},
				"west": {"uv": [0, 0, 0, 2], "texture": "#10"},
				"up": {"uv": [0, 0, 4, 0], "texture": "#10"},
				"down": {"uv": [0, 0, 4, 0], "texture": "#10"}
			}
		},
		{
			"from": [1, 3, 15],
			"to": [3.5, 5, 15],
			"rotation": {"angle": 0, "axis": "y", "origin": [7, -7, 21]},
			"faces": {
				"north": {"uv": [0, 6, 2.5, 8], "texture": "#10"},
				"east": {"uv": [0, 0, 0, 2], "texture": "#10"},
				"south": {"uv": [0, 6, 2.5, 8], "texture": "#10"},
				"west": {"uv": [0, 0, 0, 2], "texture": "#10"},
				"up": {"uv": [0, 0, 2.5, 0], "texture": "#10"},
				"down": {"uv": [0, 0, 2.5, 0], "texture": "#10"}
			}
		},
		{
			"from": [1, 1, 15],
			"to": [2, 3, 15],
			"rotation": {"angle": 0, "axis": "y", "origin": [7, -7, 21]},
			"faces": {
				"north": {"uv": [0, 2, 1, 4], "texture": "#10"},
				"east": {"uv": [0, 0, 0, 2], "texture": "#10"},
				"south": {"uv": [0, 0, 1, 2], "texture": "#10"},
				"west": {"uv": [0, 0, 0, 2], "texture": "#10"},
				"up": {"uv": [0, 0, 1, 0], "texture": "#10"},
				"down": {"uv": [0, 0, 1, 0], "texture": "#10"}
			}
		},
		{
			"from": [1, 11, 1],
			"to": [9, 13, 1],
			"rotation": {"angle": 0, "axis": "y", "origin": [7, 0, 7]},
			"faces": {
				"north": {"uv": [0, 0, 8, 2], "texture": "#11"},
				"east": {"uv": [0, 0, 0, 2], "texture": "#11"},
				"south": {"uv": [0, 0, 8, 2], "texture": "#11"},
				"west": {"uv": [0, 0, 0, 2], "texture": "#11"},
				"up": {"uv": [0, 0, 8, 0], "texture": "#11"},
				"down": {"uv": [0, 0, 8, 0], "texture": "#11"}
			}
		},
		{
			"from": [1, 9, 1],
			"to": [8, 11, 1],
			"rotation": {"angle": 0, "axis": "y", "origin": [7, -5, 7]},
			"faces": {
				"north": {"uv": [0, 2, 7, 4], "texture": "#11"},
				"east": {"uv": [0, 0, 0, 2], "texture": "#11"},
				"south": {"uv": [0, 2, 7, 4], "texture": "#11"},
				"west": {"uv": [0, 0, 0, 2], "texture": "#11"},
				"up": {"uv": [0, 0, 7, 0], "texture": "#11"},
				"down": {"uv": [0, 0, 7, 0], "texture": "#11"}
			}
		},
		{
			"from": [1, 7, 1],
			"to": [6.5, 9, 1],
			"rotation": {"angle": 0, "axis": "y", "origin": [7, -7, 7]},
			"faces": {
				"north": {"uv": [0, 4, 5.5, 6], "texture": "#11"},
				"east": {"uv": [0, 0, 0, 2], "texture": "#11"},
				"south": {"uv": [0, 4, 5.5, 6], "texture": "#11"},
				"west": {"uv": [0, 0, 0, 2], "texture": "#11"},
				"up": {"uv": [0, 0, 5.5, 0], "texture": "#11"},
				"down": {"uv": [0, 0, 5.5, 0], "texture": "#11"}
			}
		},
		{
			"from": [1, 5, 1],
			"to": [5, 7, 1],
			"rotation": {"angle": 0, "axis": "y", "origin": [7, -7, 7]},
			"faces": {
				"north": {"uv": [0, 6, 4, 8], "texture": "#11"},
				"east": {"uv": [0, 0, 0, 2], "texture": "#11"},
				"south": {"uv": [0, 6, 4, 8], "texture": "#11"},
				"west": {"uv": [0, 0, 0, 2], "texture": "#11"},
				"up": {"uv": [0, 0, 4, 0], "texture": "#11"},
				"down": {"uv": [0, 0, 4, 0], "texture": "#11"}
			}
		},
		{
			"from": [1, 3, 1],
			"to": [3.5, 5, 1],
			"rotation": {"angle": 0, "axis": "y", "origin": [7, -7, 7]},
			"faces": {
				"north": {"uv": [0, 6, 2.5, 8], "texture": "#11"},
				"east": {"uv": [0, 0, 0, 2], "texture": "#11"},
				"south": {"uv": [0, 6, 2.5, 8], "texture": "#11"},
				"west": {"uv": [0, 0, 0, 2], "texture": "#11"},
				"up": {"uv": [0, 0, 2.5, 0], "texture": "#11"},
				"down": {"uv": [0, 0, 2.5, 0], "texture": "#11"}
			}
		},
		{
			"from": [1, 1, 1],
			"to": [2, 3, 1],
			"rotation": {"angle": 0, "axis": "y", "origin": [7, -7, 7]},
			"faces": {
				"north": {"uv": [0, 2, 1, 4], "texture": "#11"},
				"east": {"uv": [0, 0, 0, 2], "texture": "#11"},
				"south": {"uv": [0, 0, 1, 2], "texture": "#11"},
				"west": {"uv": [0, 0, 0, 2], "texture": "#11"},
				"up": {"uv": [0, 0, 1, 0], "texture": "#11"},
				"down": {"uv": [0, 0, 1, 0], "texture": "#11"}
			}
		},
		{
			"from": [1.25, 14, 1.25],
			"to": [14.75, 15.5, 14.75],
			"rotation": {"angle": 0, "axis": "y", "origin": [1, 1, 7]},
			"faces": {
				"north": {"uv": [0, 0, 13.5, 1.5], "texture": "#10"},
				"east": {"uv": [0, 0, 13.5, 1.5], "texture": "#10"},
				"south": {"uv": [0, 0, 13.5, 1.5], "texture": "#10"},
				"west": {"uv": [0, 0, 13.5, 1.5], "texture": "#10"},
				"up": {"uv": [0, 0, 13.5, 13.5], "texture": "#10"},
				"down": {"uv": [0, 0, 13.5, 13.5], "texture": "#10"}
			}
		},
		{
			"from": [1, 13, 1],
			"to": [15, 15, 15],
			"rotation": {"angle": 0, "axis": "y", "origin": [1, 0, 7]},
			"faces": {
				"north": {"uv": [1, 6, 15, 7], "texture": "#10"},
				"east": {"uv": [1, 6, 15, 7], "texture": "#10"},
				"south": {"uv": [1, 6, 15, 7], "texture": "#10"},
				"west": {"uv": [1, 6, 15, 7], "texture": "#10"},
				"up": {"uv": [1, 1, 15, 15], "texture": "#10"},
				"down": {"uv": [0, 0, 14, 14], "texture": "#10"}
			}
		},
		{
			"from": [1.5, 14.5, 1.5],
			"to": [14.5, 16.5, 14.5],
			"rotation": {"angle": 0, "axis": "y", "origin": [1, 0.5, 7]},
			"faces": {
				"north": {"uv": [3, 6, 15, 7], "texture": "#10"},
				"east": {"uv": [3, 6, 15, 7], "texture": "#10"},
				"south": {"uv": [3, 6, 15, 7], "texture": "#10"},
				"west": {"uv": [3, 6, 15, 7], "texture": "#10"},
				"up": {"uv": [2, 2, 15, 15], "texture": "#10"},
				"down": {"uv": [0, 0, 13, 13], "texture": "#10"}
			}
		},
		{
			"from": [2, 15.5, 2],
			"to": [14, 17.5, 14],
			"rotation": {"angle": 0, "axis": "y", "origin": [1, 1.5, 7]},
			"faces": {
				"north": {"uv": [3, 4, 15, 5], "texture": "#10"},
				"east": {"uv": [3, 4, 15, 5], "texture": "#10"},
				"south": {"uv": [3, 4, 15, 5], "texture": "#10"},
				"west": {"uv": [3, 4, 15, 5], "texture": "#10"},
				"up": {"uv": [2, 2, 14, 14], "texture": "#10"},
				"down": {"uv": [0, 0, 12, 12], "texture": "#10"}
			}
		},
		{
			"from": [3, 16.5, 3],
			"to": [13, 18, 13],
			"rotation": {"angle": 0, "axis": "y", "origin": [1, 2.5, 7]},
			"faces": {
				"north": {"uv": [3, 4, 13, 4.5], "texture": "#10"},
				"east": {"uv": [3, 4, 13, 4.5], "texture": "#10"},
				"south": {"uv": [3, 4, 13, 4.5], "texture": "#10"},
				"west": {"uv": [3, 4, 13, 4.5], "texture": "#10"},
				"up": {"uv": [4, 3, 14, 13], "texture": "#10"},
				"down": {"uv": [0, 0, 10, 10], "texture": "#10"}
			}
		},
		{
			"from": [4, 17, 4],
			"to": [12, 18.25, 12],
			"rotation": {"angle": 0, "axis": "y", "origin": [1, 3, 7]},
			"faces": {
				"north": {"uv": [3, 5, 11, 5.25], "texture": "#10"},
				"east": {"uv": [3, 5, 11, 5.25], "texture": "#10"},
				"south": {"uv": [3, 5, 11, 5.25], "texture": "#10"},
				"west": {"uv": [3, 5, 11, 5.25], "texture": "#10"},
				"up": {"uv": [4, 3, 12, 11], "texture": "#10"},
				"down": {"uv": [0, 0, 8, 8], "texture": "#10"}
			}
		}
	],
	"display": {
		"thirdperson_righthand": {
			"rotation": [0, -90, 0],
			"translation": [0, -4, -1],
			"scale": [0.31836, 0.31836, 0.31836]
		},
		"firstperson_righthand": {
			"rotation": [0, -90, 0],
			"translation": [-0.5, 0.5, 0],
			"scale": [0.43, 0.43, 0.43]
		},
		"ground": {
			"translation": [0, 5.25, 0],
			"scale": [0.67, 0.67, 0.67]
		},
		"gui": {
			"rotation": [-150, 60, 180],
			"translation": [-0.25, 0, 0],
			"scale": [0.7, 0.7, 0.7]
		},
		"head": {
			"rotation": [0, -90, 0],
			"scale": [1.08, 1.08, 1.08]
		},
		"fixed": {
			"rotation": [0, -90, 0]
		}
	},
	"groups": [
		0,
		1,
		{
			"name": "hat",
			"origin": [1, 3, 7],
			"color": 0,
			"children": [2, 3, 4, 5, 6, 7, 8]
		},
		{
			"name": "strap",
			"origin": [7, 0, 21],
			"color": 0,
			"children": [9, 10, 11, 12, 13, 14]
		},
		{
			"name": "strap",
			"origin": [7, 0, 21],
			"color": 0,
			"children": [15, 16, 17, 18, 19, 20]
		},
		{
			"name": "hat",
			"origin": [1, 3, 7],
			"color": 0,
			"children": [21, 22, 23, 24, 25, 26]
		}
	]
}