{
	"parent": "item/handheld",
	"textures": {
		"layer0": "item/carved_pumpkin"
	},
	"overrides": [
		{ "predicate": { "custom_model_data": 0 }, "model": "block/carved_pumpkin" },
		{ "predicate": { "custom_model_data": 1 }, "model": "hat/halloween_hat" },
		{ "predicate": { "custom_model_data": 2 }, "model": "hat/reindeer_hat" },
		{ "predicate": { "custom_model_data": 3 }, "model": "hat/santa_hat" },
		{ "predicate": { "custom_model_data": 4 }, "model": "hat/tree_hat" },
		{ "predicate": { "custom_model_data": 5 }, "model": "hat/fox_hat" },
		{ "predicate": { "custom_model_data": 6 }, "model": "hat/bee_hat" },
		{ "predicate": { "custom_model_data": 7 }, "model": "hat/phantom_hat" }

	]
}