{
	"credit": "Made with Blockbench",
	"texture_size": [48, 32],
	"textures": {
		"1": "item/pets/fox/purple",
		"particle": "fox"
	},
	"elements": [
		{
			"name": "body",
			"from": [5, 6, 5],
			"to": [11, 12, 16],
			"rotation": {"angle": 0, "axis": "x", "origin": [8, 0, 8]},
			"faces": {
				"north": {"uv": [12, 10.5, 10, 7.5], "rotation": 180, "texture": "#1"},
				"east": {"uv": [8, 10.5, 10, 16], "rotation": 90, "texture": "#1"},
				"south": {"uv": [14, 7.5, 12, 10.5], "texture": "#1"},
				"west": {"uv": [12, 10.5, 14, 16], "rotation": 270, "texture": "#1"},
				"up": {"uv": [14, 10.5, 16, 16], "texture": "#1"},
				"down": {"uv": [10, 10.5, 12, 16], "rotation": 180, "texture": "#1"}
			}
		},
		{
			"name": "head",
			"from": [4, 5, -1],
			"to": [12, 11, 5],
			"rotation": {"angle": 0, "axis": "y", "origin": [8, 0, 8]},
			"faces": {
				"north": {"uv": [2.33333, 5.5, 5, 8.5], "texture": "#1"},
				"east": {"uv": [0.33333, 5.5, 2.33333, 8.5], "texture": "#1"},
				"south": {"uv": [7, 5.5, 9.66667, 8.5], "texture": "#1"},
				"west": {"uv": [5, 5.5, 7, 8.5], "texture": "#1"},
				"up": {"uv": [5, 5.5, 2.33333, 2.5], "texture": "#1"},
				"down": {"uv": [7.66667, 2.5, 5, 5.5], "texture": "#1"}
			}
		},
		{
			"name": "head",
			"from": [10, 11, 0],
			"to": [12, 13, 1],
			"rotation": {"angle": 0, "axis": "y", "origin": [8, 0, 8]},
			"faces": {
				"north": {"uv": [3, 1, 3.66667, 2], "texture": "#1"},
				"east": {"uv": [2.66667, 1, 3, 2], "texture": "#1"},
				"south": {"uv": [4, 1, 4.66667, 2], "texture": "#1"},
				"west": {"uv": [3.66667, 1, 4, 2], "texture": "#1"},
				"up": {"uv": [3.66667, 1, 3, 0.5], "texture": "#1"},
				"down": {"uv": [4.33333, 0.5, 3.66667, 1], "texture": "#1"}
			}
		},
		{
			"name": "head",
			"from": [4, 11, 0],
			"to": [6, 13, 1],
			"rotation": {"angle": 0, "axis": "y", "origin": [8, 0, 8]},
			"faces": {
				"north": {"uv": [5.33333, 1, 6, 2], "texture": "#1"},
				"east": {"uv": [5, 1, 5.33333, 2], "texture": "#1"},
				"south": {"uv": [6.33333, 1, 7, 2], "texture": "#1"},
				"west": {"uv": [6, 1, 6.33333, 2], "texture": "#1"},
				"up": {"uv": [6, 1, 5.33333, 0.5], "texture": "#1"},
				"down": {"uv": [6.66667, 0.5, 6, 1], "texture": "#1"}
			}
		},
		{
			"name": "head",
			"from": [6, 5, -4],
			"to": [10, 7, -1],
			"rotation": {"angle": 0, "axis": "y", "origin": [8, 0, 8]},
			"faces": {
				"north": {"uv": [3, 10.5, 4.33333, 11.5], "texture": "#1"},
				"east": {"uv": [2, 10.5, 3, 11.5], "texture": "#1"},
				"south": {"uv": [5.33333, 10.5, 6.66667, 11.5], "texture": "#1"},
				"west": {"uv": [4.33333, 10.5, 5.33333, 11.5], "texture": "#1"},
				"up": {"uv": [4.33333, 10.5, 3, 9], "texture": "#1"},
				"down": {"uv": [5.66667, 9, 4.33333, 10.5], "texture": "#1"}
			}
		},
		{
			"name": "leg0",
			"from": [9.005, 0, 13],
			"to": [11.005, 6, 15],
			"rotation": {"angle": 0, "axis": "y", "origin": [8, 0, 8]},
			"faces": {
				"north": {"uv": [5, 13, 5.66667, 16], "texture": "#1"},
				"east": {"uv": [4.33333, 13, 5, 16], "texture": "#1"},
				"south": {"uv": [6.33333, 13, 7, 16], "texture": "#1"},
				"west": {"uv": [5.66667, 13, 6.33333, 16], "texture": "#1"},
				"up": {"uv": [5.66667, 13, 5, 12], "texture": "#1"},
				"down": {"uv": [6.33333, 12, 5.66667, 13], "texture": "#1"}
			}
		},
		{
			"name": "leg1",
			"from": [4.995, 0, 13],
			"to": [6.995, 6, 15],
			"rotation": {"angle": 0, "axis": "y", "origin": [8, 0, 8]},
			"faces": {
				"north": {"uv": [2, 13, 2.66667, 16], "texture": "#1"},
				"east": {"uv": [1.33333, 13, 2, 16], "texture": "#1"},
				"south": {"uv": [3.33333, 13, 4, 16], "texture": "#1"},
				"west": {"uv": [2.66667, 13, 3.33333, 16], "texture": "#1"},
				"up": {"uv": [2.66667, 13, 2, 12], "texture": "#1"},
				"down": {"uv": [3.33333, 12, 2.66667, 13], "texture": "#1"}
			}
		},
		{
			"name": "leg2",
			"from": [9.005, 0, 6],
			"to": [11.005, 6, 8],
			"rotation": {"angle": 0, "axis": "y", "origin": [8, 0, 8]},
			"faces": {
				"north": {"uv": [5, 13, 5.66667, 16], "texture": "#1"},
				"east": {"uv": [4.33333, 13, 5, 16], "texture": "#1"},
				"south": {"uv": [6.33333, 13, 7, 16], "texture": "#1"},
				"west": {"uv": [5.66667, 13, 6.33333, 16], "texture": "#1"},
				"up": {"uv": [5.66667, 13, 5, 12], "texture": "#1"},
				"down": {"uv": [6.33333, 12, 5.66667, 13], "texture": "#1"}
			}
		},
		{
			"name": "leg3",
			"from": [4.995, 0, 6],
			"to": [6.995, 6, 8],
			"rotation": {"angle": 0, "axis": "y", "origin": [8, 0, 8]},
			"faces": {
				"north": {"uv": [2, 13, 2.66667, 16], "texture": "#1"},
				"east": {"uv": [1.33333, 13, 2, 16], "texture": "#1"},
				"south": {"uv": [3.33333, 13, 4, 16], "texture": "#1"},
				"west": {"uv": [2.66667, 13, 3.33333, 16], "texture": "#1"},
				"up": {"uv": [2.66667, 13, 2, 12], "texture": "#1"},
				"down": {"uv": [3.33333, 12, 2.66667, 13], "texture": "#1"}
			}
		},
		{
			"name": "tail",
			"from": [6, 6.75, 16],
			"to": [10, 11.75, 25],
			"rotation": {"angle": 0, "axis": "x", "origin": [8, 0, 8]},
			"faces": {
				"north": {"uv": [13, 2.5, 11.66667, 0], "rotation": 180, "texture": "#1"},
				"east": {"uv": [10, 2.5, 11.66667, 7], "rotation": 90, "texture": "#1"},
				"south": {"uv": [14.33333, 0, 13, 2.5], "texture": "#1"},
				"west": {"uv": [13, 2.5, 14.66667, 7], "rotation": 270, "texture": "#1"},
				"up": {"uv": [14.66667, 2.5, 16, 7], "texture": "#1"},
				"down": {"uv": [11.66667, 2.5, 13, 7], "rotation": 180, "texture": "#1"}
			}
		}
	],
	"display": {
		"thirdperson_righthand": {
			"rotation": [90, 0, 0],
			"scale": [0.72, 0.72, 0.72]
		},
		"firstperson_righthand": {
			"translation": [-0.5, 1.75, 0.75],
			"scale": [0.8, 0.8, 0.8]
		},
		"ground": {
			"translation": [0, 3.75, 0],
			"scale": [0.8, 0.8, 0.8]
		},
		"gui": {
			"rotation": [30, -150, 0],
			"translation": [1.75, -0.5, 0],
			"scale": [1.3, 1.3, 1.3]
		},
		"head": {
			"rotation": [0, -33, 0],
			"translation": [0.75, 14.25, -2]
		},
		"fixed": {
			"rotation": [0, 0, 180],
			"scale": [1, 1, 0.22]
		}
	},
	"groups": [
		{
			"name": "body",
			"origin": [0, 8, 0],
			"color": 0,
			"children": [0]
		},
		{
			"name": "head",
			"origin": [0, 8, -3],
			"color": 0,
			"children": [1, 2, 3, 4]
		},
		{
			"name": "leg0",
			"origin": [3, 6, 6],
			"color": 0,
			"children": [5]
		},
		{
			"name": "leg1",
			"origin": [-1, 6, 6],
			"color": 0,
			"children": [6]
		},
		{
			"name": "leg2",
			"origin": [3, 6, -1],
			"color": 0,
			"children": [7]
		},
		{
			"name": "leg3",
			"origin": [-1, 6, -1],
			"color": 0,
			"children": [8]
		},
		{
			"name": "tail",
			"origin": [0, 8, 7],
			"color": 0,
			"children": [9]
		}
	]
}