{
	"parent": "item/handheld",
	"textures": {
		"layer0": "item/redstone"
	},
	
	"overrides": [
		{"predicate": {"custom_model_data":1}, "model": "item/pink_candle/1"},
		{"predicate": {"custom_model_data":2}, "model": "item/pink_candle/2"},
		{"predicate": {"custom_model_data":3}, "model": "item/pink_candle/3"},
		{"predicate": {"custom_model_data":4}, "model": "item/pink_candle/4"},
		{"predicate": {"custom_model_data":5}, "model": "item/pink_candle/5"},
		{"predicate": {"custom_model_data":6}, "model": "item/pink_candle/6"},
		{"predicate": {"custom_model_data":7}, "model": "item/pink_candle/7"},
		{"predicate": {"custom_model_data":8}, "model": "item/pink_candle/8"}
	]
}