{
	"credit": "Made with Blockbench",
	"texture_size": [8, 8],
	"textures": {
		"0": "block/equipment/circles",
		"1": "block/equipment/boll",
		"2": "block/equipment/boom_thing",
		"3": "block/equipment/handle",
		"4": "block/equipment/handle2",
		"particle": "block/equipment/circles"
	},
	"elements": [
		{
			"from": [7.3, 0, 7.3],
			"to": [8.7, 4, 8.7],
			"rotation": {"angle": 0, "axis": "y", "origin": [7, 0, 7]},
			"color": 1,
			"faces": {
				"north": {"uv": [7.5, 0, 8.25, 2], "texture": "#missing"},
				"east": {"uv": [7.5, 2, 8.25, 4], "texture": "#missing"},
				"south": {"uv": [7.5, 4, 8.25, 6], "texture": "#missing"},
				"west": {"uv": [7.5, 6, 8.25, 8], "texture": "#missing"},
				"up": {"uv": [9.25, 6.75, 8.5, 6], "texture": "#missing"},
				"down": {"uv": [9.25, 7, 8.5, 7.75], "texture": "#missing"}
			}
		},
		{
			"from": [7.5, 4, 7.5],
			"to": [8.5, 15.5, 8.5],
			"rotation": {"angle": 0, "axis": "y", "origin": [7, 4, 7]},
			"faces": {
				"north": {"uv": [0, 0, 1, 11.5], "texture": "#3"},
				"east": {"uv": [1, 0, 2, 11.5], "texture": "#3"},
				"south": {"uv": [2, 0, 3, 11.5], "texture": "#3"},
				"west": {"uv": [3, 0, 4, 11.5], "texture": "#3"},
				"up": {"uv": [5, 1, 4, 0], "texture": "#3"},
				"down": {"uv": [5, 1, 4, 2], "texture": "#3"}
			}
		},
		{
			"from": [5, 16, 8],
			"to": [11, 22, 8],
			"rotation": {"angle": 0, "axis": "y", "origin": [8, 19, 8]},
			"faces": {
				"north": {"uv": [0, 0, 6, 6], "texture": "#2"},
				"east": {"uv": [0, 0, 0, 6], "texture": "#2"},
				"south": {"uv": [0, 6, 6, 12], "texture": "#2"},
				"west": {"uv": [0, 0, 0, 6], "texture": "#2"},
				"up": {"uv": [6, 0, 0, 0], "texture": "#2"},
				"down": {"uv": [6, 0, 0, 0], "texture": "#2"}
			}
		},
		{
			"from": [5, 16, 8],
			"to": [11, 22, 8],
			"rotation": {"angle": 0, "axis": "y", "origin": [8, 19, 8]},
			"faces": {
				"north": {"uv": [0, 6, 6, 12], "texture": "#2"},
				"east": {"uv": [0, 0, 0, 6], "texture": "#2"},
				"south": {"uv": [0, 0, 6, 6], "texture": "#2"},
				"west": {"uv": [0, 0, 0, 6], "texture": "#2"},
				"up": {"uv": [6, 0, 0, 0], "rotation": 180, "texture": "#2"},
				"down": {"uv": [6, 0, 0, 0], "rotation": 180, "texture": "#2"}
			}
		},
		{
			"from": [8, 16, 5],
			"to": [8, 22, 11],
			"rotation": {"angle": 0, "axis": "y", "origin": [8, 19, 8]},
			"faces": {
				"north": {"uv": [0, 0, 0, 6], "texture": "#2"},
				"east": {"uv": [0, 6, 6, 12], "texture": "#2"},
				"south": {"uv": [0, 0, 0, 6], "texture": "#2"},
				"west": {"uv": [0, 0, 6, 6], "texture": "#2"},
				"up": {"uv": [6, 0, 0, 0], "rotation": 270, "texture": "#2"},
				"down": {"uv": [6, 0, 0, 0], "rotation": 90, "texture": "#2"}
			}
		},
		{
			"from": [8, 16, 5],
			"to": [8, 22, 11],
			"rotation": {"angle": 0, "axis": "y", "origin": [8, 19, 8]},
			"faces": {
				"north": {"uv": [0, 0, 0, 6], "texture": "#2"},
				"east": {"uv": [0, 0, 6, 6], "texture": "#2"},
				"south": {"uv": [0, 0, 0, 6], "texture": "#2"},
				"west": {"uv": [0, 6, 6, 12], "texture": "#2"},
				"up": {"uv": [6, 0, 0, 0], "rotation": 90, "texture": "#2"},
				"down": {"uv": [6, 0, 0, 0], "rotation": 270, "texture": "#2"}
			}
		},
		{
			"from": [7, 18, 7],
			"to": [9, 20, 9],
			"rotation": {"angle": 0, "axis": "y", "origin": [8, 19, 8]},
			"faces": {
				"north": {"uv": [0, 0, 2, 2], "texture": "#1"},
				"east": {"uv": [0, 2, 2, 4], "texture": "#1"},
				"south": {"uv": [2, 0, 4, 2], "texture": "#1"},
				"west": {"uv": [2, 2, 4, 4], "texture": "#1"},
				"up": {"uv": [2, 6, 0, 4], "texture": "#1"},
				"down": {"uv": [6, 0, 4, 2], "texture": "#1"}
			}
		},
		{
			"from": [7.3, 0, 7.3],
			"to": [8.7, 4, 8.7],
			"rotation": {"angle": 0, "axis": "y", "origin": [7, 0, 7]},
			"faces": {
				"north": {"uv": [0, 0, 3, 8], "texture": "#4"},
				"east": {"uv": [4, 0, 7, 8], "texture": "#4"},
				"south": {"uv": [0, 8, 3, 16], "texture": "#4"},
				"west": {"uv": [8, 0, 11, 8], "texture": "#4"},
				"up": {"uv": [7, 11, 4, 8], "texture": "#4"},
				"down": {"uv": [11, 8, 8, 11], "texture": "#4"}
			}
		},
		{
			"from": [2.5, 14, 8],
			"to": [13.5, 24, 8],
			"rotation": {"angle": 0, "axis": "y", "origin": [8, 19, 8]},
			"faces": {
				"north": {"uv": [0, 0, 5.5, 5], "texture": "#0"},
				"east": {"uv": [0, 0, 0, 5], "texture": "#0"},
				"south": {"uv": [0, 5, 5.5, 10], "texture": "#0"},
				"west": {"uv": [0, 0, 0, 5], "texture": "#0"},
				"up": {"uv": [5.5, 0, 0, 0], "texture": "#0"},
				"down": {"uv": [5.5, 0, 0, 0], "texture": "#0"}
			}
		},
		{
			"from": [2.5, 14, 8],
			"to": [13.5, 24, 8],
			"rotation": {"angle": 0, "axis": "y", "origin": [8, 19, 8]},
			"faces": {
				"north": {"uv": [0, 5, 5.5, 10], "texture": "#0"},
				"east": {"uv": [0, 0, 0, 5], "texture": "#0"},
				"south": {"uv": [0, 0, 5.5, 5], "texture": "#0"},
				"west": {"uv": [0, 0, 0, 5], "texture": "#0"},
				"up": {"uv": [5.5, 0, 0, 0], "rotation": 180, "texture": "#0"},
				"down": {"uv": [5.5, 0, 0, 0], "rotation": 180, "texture": "#0"}
			}
		},
		{
			"from": [8, 14, 2.5],
			"to": [8, 24, 13.5],
			"rotation": {"angle": 0, "axis": "y", "origin": [8, 19, 8]},
			"faces": {
				"north": {"uv": [0, 0, 0, 5], "texture": "#0"},
				"east": {"uv": [0, 0, 5.5, 5], "texture": "#0"},
				"south": {"uv": [0, 0, 0, 5], "texture": "#0"},
				"west": {"uv": [0, 5, 5.5, 10], "texture": "#0"},
				"up": {"uv": [5.5, 0, 0, 0], "rotation": 90, "texture": "#0"},
				"down": {"uv": [5.5, 0, 0, 0], "rotation": 270, "texture": "#0"}
			}
		},
		{
			"from": [8, 14, 2.5],
			"to": [8, 24, 13.5],
			"rotation": {"angle": 0, "axis": "y", "origin": [8, 19, 8]},
			"faces": {
				"north": {"uv": [0, 0, 0, 5], "texture": "#0"},
				"east": {"uv": [0, 5, 5.5, 10], "texture": "#0"},
				"south": {"uv": [0, 0, 0, 5], "texture": "#0"},
				"west": {"uv": [0, 0, 5.5, 5], "texture": "#0"},
				"up": {"uv": [5.5, 0, 0, 0], "rotation": 270, "texture": "#0"},
				"down": {"uv": [5.5, 0, 0, 0], "rotation": 90, "texture": "#0"}
			}
		},
		{
			"from": [3, 19, 2.5],
			"to": [13, 19, 13.5],
			"rotation": {"angle": 22.5, "axis": "z", "origin": [8, 19, 8]},
			"faces": {
				"north": {"uv": [0, 0, 0, 5], "rotation": 90, "texture": "#0"},
				"east": {"uv": [5.5, 0, 0, 0], "rotation": 180, "texture": "#0"},
				"south": {"uv": [0, 0, 0, 5], "rotation": 270, "texture": "#0"},
				"west": {"uv": [5.5, 0, 0, 0], "texture": "#0"},
				"up": {"uv": [0, 0, 5.5, 5], "rotation": 270, "texture": "#0"},
				"down": {"uv": [0, 5, 5.5, 10], "rotation": 270, "texture": "#0"}
			}
		},
		{
			"from": [3, 19, 2.5],
			"to": [13, 19, 13.5],
			"rotation": {"angle": 22.5, "axis": "z", "origin": [8, 19, 8]},
			"faces": {
				"north": {"uv": [0, 0, 0, 5], "rotation": 90, "texture": "#0"},
				"east": {"uv": [5.5, 0, 0, 0], "texture": "#0"},
				"south": {"uv": [0, 0, 0, 5], "rotation": 270, "texture": "#0"},
				"west": {"uv": [5.5, 0, 0, 0], "rotation": 180, "texture": "#0"},
				"up": {"uv": [0, 5, 5.5, 10], "rotation": 270, "texture": "#0"},
				"down": {"uv": [0, 0, 5.5, 5], "rotation": 270, "texture": "#0"}
			}
		}
	],
	"display": {
		"thirdperson_righthand": {
			"translation": [-0.5, 0, 1.5]
		},
		"thirdperson_lefthand": {
			"translation": [-11.5, 0, 1.5]
		},
		"firstperson_righthand": {
			"rotation": [0, 0, 9.5],
			"translation": [1.25, 0, 0],
			"scale": [0.59, 0.59, 0.59]
		},
		"firstperson_lefthand": {
			"rotation": [0, 0, 9.5]
		},
		"ground": {
			"rotation": [-35.4, -0.76, 2.36],
			"translation": [0, 3.75, 0],
			"scale": [0.52, 0.52, 0.52]
		},
		"gui": {
			"rotation": [-139.94, -47.71, -134.1],
			"translation": [-1.25, -2.5, 0],
			"scale": [0.72, 0.72, 0.72]
		},
		"head": {
			"translation": [0, -17, 0],
			"scale": [2.45, 2.45, 2.45]
		},
		"fixed": {
			"rotation": [0, 0, -46.5],
			"translation": [0, 0, -0.5]
		}
	},
	"groups": [
		0,
		1,
		2,
		3,
		4,
		5,
		6,
		7,
		{
			"name": "circles",
			"origin": [13, 19, 8],
			"color": 0,
			"children": [8, 9, 10, 11, 12, 13]
		}
	]
}