{
	"parent": "item/handheld",
	"textures": {
		"layer0": "item/candle"
	},
	
	"overrides": [
		{"predicate": {"custom_model_data":1}, "model": "item/candle/1"},
		{"predicate": {"custom_model_data":2}, "model": "item/candle/2"},
		{"predicate": {"custom_model_data":3}, "model": "item/candle/3"},
		{"predicate": {"custom_model_data":4}, "model": "item/candle/4"},
		{"predicate": {"custom_model_data":5}, "model": "item/candle/5"},
		{"predicate": {"custom_model_data":6}, "model": "item/candle/6"},
		{"predicate": {"custom_model_data":7}, "model": "item/candle/7"},
		{"predicate": {"custom_model_data":8}, "model": "item/candle/8"},
		{"predicate": {"custom_model_data":9}, "model": "item/candle/9"},
		{"predicate": {"custom_model_data":10}, "model": "item/candle/10"},
		{"predicate": {"custom_model_data":11}, "model": "item/candle/11"},
		{"predicate": {"custom_model_data":12}, "model": "item/candle/12"},
		{"predicate": {"custom_model_data":13}, "model": "item/candle/13"},
		{"predicate": {"custom_model_data":14}, "model": "item/candle/14"},
		{"predicate": {"custom_model_data":15}, "model": "item/candle/15"},
		{"predicate": {"custom_model_data":16}, "model": "item/candle/16"}
	]
}
