{"textures":{"0":"modelengine:entity/texture"},"elements":[{"from":[16.55,-0.05000019,7.25],"to":[19.55,1.4499998,8.75],"faces":{"east":{"uv":[12.5,13.5,13.5,14.5],"tintindex":0,"rotation":0,"texture":"#0"},"south":{"uv":[11.5,8.0,14.0,9.0],"tintindex":0,"rotation":0,"texture":"#0"},"north":{"uv":[11.5,7.0,14.0,8.0],"tintindex":0,"rotation":0,"texture":"#0"},"west":{"uv":[13.5,13.5,14.5,14.5],"tintindex":0,"rotation":0,"texture":"#0"},"up":{"uv":[14.0,10.0,11.5,9.0],"tintindex":0,"rotation":0,"texture":"#0"},"down":{"uv":[14.0,10.0,11.5,11.0],"tintindex":0,"rotation":0,"texture":"#0"}},"rotation":{"origin":[27.0,8.0,5.0],"angle":-45.0,"axis":"z"}},{"from":[9.9,4.1,7.0],"to":[14.9,6.1,9.0],"faces":{"east":{"uv":[12.5,13.5,13.5,14.5],"tintindex":0,"rotation":0,"texture":"#0"},"south":{"uv":[11.5,8.0,14.0,9.0],"tintindex":0,"rotation":0,"texture":"#0"},"north":{"uv":[11.5,8.0,14.0,9.0],"tintindex":0,"rotation":0,"texture":"#0"},"west":{"uv":[13.5,13.5,14.5,14.5],"tintindex":0,"rotation":0,"texture":"#0"},"up":{"uv":[14.0,10.0,11.5,9.0],"tintindex":0,"rotation":0,"texture":"#0"},"down":{"uv":[14.0,10.0,11.5,11.0],"tintindex":0,"rotation":0,"texture":"#0"}},"rotation":{"origin":[27.0,8.0,5.0],"angle":-22.5,"axis":"z"}}],"display":{"gui":{"rotation":[30,225,0]}}}