{"textures":{"0":"modelengine:entity/texture"},"elements":[{"from":[9.5,11.0,-8.0],"to":[11.5,14.0,3.0],"faces":{"east":{"uv":[3.0,3.0,8.5,4.5],"tintindex":0,"rotation":0,"texture":"#0"},"south":{"uv":[1.5,12.5,2.5,14.0],"tintindex":0,"rotation":0,"texture":"#0"},"north":{"uv":[10.5,12.0,11.5,13.5],"tintindex":0,"rotation":0,"texture":"#0"},"west":{"uv":[3.0,4.5,8.5,6.0],"tintindex":0,"rotation":0,"texture":"#0"},"up":{"uv":[9.5,15.5,8.5,10.0],"tintindex":0,"rotation":0,"texture":"#0"},"down":{"uv":[10.5,10.0,9.5,15.5],"tintindex":0,"rotation":0,"texture":"#0"}},"rotation":{"origin":[8.5,8.0,8.0],"angle":-45.0,"axis":"x"}},{"from":[9.5,-1.0,5.0],"to":[11.5,2.0,7.0],"faces":{"east":{"uv":[12.5,3.0,13.5,4.5],"tintindex":0,"rotation":0,"texture":"#0"},"south":{"uv":[12.5,4.5,13.5,6.0],"tintindex":0,"rotation":0,"texture":"#0"},"north":{"uv":[12.5,1.5,13.5,3.0],"tintindex":0,"rotation":0,"texture":"#0"},"west":{"uv":[11.5,12.5,12.5,14.0],"tintindex":0,"rotation":0,"texture":"#0"},"up":{"uv":[14.5,5.5,13.5,4.5],"tintindex":0,"rotation":0,"texture":"#0"},"down":{"uv":[11.5,13.5,10.5,14.5],"tintindex":0,"rotation":0,"texture":"#0"}},"rotation":{"origin":[8.5,8.0,8.0],"angle":45.0,"axis":"x"}},{"from":[9.5,6.0,-1.0],"to":[11.5,9.0,10.0],"faces":{"east":{"uv":[3.0,6.0,8.5,7.5],"tintindex":0,"rotation":0,"texture":"#0"},"south":{"uv":[13.5,3.0,14.5,4.5],"tintindex":0,"rotation":0,"texture":"#0"},"north":{"uv":[13.5,1.5,14.5,3.0],"tintindex":0,"rotation":0,"texture":"#0"},"west":{"uv":[7.0,0.0,12.5,1.5],"tintindex":0,"rotation":0,"texture":"#0"},"up":{"uv":[11.5,12.0,10.5,6.5],"tintindex":0,"rotation":0,"texture":"#0"},"down":{"uv":[12.5,1.5,11.5,7.0],"tintindex":0,"rotation":0,"texture":"#0"}},"rotation":{"origin":[8.5,8.0,8.0],"angle":-45.0,"axis":"x"}}],"display":{"gui":{"rotation":[30,225,0]}}}