{"textures":{"0":"modelengine:entity/texture"},"elements":[{"from":[6.5,10.0,7.0],"to":[9.5,13.0,21.0],"faces":{"east":{"uv":[0.0,0.0,7.0,1.5],"tintindex":0,"rotation":0,"texture":"#0"},"south":{"uv":[12.5,0.0,14.0,1.5],"tintindex":0,"rotation":0,"texture":"#0"},"north":{"uv":[0.0,12.5,1.5,14.0],"tintindex":0,"rotation":0,"texture":"#0"},"west":{"uv":[0.0,1.5,7.0,3.0],"tintindex":0,"rotation":0,"texture":"#0"},"up":{"uv":[1.5,10.0,0.0,3.0],"tintindex":0,"rotation":0,"texture":"#0"},"down":{"uv":[3.0,3.0,1.5,10.0],"tintindex":0,"rotation":0,"texture":"#0"}}},{"from":[6.5,13.0,7.0],"to":[9.5,21.0,10.0],"faces":{"east":{"uv":[4.0,10.0,5.5,14.0],"tintindex":0,"rotation":0,"texture":"#0"},"south":{"uv":[5.5,10.0,7.0,14.0],"tintindex":0,"rotation":0,"texture":"#0"},"north":{"uv":[2.5,10.0,4.0,14.0],"tintindex":0,"rotation":0,"texture":"#0"},"west":{"uv":[7.0,10.0,8.5,14.0],"tintindex":0,"rotation":0,"texture":"#0"},"up":{"uv":[8.5,3.0,7.0,1.5],"tintindex":0,"rotation":0,"texture":"#0"},"down":{"uv":[13.0,11.0,11.5,12.5],"tintindex":0,"rotation":0,"texture":"#0"}}}],"display":{"gui":{"rotation":[30,225,0]}}}