{"textures":{"0":"modelengine:entity/texture"},"elements":[{"from":[6.5,22.0,5.5],"to":[7.5,23.0,7.0],"faces":{"east":{"uv":[5.5,7.5,8.0,10.0],"tintindex":0,"rotation":0,"texture":"#0"},"south":{"uv":[8.0,7.5,10.5,10.0],"tintindex":0,"rotation":0,"texture":"#0"},"north":{"uv":[3.0,7.5,5.5,10.0],"tintindex":0,"rotation":0,"texture":"#0"},"west":{"uv":[8.5,1.5,11.0,4.0],"tintindex":0,"rotation":0,"texture":"#0"},"up":{"uv":[11.0,6.5,8.5,4.0],"tintindex":0,"rotation":0,"texture":"#0"},"down":{"uv":[2.5,10.0,0.0,12.5],"tintindex":0,"rotation":0,"texture":"#0"}}},{"from":[10.5,23.0,7.0],"to":[10.7,25.0,9.0],"faces":{"east":{"uv":[1.0,14.0,2.0,15.0],"tintindex":0,"rotation":0,"texture":"#0"},"south":{"uv":[11.0,5.5,11.5,6.5],"tintindex":0,"rotation":0,"texture":"#0"},"north":{"uv":[10.0,6.5,10.5,7.5],"tintindex":0,"rotation":0,"texture":"#0"},"west":{"uv":[2.0,14.0,3.0,15.0],"tintindex":0,"rotation":0,"texture":"#0"},"up":{"uv":[4.5,15.0,4.0,14.0],"tintindex":0,"rotation":0,"texture":"#0"},"down":{"uv":[5.0,14.0,4.5,15.0],"tintindex":0,"rotation":0,"texture":"#0"}}},{"from":[8.5,22.0,5.5],"to":[9.5,23.0,7.0],"faces":{"east":{"uv":[5.5,7.5,8.0,10.0],"tintindex":0,"rotation":0,"texture":"#0"},"south":{"uv":[8.0,7.5,10.5,10.0],"tintindex":0,"rotation":0,"texture":"#0"},"north":{"uv":[3.0,7.5,5.5,10.0],"tintindex":0,"rotation":0,"texture":"#0"},"west":{"uv":[8.5,1.5,11.0,4.0],"tintindex":0,"rotation":0,"texture":"#0"},"up":{"uv":[11.0,6.5,8.5,4.0],"tintindex":0,"rotation":0,"texture":"#0"},"down":{"uv":[2.5,10.0,0.0,12.5],"tintindex":0,"rotation":0,"texture":"#0"}}},{"from":[5.3,23.0,7.0],"to":[5.5,25.0,9.0],"faces":{"east":{"uv":[1.0,14.0,2.0,15.0],"tintindex":0,"rotation":0,"texture":"#0"},"south":{"uv":[11.0,5.5,11.5,6.5],"tintindex":0,"rotation":0,"texture":"#0"},"north":{"uv":[10.0,6.5,10.5,7.5],"tintindex":0,"rotation":0,"texture":"#0"},"west":{"uv":[2.0,14.0,3.0,15.0],"tintindex":0,"rotation":0,"texture":"#0"},"up":{"uv":[4.5,15.0,4.0,14.0],"tintindex":0,"rotation":0,"texture":"#0"},"down":{"uv":[5.0,14.0,4.5,15.0],"tintindex":0,"rotation":0,"texture":"#0"}}}],"display":{"gui":{"rotation":[30,225,0]}}}