{"textures":{"0":"modelengine:entity/texture"},"elements":[{"from":[6.6,24.0,7.6],"to":[7.4,27.5,8.4],"faces":{"east":{"uv":[11.0,3.5,11.5,5.5],"tintindex":0,"rotation":0,"texture":"#0"},"south":{"uv":[3.0,14.0,3.5,16.0],"tintindex":0,"rotation":0,"texture":"#0"},"north":{"uv":[11.0,1.5,11.5,3.5],"tintindex":0,"rotation":0,"texture":"#0"},"west":{"uv":[3.5,14.0,4.0,16.0],"tintindex":0,"rotation":0,"texture":"#0"},"up":{"uv":[13.5,12.5,13.0,12.0],"tintindex":0,"rotation":0,"texture":"#0"},"down":{"uv":[14.0,5.5,13.5,6.0],"tintindex":0,"rotation":0,"texture":"#0"}}},{"from":[8.4,27.0,7.4],"to":[9.6,28.2,8.6],"faces":{"east":{"uv":[14.0,1.0,14.5,1.5],"tintindex":0,"rotation":0,"texture":"#0"},"south":{"uv":[5.0,14.0,5.5,14.5],"tintindex":0,"rotation":0,"texture":"#0"},"north":{"uv":[13.5,12.0,14.0,12.5],"tintindex":0,"rotation":0,"texture":"#0"},"west":{"uv":[5.5,14.0,6.0,14.5],"tintindex":0,"rotation":0,"texture":"#0"},"up":{"uv":[14.5,6.0,14.0,5.5],"tintindex":0,"rotation":0,"texture":"#0"},"down":{"uv":[6.5,14.0,6.0,14.5],"tintindex":0,"rotation":0,"texture":"#0"}}},{"from":[8.6,24.0,7.6],"to":[9.4,27.5,8.4],"faces":{"east":{"uv":[11.0,3.5,11.5,5.5],"tintindex":0,"rotation":0,"texture":"#0"},"south":{"uv":[3.0,14.0,3.5,16.0],"tintindex":0,"rotation":0,"texture":"#0"},"north":{"uv":[11.0,1.5,11.5,3.5],"tintindex":0,"rotation":0,"texture":"#0"},"west":{"uv":[3.5,14.0,4.0,16.0],"tintindex":0,"rotation":0,"texture":"#0"},"up":{"uv":[13.5,12.5,13.0,12.0],"tintindex":0,"rotation":0,"texture":"#0"},"down":{"uv":[14.0,5.5,13.5,6.0],"tintindex":0,"rotation":0,"texture":"#0"}}},{"from":[6.4,27.0,7.4],"to":[7.6,28.2,8.6],"faces":{"east":{"uv":[14.0,1.0,14.5,1.5],"tintindex":0,"rotation":0,"texture":"#0"},"south":{"uv":[5.0,14.0,5.5,14.5],"tintindex":0,"rotation":0,"texture":"#0"},"north":{"uv":[13.5,12.0,14.0,12.5],"tintindex":0,"rotation":0,"texture":"#0"},"west":{"uv":[5.5,14.0,6.0,14.5],"tintindex":0,"rotation":0,"texture":"#0"},"up":{"uv":[14.5,6.0,14.0,5.5],"tintindex":0,"rotation":0,"texture":"#0"},"down":{"uv":[6.5,14.0,6.0,14.5],"tintindex":0,"rotation":0,"texture":"#0"}}}],"display":{"gui":{"rotation":[30,225,0]}}}