{"textures":{"0":"modelengine:entity/texture"},"elements":[{"from":[5.5,21.0,6.5],"to":[10.5,25.5,11.0],"faces":{"east":{"uv":[5.5,7.5,8.0,10.0],"tintindex":0,"rotation":0,"texture":"#0"},"south":{"uv":[8.0,7.5,10.5,10.0],"tintindex":0,"rotation":0,"texture":"#0"},"north":{"uv":[3.0,7.5,5.5,10.0],"tintindex":0,"rotation":0,"texture":"#0"},"west":{"uv":[8.5,1.5,11.0,4.0],"tintindex":0,"rotation":0,"texture":"#0"},"up":{"uv":[11.0,6.5,8.5,4.0],"tintindex":0,"rotation":0,"texture":"#0"},"down":{"uv":[2.5,10.0,0.0,12.5],"tintindex":0,"rotation":0,"texture":"#0"}}}],"display":{"gui":{"rotation":[30,225,0]}}}