{"textures":{"0":"modelengine:entity/beesim_ladybug"},"elements":[{"from":[9.0,7.98694,7.55866],"to":[9.75,9.73694,7.55866],"faces":{"south":{"uv":[10.5,10.5,11.0,11.5],"tintindex":0,"rotation":0,"texture":"#0"},"north":{"uv":[10.5,9.5,11.0,10.5],"tintindex":0,"rotation":0,"texture":"#0"}},"rotation":{"origin":[9.5,9.36194,7.55866],"angle":-22.5,"axis":"x"}},{"from":[6.25,7.98694,7.55866],"to":[7.0,9.73694,7.55866],"faces":{"south":{"uv":[3.0,10.0,3.5,11.0],"tintindex":0,"rotation":0,"texture":"#0"},"north":{"uv":[7.0,5.5,7.5,6.5],"tintindex":0,"rotation":0,"texture":"#0"}},"rotation":{"origin":[6.5,9.36194,7.55866],"angle":-22.5,"axis":"x"}}],"display":{"gui":{"rotation":[30,225,0]}}}