{"textures":{"0":"modelengine:entity/pudgelin"},"elements":[{"from":[4.714286,1.3142858,6.285714],"to":[8.142858,9.314285,9.714286],"rotation":{"angle":0.0,"axis":"y","origin":[7.5714283,-4.97143,2.2857141]},"faces":{"east":{"uv":[3.0,5.0,4.0,8.0],"rotation":0,"texture":"#0","tintindex":0},"south":{"uv":[1.0,5.0,2.0,8.0],"rotation":0,"texture":"#0","tintindex":0},"north":{"uv":[0.0,5.0,1.0,8.0],"rotation":0,"texture":"#0","tintindex":0},"west":{"uv":[2.0,5.0,3.0,8.0],"rotation":0,"texture":"#0","tintindex":0},"up":{"uv":[12.5,4.0,13.5,5.0],"rotation":0,"texture":"#0","tintindex":0},"down":{"uv":[13.5,4.0,14.5,5.0],"rotation":0,"texture":"#0","tintindex":0}}},{"from":[4.142857,1.885714,5.714286],"to":[5.8571424,7.6,10.285714],"rotation":{"angle":0.0,"axis":"y","origin":[4.428571,3.3142858,8.0]},"faces":{"east":{"uv":[4.25,6.0,5.75,8.0],"rotation":0,"texture":"#0","tintindex":0},"south":{"uv":[5.5,6.0,5.75,8.0],"rotation":0,"texture":"#0","tintindex":0},"north":{"uv":[4.25,6.0,4.5,8.0],"rotation":0,"texture":"#0","tintindex":0},"west":{"uv":[4.25,6.0,5.75,8.0],"rotation":0,"texture":"#0","tintindex":0},"up":{"uv":[4.25,6.0,4.5,7.5],"rotation":0,"texture":"#0","tintindex":0},"down":{"uv":[4.25,6.0,4.5,7.5],"rotation":0,"texture":"#0","tintindex":0}}}],"display":{"head":{"translation":[0.0,-6.4,0.0],"scale":[4.0,4.0,4.0]}}}