{
    "model": {
        "type": "range_dispatch",
        "property": "custom_model_data",
        "fallback": {
            "type": "model",
            "model": "minecraft:item/copper_ingot"
        },
        "entries": [
            {
                "threshold": 1,
                "model": {
                    "type": "model",
                    "model": "item/copper_ingot/1"
                }
            },
            {
                "threshold": 2,
                "model": {
                    "type": "model",
                    "model": "item/copper_ingot/2"
                }
            },
            {
                "threshold": 3,
                "model": {
                    "type": "model",
                    "model": "item/copper_ingot/3"
                }
            },
            {
                "threshold": 4,
                "model": {
                    "type": "model",
                    "model": "item/copper_ingot/4"
                }
            },
            {
                "threshold": 5,
                "model": {
                    "type": "model",
                    "model": "item/copper_ingot/5"
                }
            },
            {
                "threshold": 6,
                "model": {
                    "type": "model",
                    "model": "item/copper_ingot/6"
                }
            },
            {
                "threshold": 7,
                "model": {
                    "type": "model",
                    "model": "item/copper_ingot/7"
                }
            },
            {
                "threshold": 8,
                "model": {
                    "type": "model",
                    "model": "item/copper_ingot/8"
                }
            },
            {
                "threshold": 9,
                "model": {
                    "type": "model",
                    "model": "item/copper_ingot/9"
                }
            },
            {
                "threshold": 10,
                "model": {
                    "type": "model",
                    "model": "item/copper_ingot/10"
                }
            },
            {
                "threshold": 11,
                "model": {
                    "type": "model",
                    "model": "item/copper_ingot/11"
                }
            },
            {
                "threshold": 12,
                "model": {
                    "type": "model",
                    "model": "item/copper_ingot/12"
                }
            },
            {
                "threshold": 13,
                "model": {
                    "type": "model",
                    "model": "item/copper_ingot/13"
                }
            },
            {
                "threshold": 14,
                "model": {
                    "type": "model",
                    "model": "item/copper_ingot/14"
                }
            },
            {
                "threshold": 15,
                "model": {
                    "type": "model",
                    "model": "item/copper_ingot/15"
                }
            },
            {
                "threshold": 16,
                "model": {
                    "type": "model",
                    "model": "item/copper_ingot/16"
                }
            },
            {
                "threshold": 17,
                "model": {
                    "type": "model",
                    "model": "item/copper_ingot/17"
                }
            },
            {
                "threshold": 18,
                "model": {
                    "type": "model",
                    "model": "item/copper_ingot/18"
                }
            },
            {
                "threshold": 19,
                "model": {
                    "type": "model",
                    "model": "item/copper_ingot/19"
                }
            },
            {
                "threshold": 20,
                "model": {
                    "type": "model",
                    "model": "item/copper_ingot/20"
                }
            },
            {
                "threshold": 21,
                "model": {
                    "type": "model",
                    "model": "item/copper_ingot/21"
                }
            },
            {
                "threshold": 22,
                "model": {
                    "type": "model",
                    "model": "item/copper_ingot/22"
                }
            },
            {
                "threshold": 23,
                "model": {
                    "type": "model",
                    "model": "item/copper_ingot/23"
                }
            },
            {
                "threshold": 24,
                "model": {
                    "type": "model",
                    "model": "item/copper_ingot/24"
                }
            },
            {
                "threshold": 25,
                "model": {
                    "type": "model",
                    "model": "item/copper_ingot/25"
                }
            },
            {
                "threshold": 26,
                "model": {
                    "type": "model",
                    "model": "item/copper_ingot/26"
                }
            },
            {
                "threshold": 27,
                "model": {
                    "type": "model",
                    "model": "item/copper_ingot/27"
                }
            },
            {
                "threshold": 28,
                "model": {
                    "type": "model",
                    "model": "item/copper_ingot/28"
                }
            },
            {
                "threshold": 29,
                "model": {
                    "type": "model",
                    "model": "item/copper_ingot/29"
                }
            },
            {
                "threshold": 30,
                "model": {
                    "type": "model",
                    "model": "item/copper_ingot/30"
                }
            },
            {
                "threshold": 31,
                "model": {
                    "type": "model",
                    "model": "item/copper_ingot/31"
                }
            },
            {
                "threshold": 32,
                "model": {
                    "type": "model",
                    "model": "item/copper_ingot/32"
                }
            },
            {
                "threshold": 33,
                "model": {
                    "type": "model",
                    "model": "item/copper_ingot/33"
                }
            },
            {
                "threshold": 34,
                "model": {
                    "type": "model",
                    "model": "item/copper_ingot/34"
                }
            },
            {
                "threshold": 35,
                "model": {
                    "type": "model",
                    "model": "item/copper_ingot/35"
                }
            },
            {
                "threshold": 36,
                "model": {
                    "type": "model",
                    "model": "item/copper_ingot/36"
                }
            },
            {
                "threshold": 37,
                "model": {
                    "type": "model",
                    "model": "item/copper_ingot/37"
                }
            },
            {
                "threshold": 38,
                "model": {
                    "type": "model",
                    "model": "item/copper_ingot/38"
                }
            },
            {
                "threshold": 39,
                "model": {
                    "type": "model",
                    "model": "item/copper_ingot/39"
                }
            },
            {
                "threshold": 40,
                "model": {
                    "type": "model",
                    "model": "item/copper_ingot/40"
                }
            },
            {
                "threshold": 41,
                "model": {
                    "type": "model",
                    "model": "item/copper_ingot/41"
                }
            },
            {
                "threshold": 42,
                "model": {
                    "type": "model",
                    "model": "item/copper_ingot/42"
                }
            },
            {
                "threshold": 43,
                "model": {
                    "type": "model",
                    "model": "item/copper_ingot/43"
                }
            },
            {
                "threshold": 44,
                "model": {
                    "type": "model",
                    "model": "item/copper_ingot/44"
                }
            },
            {
                "threshold": 45,
                "model": {
                    "type": "model",
                    "model": "item/copper_ingot/45"
                }
            },
            {
                "threshold": 46,
                "model": {
                    "type": "model",
                    "model": "item/copper_ingot/46"
                }
            },
            {
                "threshold": 47,
                "model": {
                    "type": "model",
                    "model": "item/copper_ingot/47"
                }
            },
            {
                "threshold": 48,
                "model": {
                    "type": "model",
                    "model": "item/copper_ingot/48"
                }
            },
            {
                "threshold": 49,
                "model": {
                    "type": "model",
                    "model": "item/copper_ingot/49"
                }
            },
            {
                "threshold": 50,
                "model": {
                    "type": "model",
                    "model": "item/copper_ingot/50"
                }
            }
        ]
    }
}