{
    "model": {
        "type": "range_dispatch",
        "property": "custom_model_data",
        "fallback": {
            "type": "model",
            "model": "minecraft:item/golden_axe"
        },
        "entries": [
            {
                "threshold": 1,
                "model": {
                    "type": "model",
                    "model": "item/golden_axe/1"
                }
            },
            {
                "threshold": 2,
                "model": {
                    "type": "model",
                    "model": "item/golden_axe/2"
                }
            },
            {
                "threshold": 3,
                "model": {
                    "type": "model",
                    "model": "item/golden_axe/3"
                }
            },
            {
                "threshold": 4,
                "model": {
                    "type": "model",
                    "model": "item/golden_axe/4"
                }
            },
            {
                "threshold": 5,
                "model": {
                    "type": "model",
                    "model": "item/golden_axe/5"
                }
            },
            {
                "threshold": 6,
                "model": {
                    "type": "model",
                    "model": "item/golden_axe/6"
                }
            },
            {
                "threshold": 7,
                "model": {
                    "type": "model",
                    "model": "item/golden_axe/7"
                }
            },
            {
                "threshold": 8,
                "model": {
                    "type": "model",
                    "model": "item/golden_axe/8"
                }
            },
            {
                "threshold": 9,
                "model": {
                    "type": "model",
                    "model": "item/golden_axe/9"
                }
            },
            {
                "threshold": 10,
                "model": {
                    "type": "model",
                    "model": "item/golden_axe/10"
                }
            },
            {
                "threshold": 11,
                "model": {
                    "type": "model",
                    "model": "item/golden_axe/11"
                }
            },
            {
                "threshold": 12,
                "model": {
                    "type": "model",
                    "model": "item/golden_axe/12"
                }
            },
            {
                "threshold": 13,
                "model": {
                    "type": "model",
                    "model": "item/golden_axe/13"
                }
            },
            {
                "threshold": 14,
                "model": {
                    "type": "model",
                    "model": "item/golden_axe/14"
                }
            },
            {
                "threshold": 15,
                "model": {
                    "type": "model",
                    "model": "item/golden_axe/15"
                }
            },
            {
                "threshold": 16,
                "model": {
                    "type": "model",
                    "model": "item/golden_axe/16"
                }
            },
            {
                "threshold": 17,
                "model": {
                    "type": "model",
                    "model": "item/golden_axe/17"
                }
            },
            {
                "threshold": 18,
                "model": {
                    "type": "model",
                    "model": "item/golden_axe/18"
                }
            },
            {
                "threshold": 19,
                "model": {
                    "type": "model",
                    "model": "item/golden_axe/19"
                }
            },
            {
                "threshold": 20,
                "model": {
                    "type": "model",
                    "model": "item/golden_axe/20"
                }
            },
            {
                "threshold": 21,
                "model": {
                    "type": "model",
                    "model": "item/golden_axe/21"
                }
            },
            {
                "threshold": 22,
                "model": {
                    "type": "model",
                    "model": "item/golden_axe/22"
                }
            },
            {
                "threshold": 23,
                "model": {
                    "type": "model",
                    "model": "item/golden_axe/23"
                }
            },
            {
                "threshold": 24,
                "model": {
                    "type": "model",
                    "model": "item/golden_axe/24"
                }
            },
            {
                "threshold": 25,
                "model": {
                    "type": "model",
                    "model": "item/golden_axe/25"
                }
            },
            {
                "threshold": 26,
                "model": {
                    "type": "model",
                    "model": "item/golden_axe/26"
                }
            },
            {
                "threshold": 27,
                "model": {
                    "type": "model",
                    "model": "item/golden_axe/27"
                }
            },
            {
                "threshold": 28,
                "model": {
                    "type": "model",
                    "model": "item/golden_axe/28"
                }
            },
            {
                "threshold": 29,
                "model": {
                    "type": "model",
                    "model": "item/golden_axe/29"
                }
            },
            {
                "threshold": 30,
                "model": {
                    "type": "model",
                    "model": "item/golden_axe/30"
                }
            },
            {
                "threshold": 31,
                "model": {
                    "type": "model",
                    "model": "item/golden_axe/31"
                }
            },
            {
                "threshold": 32,
                "model": {
                    "type": "model",
                    "model": "item/golden_axe/32"
                }
            },
            {
                "threshold": 33,
                "model": {
                    "type": "model",
                    "model": "item/golden_axe/33"
                }
            },
            {
                "threshold": 34,
                "model": {
                    "type": "model",
                    "model": "item/golden_axe/34"
                }
            },
            {
                "threshold": 35,
                "model": {
                    "type": "model",
                    "model": "item/golden_axe/35"
                }
            },
            {
                "threshold": 36,
                "model": {
                    "type": "model",
                    "model": "item/golden_axe/36"
                }
            },
            {
                "threshold": 37,
                "model": {
                    "type": "model",
                    "model": "item/golden_axe/37"
                }
            },
            {
                "threshold": 38,
                "model": {
                    "type": "model",
                    "model": "item/golden_axe/38"
                }
            },
            {
                "threshold": 39,
                "model": {
                    "type": "model",
                    "model": "item/golden_axe/39"
                }
            },
            {
                "threshold": 40,
                "model": {
                    "type": "model",
                    "model": "item/golden_axe/40"
                }
            },
            {
                "threshold": 41,
                "model": {
                    "type": "model",
                    "model": "item/golden_axe/41"
                }
            },
            {
                "threshold": 42,
                "model": {
                    "type": "model",
                    "model": "item/golden_axe/42"
                }
            },
            {
                "threshold": 43,
                "model": {
                    "type": "model",
                    "model": "item/golden_axe/43"
                }
            },
            {
                "threshold": 44,
                "model": {
                    "type": "model",
                    "model": "item/golden_axe/44"
                }
            },
            {
                "threshold": 45,
                "model": {
                    "type": "model",
                    "model": "item/golden_axe/45"
                }
            },
            {
                "threshold": 46,
                "model": {
                    "type": "model",
                    "model": "item/golden_axe/46"
                }
            },
            {
                "threshold": 47,
                "model": {
                    "type": "model",
                    "model": "item/golden_axe/47"
                }
            },
            {
                "threshold": 48,
                "model": {
                    "type": "model",
                    "model": "item/golden_axe/48"
                }
            },
            {
                "threshold": 49,
                "model": {
                    "type": "model",
                    "model": "item/golden_axe/49"
                }
            },
            {
                "threshold": 50,
                "model": {
                    "type": "model",
                    "model": "item/golden_axe/50"
                }
            },
            {
                "threshold": 51,
                "model": {
                    "type": "model",
                    "model": "item/golden_axe/51"
                }
            },
            {
                "threshold": 52,
                "model": {
                    "type": "model",
                    "model": "item/golden_axe/52"
                }
            },
            {
                "threshold": 53,
                "model": {
                    "type": "model",
                    "model": "item/golden_axe/53"
                }
            },
            {
                "threshold": 54,
                "model": {
                    "type": "model",
                    "model": "item/golden_axe/54"
                }
            },
            {
                "threshold": 55,
                "model": {
                    "type": "model",
                    "model": "item/golden_axe/55"
                }
            },
            {
                "threshold": 56,
                "model": {
                    "type": "model",
                    "model": "item/golden_axe/56"
                }
            },
            {
                "threshold": 57,
                "model": {
                    "type": "model",
                    "model": "item/golden_axe/57"
                }
            },
            {
                "threshold": 58,
                "model": {
                    "type": "model",
                    "model": "item/golden_axe/58"
                }
            },
            {
                "threshold": 59,
                "model": {
                    "type": "model",
                    "model": "item/golden_axe/59"
                }
            },
            {
                "threshold": 60,
                "model": {
                    "type": "model",
                    "model": "item/golden_axe/60"
                }
            },
            {
                "threshold": 100,
                "model": {
                    "type": "model",
                    "model": "item/golden_axe/100"
                }
            },
            {
                "threshold": 101,
                "model": {
                    "type": "model",
                    "model": "item/golden_axe/101"
                }
            },
            {
                "threshold": 102,
                "model": {
                    "type": "model",
                    "model": "item/golden_axe/102"
                }
            },
            {
                "threshold": 103,
                "model": {
                    "type": "model",
                    "model": "item/golden_axe/103"
                }
            },
            {
                "threshold": 104,
                "model": {
                    "type": "model",
                    "model": "item/golden_axe/104"
                }
            },
            {
                "threshold": 105,
                "model": {
                    "type": "model",
                    "model": "item/golden_axe/105"
                }
            },
            {
                "threshold": 106,
                "model": {
                    "type": "model",
                    "model": "item/golden_axe/106"
                }
            },
            {
                "threshold": 107,
                "model": {
                    "type": "model",
                    "model": "item/golden_axe/107"
                }
            },
            {
                "threshold": 108,
                "model": {
                    "type": "model",
                    "model": "item/golden_axe/108"
                }
            },
            {
                "threshold": 109,
                "model": {
                    "type": "model",
                    "model": "item/golden_axe/109"
                }
            },
            {
                "threshold": 110,
                "model": {
                    "type": "model",
                    "model": "item/golden_axe/110"
                }
            },
            {
                "threshold": 111,
                "model": {
                    "type": "model",
                    "model": "item/golden_axe/111"
                }
            },
            {
                "threshold": 112,
                "model": {
                    "type": "model",
                    "model": "item/golden_axe/112"
                }
            },
            {
                "threshold": 113,
                "model": {
                    "type": "model",
                    "model": "item/golden_axe/113"
                }
            },
            {
                "threshold": 114,
                "model": {
                    "type": "model",
                    "model": "item/golden_axe/114"
                }
            }
        ]
    }
}