{
    "model": {
        "type": "range_dispatch",
        "property": "custom_model_data",
        "fallback": {
            "type": "model",
            "model": "minecraft:item/leather"
        },
        "entries": [
            {
                "threshold": 1,
                "model": {
                    "type": "model",
                    "model": "item/leather/1"
                }
            },
            {
                "threshold": 2,
                "model": {
                    "type": "model",
                    "model": "item/leather/2"
                }
            },
            {
                "threshold": 3,
                "model": {
                    "type": "model",
                    "model": "item/leather/3"
                }
            },
            {
                "threshold": 4,
                "model": {
                    "type": "model",
                    "model": "item/leather/4"
                }
            },
            {
                "threshold": 5,
                "model": {
                    "type": "model",
                    "model": "item/leather/5"
                }
            },
            {
                "threshold": 6,
                "model": {
                    "type": "model",
                    "model": "item/leather/6"
                }
            },
            {
                "threshold": 7,
                "model": {
                    "type": "model",
                    "model": "item/leather/7"
                }
            },
            {
                "threshold": 8,
                "model": {
                    "type": "model",
                    "model": "item/leather/8"
                }
            },
            {
                "threshold": 9,
                "model": {
                    "type": "model",
                    "model": "item/leather/9"
                }
            },
            {
                "threshold": 10,
                "model": {
                    "type": "model",
                    "model": "item/leather/10"
                }
            },
            {
                "threshold": 11,
                "model": {
                    "type": "model",
                    "model": "item/leather/11"
                }
            },
            {
                "threshold": 12,
                "model": {
                    "type": "model",
                    "model": "item/leather/12"
                }
            },
            {
                "threshold": 13,
                "model": {
                    "type": "model",
                    "model": "item/leather/13"
                }
            },
            {
                "threshold": 14,
                "model": {
                    "type": "model",
                    "model": "item/leather/14"
                }
            },
            {
                "threshold": 15,
                "model": {
                    "type": "model",
                    "model": "item/leather/15"
                }
            },
            {
                "threshold": 16,
                "model": {
                    "type": "model",
                    "model": "item/leather/16"
                }
            },
            {
                "threshold": 17,
                "model": {
                    "type": "model",
                    "model": "item/leather/17"
                }
            },
            {
                "threshold": 18,
                "model": {
                    "type": "model",
                    "model": "item/leather/18"
                }
            },
            {
                "threshold": 19,
                "model": {
                    "type": "model",
                    "model": "item/leather/19"
                }
            },
            {
                "threshold": 20,
                "model": {
                    "type": "model",
                    "model": "item/leather/20"
                }
            },
            {
                "threshold": 21,
                "model": {
                    "type": "model",
                    "model": "item/leather/21"
                }
            },
            {
                "threshold": 22,
                "model": {
                    "type": "model",
                    "model": "item/leather/22"
                }
            },
            {
                "threshold": 23,
                "model": {
                    "type": "model",
                    "model": "item/leather/23"
                }
            },
            {
                "threshold": 24,
                "model": {
                    "type": "model",
                    "model": "item/leather/24"
                }
            },
            {
                "threshold": 25,
                "model": {
                    "type": "model",
                    "model": "item/leather/25"
                }
            },
            {
                "threshold": 26,
                "model": {
                    "type": "model",
                    "model": "item/leather/26"
                }
            },
            {
                "threshold": 27,
                "model": {
                    "type": "model",
                    "model": "item/leather/27"
                }
            },
            {
                "threshold": 28,
                "model": {
                    "type": "model",
                    "model": "item/leather/28"
                }
            },
            {
                "threshold": 29,
                "model": {
                    "type": "model",
                    "model": "item/leather/29"
                }
            },
            {
                "threshold": 30,
                "model": {
                    "type": "model",
                    "model": "item/leather/30"
                }
            },
            {
                "threshold": 31,
                "model": {
                    "type": "model",
                    "model": "item/leather/31"
                }
            },
            {
                "threshold": 32,
                "model": {
                    "type": "model",
                    "model": "item/leather/32"
                }
            },
            {
                "threshold": 33,
                "model": {
                    "type": "model",
                    "model": "item/leather/33"
                }
            },
            {
                "threshold": 34,
                "model": {
                    "type": "model",
                    "model": "item/leather/34"
                }
            },
            {
                "threshold": 35,
                "model": {
                    "type": "model",
                    "model": "item/leather/35"
                }
            },
            {
                "threshold": 36,
                "model": {
                    "type": "model",
                    "model": "item/leather/36"
                }
            },
            {
                "threshold": 37,
                "model": {
                    "type": "model",
                    "model": "item/leather/37"
                }
            },
            {
                "threshold": 38,
                "model": {
                    "type": "model",
                    "model": "item/leather/38"
                }
            },
            {
                "threshold": 39,
                "model": {
                    "type": "model",
                    "model": "item/leather/39"
                }
            },
            {
                "threshold": 40,
                "model": {
                    "type": "model",
                    "model": "item/leather/40"
                }
            },
            {
                "threshold": 41,
                "model": {
                    "type": "model",
                    "model": "item/leather/41"
                }
            },
            {
                "threshold": 42,
                "model": {
                    "type": "model",
                    "model": "item/leather/42"
                }
            },
            {
                "threshold": 43,
                "model": {
                    "type": "model",
                    "model": "item/leather/43"
                }
            },
            {
                "threshold": 44,
                "model": {
                    "type": "model",
                    "model": "item/leather/44"
                }
            },
            {
                "threshold": 45,
                "model": {
                    "type": "model",
                    "model": "item/leather/45"
                }
            },
            {
                "threshold": 46,
                "model": {
                    "type": "model",
                    "model": "item/leather/46"
                }
            },
            {
                "threshold": 47,
                "model": {
                    "type": "model",
                    "model": "item/leather/47"
                }
            },
            {
                "threshold": 48,
                "model": {
                    "type": "model",
                    "model": "item/leather/48"
                }
            },
            {
                "threshold": 49,
                "model": {
                    "type": "model",
                    "model": "item/leather/49"
                }
            },
            {
                "threshold": 50,
                "model": {
                    "type": "model",
                    "model": "item/leather/50"
                }
            }
        ]
    }
}