{
    "model": {
        "type": "range_dispatch",
        "property": "custom_model_data",
        "fallback": {
            "type": "model",
            "model": "minecraft:item/mangrove_propagule"
        },
        "entries": [
            {
                "threshold": 1,
                "model": {
                    "type": "model",
                    "model": "item/mangrove_propagule/1"
                }
            },
            {
                "threshold": 2,
                "model": {
                    "type": "model",
                    "model": "item/mangrove_propagule/2"
                }
            },
            {
                "threshold": 3,
                "model": {
                    "type": "model",
                    "model": "item/mangrove_propagule/3"
                }
            },
            {
                "threshold": 4,
                "model": {
                    "type": "model",
                    "model": "item/mangrove_propagule/4"
                }
            },
            {
                "threshold": 5,
                "model": {
                    "type": "model",
                    "model": "item/mangrove_propagule/5"
                }
            },
            {
                "threshold": 6,
                "model": {
                    "type": "model",
                    "model": "item/mangrove_propagule/6"
                }
            },
            {
                "threshold": 7,
                "model": {
                    "type": "model",
                    "model": "item/mangrove_propagule/7"
                }
            },
            {
                "threshold": 8,
                "model": {
                    "type": "model",
                    "model": "item/mangrove_propagule/8"
                }
            },
            {
                "threshold": 9,
                "model": {
                    "type": "model",
                    "model": "item/mangrove_propagule/9"
                }
            },
            {
                "threshold": 10,
                "model": {
                    "type": "model",
                    "model": "item/mangrove_propagule/10"
                }
            },
            {
                "threshold": 11,
                "model": {
                    "type": "model",
                    "model": "item/mangrove_propagule/11"
                }
            },
            {
                "threshold": 12,
                "model": {
                    "type": "model",
                    "model": "item/mangrove_propagule/12"
                }
            },
            {
                "threshold": 13,
                "model": {
                    "type": "model",
                    "model": "item/mangrove_propagule/13"
                }
            },
            {
                "threshold": 14,
                "model": {
                    "type": "model",
                    "model": "item/mangrove_propagule/14"
                }
            },
            {
                "threshold": 15,
                "model": {
                    "type": "model",
                    "model": "item/mangrove_propagule/15"
                }
            },
            {
                "threshold": 16,
                "model": {
                    "type": "model",
                    "model": "item/mangrove_propagule/16"
                }
            },
            {
                "threshold": 17,
                "model": {
                    "type": "model",
                    "model": "item/mangrove_propagule/17"
                }
            },
            {
                "threshold": 18,
                "model": {
                    "type": "model",
                    "model": "item/mangrove_propagule/18"
                }
            },
            {
                "threshold": 19,
                "model": {
                    "type": "model",
                    "model": "item/mangrove_propagule/19"
                }
            },
            {
                "threshold": 20,
                "model": {
                    "type": "model",
                    "model": "item/mangrove_propagule/20"
                }
            },
            {
                "threshold": 21,
                "model": {
                    "type": "model",
                    "model": "item/mangrove_propagule/21"
                }
            },
            {
                "threshold": 22,
                "model": {
                    "type": "model",
                    "model": "item/mangrove_propagule/22"
                }
            },
            {
                "threshold": 23,
                "model": {
                    "type": "model",
                    "model": "item/mangrove_propagule/23"
                }
            },
            {
                "threshold": 24,
                "model": {
                    "type": "model",
                    "model": "item/mangrove_propagule/24"
                }
            },
            {
                "threshold": 25,
                "model": {
                    "type": "model",
                    "model": "item/mangrove_propagule/25"
                }
            },
            {
                "threshold": 26,
                "model": {
                    "type": "model",
                    "model": "item/mangrove_propagule/26"
                }
            },
            {
                "threshold": 27,
                "model": {
                    "type": "model",
                    "model": "item/mangrove_propagule/27"
                }
            },
            {
                "threshold": 28,
                "model": {
                    "type": "model",
                    "model": "item/mangrove_propagule/28"
                }
            },
            {
                "threshold": 29,
                "model": {
                    "type": "model",
                    "model": "item/mangrove_propagule/29"
                }
            },
            {
                "threshold": 30,
                "model": {
                    "type": "model",
                    "model": "item/mangrove_propagule/30"
                }
            },
            {
                "threshold": 31,
                "model": {
                    "type": "model",
                    "model": "item/mangrove_propagule/31"
                }
            },
            {
                "threshold": 32,
                "model": {
                    "type": "model",
                    "model": "item/mangrove_propagule/32"
                }
            },
            {
                "threshold": 33,
                "model": {
                    "type": "model",
                    "model": "item/mangrove_propagule/33"
                }
            },
            {
                "threshold": 100,
                "model": {
                    "type": "model",
                    "model": "item/mangrove_propagule/100"
                }
            },
            {
                "threshold": 101,
                "model": {
                    "type": "model",
                    "model": "item/mangrove_propagule/101"
                }
            },
            {
                "threshold": 102,
                "model": {
                    "type": "model",
                    "model": "item/mangrove_propagule/102"
                }
            },
            {
                "threshold": 103,
                "model": {
                    "type": "model",
                    "model": "item/mangrove_propagule/103"
                }
            },
            {
                "threshold": 104,
                "model": {
                    "type": "model",
                    "model": "item/mangrove_propagule/104"
                }
            },
            {
                "threshold": 105,
                "model": {
                    "type": "model",
                    "model": "item/mangrove_propagule/105"
                }
            },
            {
                "threshold": 106,
                "model": {
                    "type": "model",
                    "model": "item/mangrove_propagule/106"
                }
            },
            {
                "threshold": 107,
                "model": {
                    "type": "model",
                    "model": "item/mangrove_propagule/107"
                }
            },
            {
                "threshold": 108,
                "model": {
                    "type": "model",
                    "model": "item/mangrove_propagule/108"
                }
            },
            {
                "threshold": 109,
                "model": {
                    "type": "model",
                    "model": "item/mangrove_propagule/109"
                }
            },
            {
                "threshold": 110,
                "model": {
                    "type": "model",
                    "model": "item/mangrove_propagule/110"
                }
            },
            {
                "threshold": 111,
                "model": {
                    "type": "model",
                    "model": "item/mangrove_propagule/111"
                }
            },
            {
                "threshold": 112,
                "model": {
                    "type": "model",
                    "model": "item/mangrove_propagule/112"
                }
            },
            {
                "threshold": 113,
                "model": {
                    "type": "model",
                    "model": "item/mangrove_propagule/113"
                }
            },
            {
                "threshold": 114,
                "model": {
                    "type": "model",
                    "model": "item/mangrove_propagule/114"
                }
            }
        ]
    }
}