{
    "model": {
        "type": "range_dispatch",
        "property": "custom_model_data",
        "fallback": {
            "type": "model",
            "model": "minecraft:item/scute"
        },
        "entries": [
            {
                "threshold": 1,
                "model": {
                    "type": "model",
                    "model": "item/scute/1"
                }
            },
            {
                "threshold": 2,
                "model": {
                    "type": "model",
                    "model": "item/scute/2"
                }
            },
            {
                "threshold": 3,
                "model": {
                    "type": "model",
                    "model": "item/scute/3"
                }
            },
            {
                "threshold": 4,
                "model": {
                    "type": "model",
                    "model": "item/scute/4"
                }
            },
            {
                "threshold": 5,
                "model": {
                    "type": "model",
                    "model": "item/scute/5"
                }
            },
            {
                "threshold": 6,
                "model": {
                    "type": "model",
                    "model": "item/scute/6"
                }
            },
            {
                "threshold": 7,
                "model": {
                    "type": "model",
                    "model": "item/scute/7"
                }
            },
            {
                "threshold": 8,
                "model": {
                    "type": "model",
                    "model": "item/scute/8"
                }
            },
            {
                "threshold": 9,
                "model": {
                    "type": "model",
                    "model": "item/scute/9"
                }
            },
            {
                "threshold": 10,
                "model": {
                    "type": "model",
                    "model": "item/scute/10"
                }
            },
            {
                "threshold": 11,
                "model": {
                    "type": "model",
                    "model": "item/scute/11"
                }
            },
            {
                "threshold": 12,
                "model": {
                    "type": "model",
                    "model": "item/scute/12"
                }
            },
            {
                "threshold": 13,
                "model": {
                    "type": "model",
                    "model": "item/scute/13"
                }
            },
            {
                "threshold": 14,
                "model": {
                    "type": "model",
                    "model": "item/scute/14"
                }
            },
            {
                "threshold": 15,
                "model": {
                    "type": "model",
                    "model": "item/scute/15"
                }
            },
            {
                "threshold": 16,
                "model": {
                    "type": "model",
                    "model": "item/scute/16"
                }
            },
            {
                "threshold": 17,
                "model": {
                    "type": "model",
                    "model": "item/scute/17"
                }
            },
            {
                "threshold": 18,
                "model": {
                    "type": "model",
                    "model": "item/scute/18"
                }
            },
            {
                "threshold": 19,
                "model": {
                    "type": "model",
                    "model": "item/scute/19"
                }
            },
            {
                "threshold": 20,
                "model": {
                    "type": "model",
                    "model": "item/scute/20"
                }
            },
            {
                "threshold": 21,
                "model": {
                    "type": "model",
                    "model": "item/scute/21"
                }
            },
            {
                "threshold": 22,
                "model": {
                    "type": "model",
                    "model": "item/scute/22"
                }
            },
            {
                "threshold": 23,
                "model": {
                    "type": "model",
                    "model": "item/scute/23"
                }
            },
            {
                "threshold": 24,
                "model": {
                    "type": "model",
                    "model": "item/scute/24"
                }
            },
            {
                "threshold": 25,
                "model": {
                    "type": "model",
                    "model": "item/scute/25"
                }
            },
            {
                "threshold": 26,
                "model": {
                    "type": "model",
                    "model": "item/scute/26"
                }
            },
            {
                "threshold": 27,
                "model": {
                    "type": "model",
                    "model": "item/scute/27"
                }
            },
            {
                "threshold": 28,
                "model": {
                    "type": "model",
                    "model": "item/scute/28"
                }
            },
            {
                "threshold": 29,
                "model": {
                    "type": "model",
                    "model": "item/scute/29"
                }
            },
            {
                "threshold": 30,
                "model": {
                    "type": "model",
                    "model": "item/scute/30"
                }
            },
            {
                "threshold": 31,
                "model": {
                    "type": "model",
                    "model": "item/scute/31"
                }
            },
            {
                "threshold": 32,
                "model": {
                    "type": "model",
                    "model": "item/scute/32"
                }
            },
            {
                "threshold": 33,
                "model": {
                    "type": "model",
                    "model": "item/scute/33"
                }
            }
        ]
    }
}