{
    "model": {
        "type": "range_dispatch",
        "property": "custom_model_data",
        "fallback": {
            "type": "model",
            "model": "minecraft:item/stone_pickaxe"
        },
        "entries": [
            {
                "threshold": 1,
                "model": {
                    "type": "model",
                    "model": "item/stone_pickaxe/1"
                }
            },
            {
                "threshold": 2,
                "model": {
                    "type": "model",
                    "model": "item/stone_pickaxe/2"
                }
            },
            {
                "threshold": 3,
                "model": {
                    "type": "model",
                    "model": "item/stone_pickaxe/3"
                }
            },
            {
                "threshold": 4,
                "model": {
                    "type": "model",
                    "model": "item/stone_pickaxe/4"
                }
            },
            {
                "threshold": 5,
                "model": {
                    "type": "model",
                    "model": "item/stone_pickaxe/5"
                }
            },
            {
                "threshold": 6,
                "model": {
                    "type": "model",
                    "model": "item/stone_pickaxe/6"
                }
            },
            {
                "threshold": 7,
                "model": {
                    "type": "model",
                    "model": "item/stone_pickaxe/7"
                }
            },
            {
                "threshold": 8,
                "model": {
                    "type": "model",
                    "model": "item/stone_pickaxe/8"
                }
            },
            {
                "threshold": 9,
                "model": {
                    "type": "model",
                    "model": "item/stone_pickaxe/9"
                }
            },
            {
                "threshold": 10,
                "model": {
                    "type": "model",
                    "model": "item/stone_pickaxe/10"
                }
            },
            {
                "threshold": 11,
                "model": {
                    "type": "model",
                    "model": "item/stone_pickaxe/11"
                }
            },
            {
                "threshold": 12,
                "model": {
                    "type": "model",
                    "model": "item/stone_pickaxe/12"
                }
            },
            {
                "threshold": 13,
                "model": {
                    "type": "model",
                    "model": "item/stone_pickaxe/13"
                }
            },
            {
                "threshold": 14,
                "model": {
                    "type": "model",
                    "model": "item/stone_pickaxe/14"
                }
            },
            {
                "threshold": 15,
                "model": {
                    "type": "model",
                    "model": "item/stone_pickaxe/15"
                }
            },
            {
                "threshold": 16,
                "model": {
                    "type": "model",
                    "model": "item/stone_pickaxe/16"
                }
            },
            {
                "threshold": 17,
                "model": {
                    "type": "model",
                    "model": "item/stone_pickaxe/17"
                }
            },
            {
                "threshold": 18,
                "model": {
                    "type": "model",
                    "model": "item/stone_pickaxe/18"
                }
            },
            {
                "threshold": 19,
                "model": {
                    "type": "model",
                    "model": "item/stone_pickaxe/19"
                }
            },
            {
                "threshold": 20,
                "model": {
                    "type": "model",
                    "model": "item/stone_pickaxe/20"
                }
            },
            {
                "threshold": 21,
                "model": {
                    "type": "model",
                    "model": "item/stone_pickaxe/21"
                }
            },
            {
                "threshold": 22,
                "model": {
                    "type": "model",
                    "model": "item/stone_pickaxe/22"
                }
            },
            {
                "threshold": 23,
                "model": {
                    "type": "model",
                    "model": "item/stone_pickaxe/23"
                }
            },
            {
                "threshold": 24,
                "model": {
                    "type": "model",
                    "model": "item/stone_pickaxe/24"
                }
            },
            {
                "threshold": 25,
                "model": {
                    "type": "model",
                    "model": "item/stone_pickaxe/25"
                }
            },
            {
                "threshold": 26,
                "model": {
                    "type": "model",
                    "model": "item/stone_pickaxe/26"
                }
            },
            {
                "threshold": 27,
                "model": {
                    "type": "model",
                    "model": "item/stone_pickaxe/27"
                }
            },
            {
                "threshold": 28,
                "model": {
                    "type": "model",
                    "model": "item/stone_pickaxe/28"
                }
            },
            {
                "threshold": 29,
                "model": {
                    "type": "model",
                    "model": "item/stone_pickaxe/29"
                }
            },
            {
                "threshold": 30,
                "model": {
                    "type": "model",
                    "model": "item/stone_pickaxe/30"
                }
            },
            {
                "threshold": 31,
                "model": {
                    "type": "model",
                    "model": "item/stone_pickaxe/31"
                }
            },
            {
                "threshold": 32,
                "model": {
                    "type": "model",
                    "model": "item/stone_pickaxe/32"
                }
            },
            {
                "threshold": 33,
                "model": {
                    "type": "model",
                    "model": "item/stone_pickaxe/33"
                }
            },
            {
                "threshold": 100,
                "model": {
                    "type": "model",
                    "model": "item/stone_pickaxe/100"
                }
            },
            {
                "threshold": 101,
                "model": {
                    "type": "model",
                    "model": "item/stone_pickaxe/101"
                }
            },
            {
                "threshold": 102,
                "model": {
                    "type": "model",
                    "model": "item/stone_pickaxe/102"
                }
            },
            {
                "threshold": 103,
                "model": {
                    "type": "model",
                    "model": "item/stone_pickaxe/103"
                }
            },
            {
                "threshold": 104,
                "model": {
                    "type": "model",
                    "model": "item/stone_pickaxe/104"
                }
            },
            {
                "threshold": 105,
                "model": {
                    "type": "model",
                    "model": "item/stone_pickaxe/105"
                }
            },
            {
                "threshold": 106,
                "model": {
                    "type": "model",
                    "model": "item/stone_pickaxe/106"
                }
            },
            {
                "threshold": 107,
                "model": {
                    "type": "model",
                    "model": "item/stone_pickaxe/107"
                }
            },
            {
                "threshold": 108,
                "model": {
                    "type": "model",
                    "model": "item/stone_pickaxe/108"
                }
            },
            {
                "threshold": 109,
                "model": {
                    "type": "model",
                    "model": "item/stone_pickaxe/109"
                }
            },
            {
                "threshold": 110,
                "model": {
                    "type": "model",
                    "model": "item/stone_pickaxe/110"
                }
            },
            {
                "threshold": 111,
                "model": {
                    "type": "model",
                    "model": "item/stone_pickaxe/111"
                }
            },
            {
                "threshold": 112,
                "model": {
                    "type": "model",
                    "model": "item/stone_pickaxe/112"
                }
            },
            {
                "threshold": 113,
                "model": {
                    "type": "model",
                    "model": "item/stone_pickaxe/113"
                }
            },
            {
                "threshold": 114,
                "model": {
                    "type": "model",
                    "model": "item/stone_pickaxe/114"
                }
            }
        ]
    }
}