{
    "parent": "item/handheld",
    "textures": {
        "layer0": "minecraft:item/stone_axe"
    },
    "overrides": [
        {"predicate": {"custom_model_data":1}, "model": "item/stone_axe/1"},
        {"predicate": {"custom_model_data":2}, "model": "item/stone_axe/2"},
        {"predicate": {"custom_model_data":3}, "model": "item/stone_axe/3"},
        {"predicate": {"custom_model_data":4}, "model": "item/stone_axe/4"},
        {"predicate": {"custom_model_data":5}, "model": "item/stone_axe/5"},
        {"predicate": {"custom_model_data":6}, "model": "item/stone_axe/6"},
        {"predicate": {"custom_model_data":7}, "model": "item/stone_axe/7"},
        {"predicate": {"custom_model_data":8}, "model": "item/stone_axe/8"},
        {"predicate": {"custom_model_data":9}, "model": "item/stone_axe/9"},
        {"predicate": {"custom_model_data":10}, "model": "item/stone_axe/10"},
        {"predicate": {"custom_model_data":11}, "model": "item/stone_axe/11"},
        {"predicate": {"custom_model_data":12}, "model": "item/stone_axe/12"},
        {"predicate": {"custom_model_data":13}, "model": "item/stone_axe/13"},
        {"predicate": {"custom_model_data":14}, "model": "item/stone_axe/14"},
        {"predicate": {"custom_model_data":15}, "model": "item/stone_axe/15"},
        {"predicate": {"custom_model_data":16}, "model": "item/stone_axe/16"},
        {"predicate": {"custom_model_data":17}, "model": "item/stone_axe/17"},
        {"predicate": {"custom_model_data":18}, "model": "item/stone_axe/18"},
        {"predicate": {"custom_model_data":19}, "model": "item/stone_axe/19"},
        {"predicate": {"custom_model_data":20}, "model": "item/stone_axe/20"},
        {"predicate": {"custom_model_data":21}, "model": "item/stone_axe/21"},
        {"predicate": {"custom_model_data":22}, "model": "item/stone_axe/22"},
        {"predicate": {"custom_model_data":23}, "model": "item/stone_axe/23"},
        {"predicate": {"custom_model_data":24}, "model": "item/stone_axe/24"},
        {"predicate": {"custom_model_data":25}, "model": "item/stone_axe/25"},
        {"predicate": {"custom_model_data":26}, "model": "item/stone_axe/26"},
        {"predicate": {"custom_model_data":27}, "model": "item/stone_axe/27"},
        {"predicate": {"custom_model_data":28}, "model": "item/stone_axe/28"},
        {"predicate": {"custom_model_data":29}, "model": "item/stone_axe/29"},
        {"predicate": {"custom_model_data":30}, "model": "item/stone_axe/30"},
        {"predicate": {"custom_model_data":31}, "model": "item/stone_axe/31"},
        {"predicate": {"custom_model_data":32}, "model": "item/stone_axe/32"},
        {"predicate": {"custom_model_data":33}, "model": "item/stone_axe/33"}
        ]
}
