{
    "providers": [
        {"type": "bitmap", "file": "minecraft:guis/pixel.png","ascent": -2000,"height": -3,"chars": ["七"]},
        {"type": "bitmap", "file": "minecraft:guis/shop.png","ascent": 20,"height": 135,"chars": ["ㇺ"]},
        {"type": "bitmap", "file": "minecraft:guis/warps1.png","ascent": 20,"height": 135,"chars": ["🥾"]},
        {"type": "bitmap", "file": "minecraft:guis/enchant.png","ascent": 20,"height": 135,"chars": ["🉐"]},
        {"type": "bitmap", "file": "minecraft:guis/warps.png","ascent": 20,"height": 135,"chars": ["🈲"]},
        {"type": "bitmap", "file": "minecraft:guis/pets.png","ascent": 20,"height": 135,"chars": ["🈺"]},
        {"type": "bitmap", "file": "minecraft:guis/rainbow.png","ascent": 20,"height": 135,"chars": ["🈵"]},
        {"type": "bitmap", "file": "minecraft:guis/mines.png","ascent": 20,"height": 135,"chars": ["🕯"]},
        {"type": "bitmap", "file": "minecraft:guis/armor.png","ascent": 20,"height": 135,"chars": ["💈"]},
        {"type": "bitmap", "file": "minecraft:guis/keys.png","ascent": 20,"height": 135,"chars": ["🐚"]},
        {"type": "bitmap", "file": "minecraft:guis/level.png","ascent": 20,"height": 135,"chars": ["🌡"]},
        {"type": "bitmap", "file": "minecraft:guis/merchant.png","ascent": 20,"height": 135,"chars": ["📞"]},
        {"type": "bitmap", "file": "minecraft:guis/quests2.png","ascent": 20,"height": 135,"chars": ["📅"]},
        {"type": "bitmap", "file": "minecraft:guis/quests1.png","ascent": 20,"height": 135,"chars": ["🔣"]},
        {"type": "bitmap", "file": "minecraft:guis/enchant0.png","ascent": 20,"height": 135,"chars": ["膅"]},
        {"type": "bitmap", "file": "minecraft:guis/enchant1.png","ascent": 20,"height": 135,"chars": ["䐟"]},
        {"type": "bitmap", "file": "minecraft:guis/enchant2.png","ascent": 20,"height": 135,"chars": ["鑫"]},
        {"type": "bitmap", "file": "minecraft:guis/enchant3.png","ascent": 20,"height": 135,"chars": ["歄"]},
        {"type": "bitmap", "file": "minecraft:guis/enchant4.png","ascent": 20,"height": 135,"chars": ["貅"]},
        {"type": "bitmap", "file": "minecraft:guis/zoo.png","ascent": 20,"height": 135,"chars": ["橙"]},
        {"type": "bitmap", "file": "minecraft:guis/sell.png","ascent": 20,"height": 135,"chars": ["卖"]},
        {"type": "bitmap", "file": "minecraft:guis/chat.png","ascent": 20,"height": 135,"chars": ["㯲"]},
        {"type": "bitmap", "file": "minecraft:guis/fishing.png","ascent": 20,"height": 135,"chars": ["🦈"]},
        {"type": "bitmap", "file": "minecraft:guis/essence.png","ascent": 20,"height": 135,"chars": ["ℒ"]},
        {"type": "bitmap", "file": "minecraft:guis/enchants/1.png","ascent": 10,"height": 12,"chars": ["ᘱ"]},
        {"type": "bitmap", "file": "minecraft:guis/enchants/2.png","ascent": 10,"height": 12,"chars": ["ᘰ"]},
        {"type": "bitmap", "file": "minecraft:guis/enchants/3.png","ascent": 10,"height": 12,"chars": ["ᘲ"]},
        {"type": "bitmap", "file": "minecraft:guis/enchants/4.png","ascent": 10,"height": 12,"chars": ["ᘳ"]},
        {"type": "bitmap", "file": "minecraft:guis/enchants/5.png","ascent": 10,"height": 12,"chars": ["ᘴ"]},
        {"type": "bitmap", "file": "minecraft:guis/enchants/6.png","ascent": 10,"height": 12,"chars": ["ᘵ"]},
        {"type": "bitmap", "file": "minecraft:guis/enchants/7.png","ascent": 10,"height": 12,"chars": ["ᘶ"]},
        {"type": "bitmap", "file": "minecraft:guis/enchants/8.png","ascent": 10,"height": 12,"chars": ["ᘷ"]},
        {"type": "bitmap", "file": "minecraft:guis/enchants/9.png","ascent": 10,"height": 12,"chars": ["ᘸ"]},
        {"type": "bitmap", "file": "minecraft:guis/enchants/10.png","ascent": 10,"height": 12,"chars": ["ᘺ"]},
        {"type": "bitmap", "file": "minecraft:guis/enchants/11.png","ascent": 10,"height": 12,"chars": ["ᘻ"]},
        {"type": "bitmap", "file": "minecraft:guis/enchants/12.png","ascent": 10,"height": 12,"chars": ["ᘼ"]},
        {"type": "bitmap", "file": "minecraft:guis/enchants/13.png","ascent": 10,"height": 12,"chars": ["ᘽ"]},
        {"type": "bitmap", "file": "minecraft:guis/enchants/14.png","ascent": 10,"height": 12,"chars": ["ᘾ"]},
        {"type": "bitmap", "file": "minecraft:guis/enchants/15.png","ascent": 10,"height": 12,"chars": ["ᘿ"]},
        {"type": "bitmap", "file": "minecraft:guis/enchants/16.png","ascent": 10,"height": 12,"chars": ["ᙀ"]},
        {"type": "bitmap", "file": "minecraft:guis/enchants/17.png","ascent": 10,"height": 12,"chars": ["ᙁ"]},
        {"type": "bitmap", "file": "minecraft:guis/enchants/18.png","ascent": 10,"height": 12,"chars": ["ᙂ"]},
        {"type": "bitmap", "file": "minecraft:guis/enchants/19.png","ascent": 10,"height": 12,"chars": ["ᙃ"]},
        {"type": "bitmap", "file": "minecraft:guis/enchants/20.png","ascent": 10,"height": 12,"chars": ["ᙄ"]},
        {"type": "bitmap", "file": "minecraft:guis/billboard1.png","ascent": 20,"height": 135,"chars": ["Π"]},
        {"type": "bitmap", "file": "minecraft:guis/billboard2.png","ascent": 20,"height": 135,"chars": ["φ"]},
        {"type": "bitmap", "file": "minecraft:guis/billboard3.png","ascent": 20,"height": 135,"chars": ["Φ"]},
        {"type": "bitmap", "file": "minecraft:guis/billboard4.png","ascent": 20,"height": 135,"chars": ["⊥"]}


  
    ]
}