{
	"credit": "Made with Blockbench",
	"texture_size": [128, 128],
	"textures": {
		"0": "block/equipment/texture_124",
		"particle": "block/equipment/texture_124"
	},
	"elements": [
		{
			"from": [5.34462, 0, 7.73254],
			"to": [8.34462, 10, 8.73254],
			"rotation": {"angle": 22.5, "axis": "y", "origin": [5.84462, 0.5, 8.73254]},
			"faces": {
				"north": {"uv": [0, 2, 0.375, 3.25], "texture": "#0"},
				"east": {"uv": [5.5, 6.25, 5.625, 7.5], "texture": "#0"},
				"south": {"uv": [0.375, 2, 0.75, 3.25], "texture": "#0"},
				"west": {"uv": [6.5, 4, 6.625, 5.25], "texture": "#0"},
				"up": {"uv": [3, 1.375, 2.625, 1.25], "texture": "#0"},
				"down": {"uv": [3, 1.375, 2.625, 1.5], "texture": "#0"}
			}
		},
		{
			"from": [5.94334, 0, 8.27743],
			"to": [7.94334, 10, 9.27743],
			"rotation": {"angle": 45, "axis": "y", "origin": [6.44334, 0.5, 9.27743]},
			"faces": {
				"north": {"uv": [5.625, 5.25, 5.875, 6.5], "texture": "#0"},
				"east": {"uv": [5.625, 6.5, 5.75, 7.75], "texture": "#0"},
				"south": {"uv": [0, 5.75, 0.25, 7], "texture": "#0"},
				"west": {"uv": [5.75, 6.5, 5.875, 7.75], "texture": "#0"},
				"up": {"uv": [9.125, 1.875, 8.875, 1.75], "texture": "#0"},
				"down": {"uv": [9.125, 2.875, 8.875, 3], "texture": "#0"}
			}
		},
		{
			"from": [6.20501, 0, 7.05173],
			"to": [7.20501, 10, 10.05173],
			"rotation": {"angle": -22.5, "axis": "y", "origin": [7.20501, 0.5, 9.55173]},
			"faces": {
				"north": {"uv": [6.625, 4, 6.75, 5.25], "texture": "#0"},
				"east": {"uv": [0.75, 2, 1.125, 3.25], "texture": "#0"},
				"south": {"uv": [6.625, 6, 6.75, 7.25], "texture": "#0"},
				"west": {"uv": [1.125, 2, 1.5, 3.25], "texture": "#0"},
				"up": {"uv": [7.625, 4.125, 7.5, 3.75], "texture": "#0"},
				"down": {"uv": [7.625, 4.75, 7.5, 5.125], "texture": "#0"}
			}
		},
		{
			"from": [7.01367, 0, 7.01367],
			"to": [8.01367, 10, 10.01367],
			"rotation": {"angle": 0, "axis": "y", "origin": [8.01367, 0.5, 9.51367]},
			"faces": {
				"north": {"uv": [6.75, 4, 6.875, 5.25], "texture": "#0"},
				"east": {"uv": [1.5, 2.25, 1.875, 3.5], "texture": "#0"},
				"south": {"uv": [6.75, 6, 6.875, 7.25], "texture": "#0"},
				"west": {"uv": [1.875, 2.25, 2.25, 3.5], "texture": "#0"},
				"up": {"uv": [7.75, 3.625, 7.625, 3.25], "texture": "#0"},
				"down": {"uv": [7.75, 3.625, 7.625, 4], "texture": "#0"}
			}
		},
		{
			"from": [7.82233, 0, 7.05173],
			"to": [8.82233, 10, 10.05173],
			"rotation": {"angle": 22.5, "axis": "y", "origin": [7.82233, 0.5, 9.55173]},
			"faces": {
				"north": {"uv": [6.875, 0.5, 7, 1.75], "texture": "#0"},
				"east": {"uv": [2.25, 2.25, 2.625, 3.5], "texture": "#0"},
				"south": {"uv": [0.75, 6.875, 0.875, 8.125], "texture": "#0"},
				"west": {"uv": [2.625, 0, 3, 1.25], "texture": "#0"},
				"up": {"uv": [7.875, 2.875, 7.75, 2.5], "texture": "#0"},
				"down": {"uv": [7.875, 3.25, 7.75, 3.625], "texture": "#0"}
			}
		},
		{
			"from": [6.084, 0, 8.27743],
			"to": [9.084, 10, 9.27743],
			"rotation": {"angle": -45, "axis": "y", "origin": [8.584, 0.5, 9.27743]},
			"faces": {
				"north": {"uv": [2.625, 2.25, 3, 3.5], "texture": "#0"},
				"east": {"uv": [0.875, 6.875, 1, 8.125], "texture": "#0"},
				"south": {"uv": [3, 0, 3.375, 1.25], "texture": "#0"},
				"west": {"uv": [1, 6.875, 1.125, 8.125], "texture": "#0"},
				"up": {"uv": [6.375, 5.125, 6, 5], "texture": "#0"},
				"down": {"uv": [6.375, 5.125, 6, 5.25], "texture": "#0"}
			}
		},
		{
			"from": [6.68272, 0, 7.73254],
			"to": [9.68272, 10, 8.73254],
			"rotation": {"angle": -22.5, "axis": "y", "origin": [9.18272, 0.5, 8.73254]},
			"faces": {
				"north": {"uv": [3, 2.25, 3.375, 3.5], "texture": "#0"},
				"east": {"uv": [1.125, 6.875, 1.25, 8.125], "texture": "#0"},
				"south": {"uv": [0, 3.25, 0.375, 4.5], "texture": "#0"},
				"west": {"uv": [1.25, 6.875, 1.375, 8.125], "texture": "#0"},
				"up": {"uv": [8, 4.125, 7.625, 4], "texture": "#0"},
				"down": {"uv": [8.125, 2.875, 7.75, 3], "texture": "#0"}
			}
		},
		{
			"from": [7.02734, 0, 7],
			"to": [10.02734, 10, 8],
			"rotation": {"angle": 0, "axis": "y", "origin": [10.02734, 0, 8]},
			"faces": {
				"north": {"uv": [0.375, 3.25, 0.75, 4.5], "texture": "#0"},
				"east": {"uv": [1.375, 6.875, 1.5, 8.125], "texture": "#0"},
				"south": {"uv": [0.75, 3.25, 1.125, 4.5], "texture": "#0"},
				"west": {"uv": [6.875, 1.75, 7, 3], "texture": "#0"},
				"up": {"uv": [8.125, 3.75, 7.75, 3.625], "texture": "#0"},
				"down": {"uv": [8.125, 3.75, 7.75, 3.875], "texture": "#0"}
			}
		},
		{
			"from": [6.68272, 0, 6.26746],
			"to": [9.68272, 10, 7.26746],
			"rotation": {"angle": 22.5, "axis": "y", "origin": [9.18272, 0.5, 6.26746]},
			"faces": {
				"north": {"uv": [1.125, 3.25, 1.5, 4.5], "texture": "#0"},
				"east": {"uv": [6.875, 3, 7, 4.25], "texture": "#0"},
				"south": {"uv": [3.375, 0, 3.75, 1.25], "texture": "#0"},
				"west": {"uv": [6.875, 4.25, 7, 5.5], "texture": "#0"},
				"up": {"uv": [8.125, 4, 7.75, 3.875], "texture": "#0"},
				"down": {"uv": [8.25, 2.5, 7.875, 2.625], "texture": "#0"}
			}
		},
		{
			"from": [6.084, 0, 5.72257],
			"to": [9.084, 10, 6.72257],
			"rotation": {"angle": 45, "axis": "y", "origin": [8.584, 0.5, 5.72257]},
			"faces": {
				"north": {"uv": [3.375, 1.25, 3.75, 2.5], "texture": "#0"},
				"east": {"uv": [6.875, 5.5, 7, 6.75], "texture": "#0"},
				"south": {"uv": [3.375, 2.5, 3.75, 3.75], "texture": "#0"},
				"west": {"uv": [6.875, 6.75, 7, 8], "texture": "#0"},
				"up": {"uv": [8.25, 2.75, 7.875, 2.625], "texture": "#0"},
				"down": {"uv": [8.25, 2.75, 7.875, 2.875], "texture": "#0"}
			}
		},
		{
			"from": [7.82233, 0, 4.94827],
			"to": [8.82233, 10, 7.94827],
			"rotation": {"angle": -22.5, "axis": "y", "origin": [7.82233, 0.5, 5.44827]},
			"faces": {
				"north": {"uv": [0, 7, 0.125, 8.25], "texture": "#0"},
				"east": {"uv": [1.5, 3.5, 1.875, 4.75], "texture": "#0"},
				"south": {"uv": [7, 0, 7.125, 1.25], "texture": "#0"},
				"west": {"uv": [1.875, 3.5, 2.25, 4.75], "texture": "#0"},
				"up": {"uv": [8, 3.625, 7.875, 3.25], "texture": "#0"},
				"down": {"uv": [8, 4.25, 7.875, 4.625], "texture": "#0"}
			}
		},
		{
			"from": [7.01367, 0, 4.98633],
			"to": [8.01367, 10, 7.98633],
			"rotation": {"angle": 0, "axis": "y", "origin": [8.01367, 0.5, 5.48633]},
			"faces": {
				"north": {"uv": [0.125, 7, 0.25, 8.25], "texture": "#0"},
				"east": {"uv": [2.25, 3.5, 2.625, 4.75], "texture": "#0"},
				"south": {"uv": [0.25, 7, 0.375, 8.25], "texture": "#0"},
				"west": {"uv": [2.625, 3.5, 3, 4.75], "texture": "#0"},
				"up": {"uv": [8, 5, 7.875, 4.625], "texture": "#0"},
				"down": {"uv": [8, 5, 7.875, 5.375], "texture": "#0"}
			}
		},
		{
			"from": [6.20501, 0, 4.94827],
			"to": [7.20501, 10, 7.94827],
			"rotation": {"angle": 22.5, "axis": "y", "origin": [7.20501, 0.5, 5.44827]},
			"faces": {
				"north": {"uv": [0.375, 7, 0.5, 8.25], "texture": "#0"},
				"east": {"uv": [3, 3.5, 3.375, 4.75], "texture": "#0"},
				"south": {"uv": [0.5, 7, 0.625, 8.25], "texture": "#0"},
				"west": {"uv": [3.75, 0, 4.125, 1.25], "texture": "#0"},
				"up": {"uv": [8, 5.75, 7.875, 5.375], "texture": "#0"},
				"down": {"uv": [8, 5.75, 7.875, 6.125], "texture": "#0"}
			}
		},
		{
			"from": [5.94334, 0, 5.72257],
			"to": [8.94334, 10, 6.72257],
			"rotation": {"angle": -45, "axis": "y", "origin": [6.44334, 0.5, 5.72257]},
			"faces": {
				"north": {"uv": [3.75, 1.25, 4.125, 2.5], "texture": "#0"},
				"east": {"uv": [0.625, 7, 0.75, 8.25], "texture": "#0"},
				"south": {"uv": [3.75, 2.5, 4.125, 3.75], "texture": "#0"},
				"west": {"uv": [7, 1.25, 7.125, 2.5], "texture": "#0"},
				"up": {"uv": [8.25, 6.25, 7.875, 6.125], "texture": "#0"},
				"down": {"uv": [8.25, 6.25, 7.875, 6.375], "texture": "#0"}
			}
		},
		{
			"from": [5.34462, 0, 6.26746],
			"to": [8.34462, 10, 7.26746],
			"rotation": {"angle": -22.5, "axis": "y", "origin": [5.84462, 0.5, 6.26746]},
			"faces": {
				"north": {"uv": [3.375, 3.75, 3.75, 5], "texture": "#0"},
				"east": {"uv": [7, 2.5, 7.125, 3.75], "texture": "#0"},
				"south": {"uv": [3.75, 3.75, 4.125, 5], "texture": "#0"},
				"west": {"uv": [7, 3.75, 7.125, 5], "texture": "#0"},
				"up": {"uv": [8.25, 6.5, 7.875, 6.375], "texture": "#0"},
				"down": {"uv": [8.25, 6.5, 7.875, 6.625], "texture": "#0"}
			}
		},
		{
			"from": [5, 0, 7],
			"to": [8, 10, 8],
			"rotation": {"angle": 0, "axis": "y", "origin": [5, 0, 8]},
			"faces": {
				"north": {"uv": [4.125, 0, 4.5, 1.25], "texture": "#0"},
				"east": {"uv": [7, 5, 7.125, 6.25], "texture": "#0"},
				"south": {"uv": [4.125, 1.25, 4.5, 2.5], "texture": "#0"},
				"west": {"uv": [7, 6.25, 7.125, 7.5], "texture": "#0"},
				"up": {"uv": [8.25, 6.75, 7.875, 6.625], "texture": "#0"},
				"down": {"uv": [8.25, 6.75, 7.875, 6.875], "texture": "#0"}
			}
		},
		{
			"from": [9.34462, 0, 7.73254],
			"to": [12.34462, 10, 8.73254],
			"rotation": {"angle": 22.5, "axis": "y", "origin": [9.84462, 0.5, 8.73254]},
			"faces": {
				"north": {"uv": [4.125, 2.5, 4.5, 3.75], "texture": "#0"},
				"east": {"uv": [7.125, 0, 7.25, 1.25], "texture": "#0"},
				"south": {"uv": [4.125, 3.75, 4.5, 5], "texture": "#0"},
				"west": {"uv": [7.125, 1.25, 7.25, 2.5], "texture": "#0"},
				"up": {"uv": [8.25, 7, 7.875, 6.875], "texture": "#0"},
				"down": {"uv": [8.25, 7, 7.875, 7.125], "texture": "#0"}
			}
		},
		{
			"from": [9.94334, 0, 8.27743],
			"to": [11.94334, 10, 9.27743],
			"rotation": {"angle": 45, "axis": "y", "origin": [10.44334, 0.5, 9.27743]},
			"faces": {
				"north": {"uv": [0.25, 5.75, 0.5, 7], "texture": "#0"},
				"east": {"uv": [1.5, 7.125, 1.625, 8.375], "texture": "#0"},
				"south": {"uv": [0.5, 5.75, 0.75, 7], "texture": "#0"},
				"west": {"uv": [1.625, 7.125, 1.75, 8.375], "texture": "#0"},
				"up": {"uv": [3.625, 9, 3.375, 8.875], "texture": "#0"},
				"down": {"uv": [3.875, 8.875, 3.625, 9], "texture": "#0"}
			}
		},
		{
			"from": [10.20501, 0, 7.05173],
			"to": [11.20501, 10, 10.05173],
			"rotation": {"angle": -22.5, "axis": "y", "origin": [11.20501, 0.5, 9.55173]},
			"faces": {
				"north": {"uv": [1.75, 7.125, 1.875, 8.375], "texture": "#0"},
				"east": {"uv": [0, 4.5, 0.375, 5.75], "texture": "#0"},
				"south": {"uv": [1.875, 7.125, 2, 8.375], "texture": "#0"},
				"west": {"uv": [4.5, 0, 4.875, 1.25], "texture": "#0"},
				"up": {"uv": [8, 7.5, 7.875, 7.125], "texture": "#0"},
				"down": {"uv": [8, 7.5, 7.875, 7.875], "texture": "#0"}
			}
		},
		{
			"from": [11.01367, 0, 7.01367],
			"to": [12.01367, 10, 10.01367],
			"rotation": {"angle": 0, "axis": "y", "origin": [12.01367, 0.5, 9.51367]},
			"faces": {
				"north": {"uv": [2, 7.125, 2.125, 8.375], "texture": "#0"},
				"east": {"uv": [0.375, 4.5, 0.75, 5.75], "texture": "#0"},
				"south": {"uv": [2.125, 7.125, 2.25, 8.375], "texture": "#0"},
				"west": {"uv": [0.75, 4.5, 1.125, 5.75], "texture": "#0"},
				"up": {"uv": [8, 8.25, 7.875, 7.875], "texture": "#0"},
				"down": {"uv": [8.125, 0.25, 8, 0.625], "texture": "#0"}
			}
		},
		{
			"from": [11.82233, 0, 7.05173],
			"to": [12.82233, 10, 10.05173],
			"rotation": {"angle": 22.5, "axis": "y", "origin": [11.82233, 0.5, 9.55173]},
			"faces": {
				"north": {"uv": [2.25, 7.125, 2.375, 8.375], "texture": "#0"},
				"east": {"uv": [1.125, 4.5, 1.5, 5.75], "texture": "#0"},
				"south": {"uv": [2.375, 7.125, 2.5, 8.375], "texture": "#0"},
				"west": {"uv": [4.5, 1.25, 4.875, 2.5], "texture": "#0"},
				"up": {"uv": [8.125, 1, 8, 0.625], "texture": "#0"},
				"down": {"uv": [8.125, 1, 8, 1.375], "texture": "#0"}
			}
		},
		{
			"from": [10.084, 0, 8.27743],
			"to": [13.084, 10, 9.27743],
			"rotation": {"angle": -45, "axis": "y", "origin": [12.584, 0.5, 9.27743]},
			"faces": {
				"north": {"uv": [4.5, 2.5, 4.875, 3.75], "texture": "#0"},
				"east": {"uv": [2.5, 7.125, 2.625, 8.375], "texture": "#0"},
				"south": {"uv": [4.5, 3.75, 4.875, 5], "texture": "#0"},
				"west": {"uv": [7.125, 2.5, 7.25, 3.75], "texture": "#0"},
				"up": {"uv": [8.375, 1.5, 8, 1.375], "texture": "#0"},
				"down": {"uv": [8.375, 1.5, 8, 1.625], "texture": "#0"}
			}
		},
		{
			"from": [10.68272, 0, 7.73254],
			"to": [13.68272, 10, 8.73254],
			"rotation": {"angle": -22.5, "axis": "y", "origin": [13.18272, 0.5, 8.73254]},
			"faces": {
				"north": {"uv": [1.5, 4.75, 1.875, 6], "texture": "#0"},
				"east": {"uv": [2.625, 7.125, 2.75, 8.375], "texture": "#0"},
				"south": {"uv": [1.875, 4.75, 2.25, 6], "texture": "#0"},
				"west": {"uv": [2.75, 7.125, 2.875, 8.375], "texture": "#0"},
				"up": {"uv": [8.375, 1.75, 8, 1.625], "texture": "#0"},
				"down": {"uv": [8.375, 1.75, 8, 1.875], "texture": "#0"}
			}
		},
		{
			"from": [11.02734, 0, 7],
			"to": [14.02734, 10, 8],
			"rotation": {"angle": 0, "axis": "y", "origin": [14.02734, 0, 8]},
			"faces": {
				"north": {"uv": [2.25, 4.75, 2.625, 6], "texture": "#0"},
				"east": {"uv": [2.875, 7.125, 3, 8.375], "texture": "#0"},
				"south": {"uv": [2.625, 4.75, 3, 6], "texture": "#0"},
				"west": {"uv": [3, 7.125, 3.125, 8.375], "texture": "#0"},
				"up": {"uv": [8.375, 2, 8, 1.875], "texture": "#0"},
				"down": {"uv": [8.375, 2, 8, 2.125], "texture": "#0"}
			}
		},
		{
			"from": [10.68272, 0, 6.26746],
			"to": [13.68272, 10, 7.26746],
			"rotation": {"angle": 22.5, "axis": "y", "origin": [13.18272, 0.5, 6.26746]},
			"faces": {
				"north": {"uv": [3, 4.75, 3.375, 6], "texture": "#0"},
				"east": {"uv": [3.125, 7.125, 3.25, 8.375], "texture": "#0"},
				"south": {"uv": [4.875, 0, 5.25, 1.25], "texture": "#0"},
				"west": {"uv": [7.125, 3.75, 7.25, 5], "texture": "#0"},
				"up": {"uv": [8.375, 2.25, 8, 2.125], "texture": "#0"},
				"down": {"uv": [8.375, 2.25, 8, 2.375], "texture": "#0"}
			}
		},
		{
			"from": [10.084, 0, 5.72257],
			"to": [13.084, 10, 6.72257],
			"rotation": {"angle": 45, "axis": "y", "origin": [12.584, 0.5, 5.72257]},
			"faces": {
				"north": {"uv": [4.875, 1.25, 5.25, 2.5], "texture": "#0"},
				"east": {"uv": [7.125, 5, 7.25, 6.25], "texture": "#0"},
				"south": {"uv": [4.875, 2.5, 5.25, 3.75], "texture": "#0"},
				"west": {"uv": [5.875, 7.125, 6, 8.375], "texture": "#0"},
				"up": {"uv": [8.375, 2.5, 8, 2.375], "texture": "#0"},
				"down": {"uv": [8.375, 3.25, 8, 3.375], "texture": "#0"}
			}
		},
		{
			"from": [11.82233, 0, 4.94827],
			"to": [12.82233, 10, 7.94827],
			"rotation": {"angle": -22.5, "axis": "y", "origin": [11.82233, 0.5, 5.44827]},
			"faces": {
				"north": {"uv": [6, 7.125, 6.125, 8.375], "texture": "#0"},
				"east": {"uv": [4.875, 3.75, 5.25, 5], "texture": "#0"},
				"south": {"uv": [6.125, 7.125, 6.25, 8.375], "texture": "#0"},
				"west": {"uv": [3.375, 5, 3.75, 6.25], "texture": "#0"},
				"up": {"uv": [8.125, 4.625, 8, 4.25], "texture": "#0"},
				"down": {"uv": [4.5, 8, 4.375, 8.375], "texture": "#0"}
			}
		},
		{
			"from": [11.01367, 0, 4.98633],
			"to": [12.01367, 10, 7.98633],
			"rotation": {"angle": 0, "axis": "y", "origin": [12.01367, 0.5, 5.48633]},
			"faces": {
				"north": {"uv": [6.25, 7.125, 6.375, 8.375], "texture": "#0"},
				"east": {"uv": [3.75, 5, 4.125, 6.25], "texture": "#0"},
				"south": {"uv": [7.125, 6.25, 7.25, 7.5], "texture": "#0"},
				"west": {"uv": [4.125, 5, 4.5, 6.25], "texture": "#0"},
				"up": {"uv": [4.625, 8.375, 4.5, 8], "texture": "#0"},
				"down": {"uv": [4.75, 8, 4.625, 8.375], "texture": "#0"}
			}
		},
		{
			"from": [10.20501, 0, 4.94827],
			"to": [11.20501, 10, 7.94827],
			"rotation": {"angle": 22.5, "axis": "y", "origin": [11.20501, 0.5, 5.44827]},
			"faces": {
				"north": {"uv": [6.375, 7.125, 6.5, 8.375], "texture": "#0"},
				"east": {"uv": [4.5, 5, 4.875, 6.25], "texture": "#0"},
				"south": {"uv": [6.5, 7.125, 6.625, 8.375], "texture": "#0"},
				"west": {"uv": [4.875, 5, 5.25, 6.25], "texture": "#0"},
				"up": {"uv": [8.125, 5, 8, 4.625], "texture": "#0"},
				"down": {"uv": [4.875, 8, 4.75, 8.375], "texture": "#0"}
			}
		},
		{
			"from": [9.94334, 0, 5.72257],
			"to": [12.94334, 10, 6.72257],
			"rotation": {"angle": -45, "axis": "y", "origin": [10.44334, 0.5, 5.72257]},
			"faces": {
				"north": {"uv": [5.25, 0, 5.625, 1.25], "texture": "#0"},
				"east": {"uv": [7.25, 0, 7.375, 1.25], "texture": "#0"},
				"south": {"uv": [5.25, 1.25, 5.625, 2.5], "texture": "#0"},
				"west": {"uv": [7.25, 1.25, 7.375, 2.5], "texture": "#0"},
				"up": {"uv": [8.375, 3.5, 8, 3.375], "texture": "#0"},
				"down": {"uv": [8.375, 3.5, 8, 3.625], "texture": "#0"}
			}
		},
		{
			"from": [9.34462, 0, 6.26746],
			"to": [12.34462, 10, 7.26746],
			"rotation": {"angle": -22.5, "axis": "y", "origin": [9.84462, 0.5, 6.26746]},
			"faces": {
				"north": {"uv": [5.25, 2.5, 5.625, 3.75], "texture": "#0"},
				"east": {"uv": [7.25, 2.5, 7.375, 3.75], "texture": "#0"},
				"south": {"uv": [5.25, 3.75, 5.625, 5], "texture": "#0"},
				"west": {"uv": [7.25, 3.75, 7.375, 5], "texture": "#0"},
				"up": {"uv": [8.375, 4.125, 8, 4], "texture": "#0"},
				"down": {"uv": [5.25, 8, 4.875, 8.125], "texture": "#0"}
			}
		},
		{
			"from": [9, 0, 7],
			"to": [12, 10, 8],
			"rotation": {"angle": 0, "axis": "y", "origin": [9, 0, 8]},
			"faces": {
				"north": {"uv": [5.25, 5, 5.625, 6.25], "texture": "#0"},
				"east": {"uv": [7.25, 5, 7.375, 6.25], "texture": "#0"},
				"south": {"uv": [5.625, 0, 6, 1.25], "texture": "#0"},
				"west": {"uv": [7.25, 6.25, 7.375, 7.5], "texture": "#0"},
				"up": {"uv": [8.375, 5.125, 8, 5], "texture": "#0"},
				"down": {"uv": [8.375, 5.125, 8, 5.25], "texture": "#0"}
			}
		},
		{
			"from": [9.23759, 7.975, 7.74275],
			"to": [12.38759, 9.025, 8.79275],
			"rotation": {"angle": 22.5, "axis": "y", "origin": [9.76259, 0.1, 8.79275]},
			"faces": {
				"north": {"uv": [8, 5.25, 8.375, 5.375], "texture": "#0"},
				"east": {"uv": [1.5, 2, 1.625, 2.125], "texture": "#0"},
				"south": {"uv": [8, 5.375, 8.375, 5.5], "texture": "#0"},
				"west": {"uv": [1.5, 2.125, 1.625, 2.25], "texture": "#0"},
				"up": {"uv": [8.375, 5.625, 8, 5.5], "texture": "#0"},
				"down": {"uv": [8.375, 5.625, 8, 5.75], "texture": "#0"}
			}
		},
		{
			"from": [9.86624, 7.975, 8.31489],
			"to": [11.96624, 9.025, 9.36489],
			"rotation": {"angle": 45, "axis": "y", "origin": [10.39124, 0.1, 9.36489]},
			"faces": {
				"north": {"uv": [8.875, 3.625, 9.125, 3.75], "texture": "#0"},
				"east": {"uv": [3.25, 6, 3.375, 6.125], "texture": "#0"},
				"south": {"uv": [8.875, 3.75, 9.125, 3.875], "texture": "#0"},
				"west": {"uv": [3.25, 6.125, 3.375, 6.25], "texture": "#0"},
				"up": {"uv": [4.125, 9, 3.875, 8.875], "texture": "#0"},
				"down": {"uv": [9.125, 3.875, 8.875, 4], "texture": "#0"}
			}
		},
		{
			"from": [10.14099, 7.975, 7.0279],
			"to": [11.19099, 9.025, 10.1779],
			"rotation": {"angle": -22.5, "axis": "y", "origin": [11.19099, 0.1, 9.6529]},
			"faces": {
				"north": {"uv": [6.375, 5, 6.5, 5.125], "texture": "#0"},
				"east": {"uv": [8, 5.75, 8.375, 5.875], "texture": "#0"},
				"south": {"uv": [6.375, 5.125, 6.5, 5.25], "texture": "#0"},
				"west": {"uv": [8, 5.875, 8.375, 6], "texture": "#0"},
				"up": {"uv": [5.375, 8.375, 5.25, 8], "texture": "#0"},
				"down": {"uv": [7, 8, 6.875, 8.375], "texture": "#0"}
			}
		},
		{
			"from": [10.99009, 7.975, 6.98794],
			"to": [12.04009, 9.025, 10.13794],
			"rotation": {"angle": 0, "axis": "y", "origin": [12.04009, 0.1, 9.61294]},
			"faces": {
				"north": {"uv": [8.875, 7.25, 9, 7.375], "texture": "#0"},
				"east": {"uv": [8, 6, 8.375, 6.125], "texture": "#0"},
				"south": {"uv": [7.375, 8.875, 7.5, 9], "texture": "#0"},
				"west": {"uv": [8, 7.125, 8.375, 7.25], "texture": "#0"},
				"up": {"uv": [8.125, 7.625, 8, 7.25], "texture": "#0"},
				"down": {"uv": [8.125, 7.625, 8, 8], "texture": "#0"}
			}
		},
		{
			"from": [11.83918, 7.975, 7.0279],
			"to": [12.88918, 9.025, 10.1779],
			"rotation": {"angle": 22.5, "axis": "y", "origin": [11.83918, 0.1, 9.6529]},
			"faces": {
				"north": {"uv": [8.875, 7.375, 9, 7.5], "texture": "#0"},
				"east": {"uv": [8, 8, 8.375, 8.125], "texture": "#0"},
				"south": {"uv": [7.5, 8.875, 7.625, 9], "texture": "#0"},
				"west": {"uv": [8.125, 0.25, 8.5, 0.375], "texture": "#0"},
				"up": {"uv": [8.25, 0.75, 8.125, 0.375], "texture": "#0"},
				"down": {"uv": [0.875, 8.125, 0.75, 8.5], "texture": "#0"}
			}
		},
		{
			"from": [10.01393, 7.975, 8.31489],
			"to": [13.16393, 9.025, 9.36489],
			"rotation": {"angle": -45, "axis": "y", "origin": [12.63893, 0.1, 9.36489]},
			"faces": {
				"north": {"uv": [8.125, 0.75, 8.5, 0.875], "texture": "#0"},
				"east": {"uv": [8.875, 7.5, 9, 7.625], "texture": "#0"},
				"south": {"uv": [0.875, 8.125, 1.25, 8.25], "texture": "#0"},
				"west": {"uv": [7.625, 8.875, 7.75, 9], "texture": "#0"},
				"up": {"uv": [8.5, 1, 8.125, 0.875], "texture": "#0"},
				"down": {"uv": [8.5, 1, 8.125, 1.125], "texture": "#0"}
			}
		},
		{
			"from": [10.64259, 7.975, 7.74275],
			"to": [13.79259, 9.025, 8.79275],
			"rotation": {"angle": -22.5, "axis": "y", "origin": [13.26759, 0.1, 8.79275]},
			"faces": {
				"north": {"uv": [8.125, 1.125, 8.5, 1.25], "texture": "#0"},
				"east": {"uv": [8.875, 7.625, 9, 7.75], "texture": "#0"},
				"south": {"uv": [8.125, 1.25, 8.5, 1.375], "texture": "#0"},
				"west": {"uv": [7.75, 8.875, 7.875, 9], "texture": "#0"},
				"up": {"uv": [8.5, 3, 8.125, 2.875], "texture": "#0"},
				"down": {"uv": [8.5, 3.625, 8.125, 3.75], "texture": "#0"}
			}
		},
		{
			"from": [11.00444, 7.975, 6.97358],
			"to": [14.15444, 9.025, 8.02358],
			"rotation": {"angle": 0, "axis": "y", "origin": [14.15444, -0.425, 8.02358]},
			"faces": {
				"north": {"uv": [8.125, 3.75, 8.5, 3.875], "texture": "#0"},
				"east": {"uv": [8.875, 7.75, 9, 7.875], "texture": "#0"},
				"south": {"uv": [8.125, 3.875, 8.5, 4], "texture": "#0"},
				"west": {"uv": [8.875, 7.875, 9, 8], "texture": "#0"},
				"up": {"uv": [8.5, 4.375, 8.125, 4.25], "texture": "#0"},
				"down": {"uv": [8.5, 4.375, 8.125, 4.5], "texture": "#0"}
			}
		},
		{
			"from": [10.64259, 7.975, 6.20442],
			"to": [13.79259, 9.025, 7.25442],
			"rotation": {"angle": 22.5, "axis": "y", "origin": [13.26759, 0.1, 6.20442]},
			"faces": {
				"north": {"uv": [8.125, 4.5, 8.5, 4.625], "texture": "#0"},
				"east": {"uv": [8, 8.875, 8.125, 9], "texture": "#0"},
				"south": {"uv": [8.125, 4.625, 8.5, 4.75], "texture": "#0"},
				"west": {"uv": [8.125, 8.875, 8.25, 9], "texture": "#0"},
				"up": {"uv": [8.5, 4.875, 8.125, 4.75], "texture": "#0"},
				"down": {"uv": [5.25, 8.125, 4.875, 8.25], "texture": "#0"}
			}
		},
		{
			"from": [10.01393, 7.975, 5.63228],
			"to": [13.16393, 9.025, 6.68228],
			"rotation": {"angle": 45, "axis": "y", "origin": [12.63893, 0.1, 5.63228]},
			"faces": {
				"north": {"uv": [8.125, 4.875, 8.5, 5], "texture": "#0"},
				"east": {"uv": [8.25, 8.875, 8.375, 9], "texture": "#0"},
				"south": {"uv": [8.125, 7.25, 8.5, 7.375], "texture": "#0"},
				"west": {"uv": [8.625, 8.875, 8.75, 9], "texture": "#0"},
				"up": {"uv": [8.5, 7.5, 8.125, 7.375], "texture": "#0"},
				"down": {"uv": [8.5, 7.5, 8.125, 7.625], "texture": "#0"}
			}
		},
		{
			"from": [11.83918, 7.975, 4.81927],
			"to": [12.88918, 9.025, 7.96927],
			"rotation": {"angle": -22.5, "axis": "y", "origin": [11.83918, 0.1, 5.34427]},
			"faces": {
				"north": {"uv": [8.75, 8.875, 8.875, 9], "texture": "#0"},
				"east": {"uv": [8.125, 7.625, 8.5, 7.75], "texture": "#0"},
				"south": {"uv": [8.875, 8.875, 9, 9], "texture": "#0"},
				"west": {"uv": [8.125, 7.75, 8.5, 7.875], "texture": "#0"},
				"up": {"uv": [1.375, 8.5, 1.25, 8.125], "texture": "#0"},
				"down": {"uv": [1.5, 8.125, 1.375, 8.5], "texture": "#0"}
			}
		},
		{
			"from": [10.99009, 7.975, 4.85923],
			"to": [12.04009, 9.025, 8.00923],
			"rotation": {"angle": 0, "axis": "y", "origin": [12.04009, 0.1, 5.38423]},
			"faces": {
				"north": {"uv": [0, 9, 0.125, 9.125], "texture": "#0"},
				"east": {"uv": [8.125, 7.875, 8.5, 8], "texture": "#0"},
				"south": {"uv": [0.125, 9, 0.25, 9.125], "texture": "#0"},
				"west": {"uv": [8, 8.125, 8.375, 8.25], "texture": "#0"},
				"up": {"uv": [0.125, 8.625, 0, 8.25], "texture": "#0"},
				"down": {"uv": [0.25, 8.25, 0.125, 8.625], "texture": "#0"}
			}
		},
		{
			"from": [10.14099, 7.975, 4.81927],
			"to": [11.19099, 9.025, 7.96927],
			"rotation": {"angle": 22.5, "axis": "y", "origin": [11.19099, 0.1, 5.34427]},
			"faces": {
				"north": {"uv": [0.25, 9, 0.375, 9.125], "texture": "#0"},
				"east": {"uv": [0.25, 8.25, 0.625, 8.375], "texture": "#0"},
				"south": {"uv": [0.375, 9, 0.5, 9.125], "texture": "#0"},
				"west": {"uv": [8.25, 0.375, 8.625, 0.5], "texture": "#0"},
				"up": {"uv": [0.75, 8.625, 0.625, 8.25], "texture": "#0"},
				"down": {"uv": [1, 8.25, 0.875, 8.625], "texture": "#0"}
			}
		},
		{
			"from": [9.86624, 7.975, 5.63228],
			"to": [13.01624, 9.025, 6.68228],
			"rotation": {"angle": -45, "axis": "y", "origin": [10.39124, 0.1, 5.63228]},
			"faces": {
				"north": {"uv": [8.25, 0.5, 8.625, 0.625], "texture": "#0"},
				"east": {"uv": [9, 0.375, 9.125, 0.5], "texture": "#0"},
				"south": {"uv": [8.25, 0.625, 8.625, 0.75], "texture": "#0"},
				"west": {"uv": [0.5, 9, 0.625, 9.125], "texture": "#0"},
				"up": {"uv": [8.625, 2.625, 8.25, 2.5], "texture": "#0"},
				"down": {"uv": [8.625, 2.625, 8.25, 2.75], "texture": "#0"}
			}
		},
		{
			"from": [9.23759, 7.975, 6.20442],
			"to": [12.38759, 9.025, 7.25442],
			"rotation": {"angle": -22.5, "axis": "y", "origin": [9.76259, 0.1, 6.20442]},
			"faces": {
				"north": {"uv": [8.25, 2.75, 8.625, 2.875], "texture": "#0"},
				"east": {"uv": [9, 0.5, 9.125, 0.625], "texture": "#0"},
				"south": {"uv": [8.25, 3, 8.625, 3.125], "texture": "#0"},
				"west": {"uv": [0.625, 9, 0.75, 9.125], "texture": "#0"},
				"up": {"uv": [8.625, 3.25, 8.25, 3.125], "texture": "#0"},
				"down": {"uv": [8.625, 4.125, 8.25, 4.25], "texture": "#0"}
			}
		},
		{
			"from": [8.87573, 7.975, 6.97358],
			"to": [12.02573, 9.025, 8.02358],
			"rotation": {"angle": 0, "axis": "y", "origin": [8.87573, -0.425, 8.02358]},
			"faces": {
				"north": {"uv": [4.875, 8.25, 5.25, 8.375], "texture": "#0"},
				"east": {"uv": [9, 0.625, 9.125, 0.75], "texture": "#0"},
				"south": {"uv": [8.25, 6.125, 8.625, 6.25], "texture": "#0"},
				"west": {"uv": [0.75, 9, 0.875, 9.125], "texture": "#0"},
				"up": {"uv": [8.625, 6.375, 8.25, 6.25], "texture": "#0"},
				"down": {"uv": [8.625, 6.375, 8.25, 6.5], "texture": "#0"}
			}
		},
		{
			"from": [9.23759, 0.475, 7.74275],
			"to": [12.38759, 1.525, 8.79275],
			"rotation": {"angle": 22.5, "axis": "y", "origin": [9.76259, -7.4, 8.79275]},
			"faces": {
				"north": {"uv": [8.25, 6.5, 8.625, 6.625], "texture": "#0"},
				"east": {"uv": [0.875, 9, 1, 9.125], "texture": "#0"},
				"south": {"uv": [8.25, 6.625, 8.625, 6.75], "texture": "#0"},
				"west": {"uv": [1, 9, 1.125, 9.125], "texture": "#0"},
				"up": {"uv": [8.625, 6.875, 8.25, 6.75], "texture": "#0"},
				"down": {"uv": [8.625, 6.875, 8.25, 7], "texture": "#0"}
			}
		},
		{
			"from": [9.86624, 0.475, 8.31489],
			"to": [11.96624, 1.525, 9.36489],
			"rotation": {"angle": 45, "axis": "y", "origin": [10.39124, -7.4, 9.36489]},
			"faces": {
				"north": {"uv": [4.375, 8.875, 4.625, 9], "texture": "#0"},
				"east": {"uv": [1.125, 9, 1.25, 9.125], "texture": "#0"},
				"south": {"uv": [4.625, 8.875, 4.875, 9], "texture": "#0"},
				"west": {"uv": [1.25, 9, 1.375, 9.125], "texture": "#0"},
				"up": {"uv": [9.125, 4.75, 8.875, 4.625], "texture": "#0"},
				"down": {"uv": [9.125, 4.75, 8.875, 4.875], "texture": "#0"}
			}
		},
		{
			"from": [10.14099, 0.475, 7.0279],
			"to": [11.19099, 1.525, 10.1779],
			"rotation": {"angle": -22.5, "axis": "y", "origin": [11.19099, -7.4, 9.6529]},
			"faces": {
				"north": {"uv": [1.375, 9, 1.5, 9.125], "texture": "#0"},
				"east": {"uv": [8.25, 7, 8.625, 7.125], "texture": "#0"},
				"south": {"uv": [1.5, 9, 1.625, 9.125], "texture": "#0"},
				"west": {"uv": [7.875, 8.25, 8.25, 8.375], "texture": "#0"},
				"up": {"uv": [1.125, 8.625, 1, 8.25], "texture": "#0"},
				"down": {"uv": [1.25, 8.25, 1.125, 8.625], "texture": "#0"}
			}
		},
		{
			"from": [10.99009, 0.475, 6.98794],
			"to": [12.04009, 1.525, 10.13794],
			"rotation": {"angle": 0, "axis": "y", "origin": [12.04009, -7.4, 9.61294]},
			"faces": {
				"north": {"uv": [1.625, 9, 1.75, 9.125], "texture": "#0"},
				"east": {"uv": [8.25, 8.25, 8.625, 8.375], "texture": "#0"},
				"south": {"uv": [1.75, 9, 1.875, 9.125], "texture": "#0"},
				"west": {"uv": [0.25, 8.375, 0.625, 8.5], "texture": "#0"},
				"up": {"uv": [3.375, 8.625, 3.25, 8.25], "texture": "#0"},
				"down": {"uv": [4.375, 8.25, 4.25, 8.625], "texture": "#0"}
			}
		},
		{
			"from": [11.83918, 0.475, 7.0279],
			"to": [12.88918, 1.525, 10.1779],
			"rotation": {"angle": 22.5, "axis": "y", "origin": [11.83918, -7.4, 9.6529]},
			"faces": {
				"north": {"uv": [9, 2.5, 9.125, 2.625], "texture": "#0"},
				"east": {"uv": [8.375, 1.375, 8.75, 1.5], "texture": "#0"},
				"south": {"uv": [9, 2.625, 9.125, 2.75], "texture": "#0"},
				"west": {"uv": [1.5, 8.375, 1.875, 8.5], "texture": "#0"},
				"up": {"uv": [8.5, 1.875, 8.375, 1.5], "texture": "#0"},
				"down": {"uv": [2, 8.375, 1.875, 8.75], "texture": "#0"}
			}
		},
		{
			"from": [10.01393, 0.475, 8.31489],
			"to": [13.16393, 1.525, 9.36489],
			"rotation": {"angle": -45, "axis": "y", "origin": [12.63893, -7.4, 9.36489]},
			"faces": {
				"north": {"uv": [8.375, 1.875, 8.75, 2], "texture": "#0"},
				"east": {"uv": [2.75, 9, 2.875, 9.125], "texture": "#0"},
				"south": {"uv": [2, 8.375, 2.375, 8.5], "texture": "#0"},
				"west": {"uv": [9, 2.75, 9.125, 2.875], "texture": "#0"},
				"up": {"uv": [8.75, 2.125, 8.375, 2], "texture": "#0"},
				"down": {"uv": [8.75, 2.125, 8.375, 2.25], "texture": "#0"}
			}
		},
		{
			"from": [10.64259, 0.475, 7.74275],
			"to": [13.79259, 1.525, 8.79275],
			"rotation": {"angle": -22.5, "axis": "y", "origin": [13.26759, -7.4, 8.79275]},
			"faces": {
				"north": {"uv": [8.375, 2.25, 8.75, 2.375], "texture": "#0"},
				"east": {"uv": [2.875, 9, 3, 9.125], "texture": "#0"},
				"south": {"uv": [2.375, 8.375, 2.75, 8.5], "texture": "#0"},
				"west": {"uv": [3, 9, 3.125, 9.125], "texture": "#0"},
				"up": {"uv": [8.75, 2.5, 8.375, 2.375], "texture": "#0"},
				"down": {"uv": [3.125, 8.375, 2.75, 8.5], "texture": "#0"}
			}
		},
		{
			"from": [11.00444, 0.475, 6.97358],
			"to": [14.15444, 1.525, 8.02358],
			"rotation": {"angle": 0, "axis": "y", "origin": [14.15444, -7.925, 8.02358]},
			"faces": {
				"north": {"uv": [8.375, 3.25, 8.75, 3.375], "texture": "#0"},
				"east": {"uv": [9, 3, 9.125, 3.125], "texture": "#0"},
				"south": {"uv": [8.375, 3.375, 8.75, 3.5], "texture": "#0"},
				"west": {"uv": [9, 3.125, 9.125, 3.25], "texture": "#0"},
				"up": {"uv": [8.75, 3.625, 8.375, 3.5], "texture": "#0"},
				"down": {"uv": [8.75, 4, 8.375, 4.125], "texture": "#0"}
			}
		},
		{
			"from": [10.64259, 0.475, 6.20442],
			"to": [13.79259, 1.525, 7.25442],
			"rotation": {"angle": 22.5, "axis": "y", "origin": [13.26759, -7.4, 6.20442]},
			"faces": {
				"north": {"uv": [4.375, 8.375, 4.75, 8.5], "texture": "#0"},
				"east": {"uv": [3.25, 9, 3.375, 9.125], "texture": "#0"},
				"south": {"uv": [4.75, 8.375, 5.125, 8.5], "texture": "#0"},
				"west": {"uv": [3.375, 9, 3.5, 9.125], "texture": "#0"},
				"up": {"uv": [8.75, 5.125, 8.375, 5], "texture": "#0"},
				"down": {"uv": [8.75, 5.125, 8.375, 5.25], "texture": "#0"}
			}
		},
		{
			"from": [10.01393, 0.475, 5.63228],
			"to": [13.16393, 1.525, 6.68228],
			"rotation": {"angle": 45, "axis": "y", "origin": [12.63893, -7.4, 5.63228]},
			"faces": {
				"north": {"uv": [8.375, 5.25, 8.75, 5.375], "texture": "#0"},
				"east": {"uv": [3.5, 9, 3.625, 9.125], "texture": "#0"},
				"south": {"uv": [8.375, 5.375, 8.75, 5.5], "texture": "#0"},
				"west": {"uv": [3.625, 9, 3.75, 9.125], "texture": "#0"},
				"up": {"uv": [8.75, 5.625, 8.375, 5.5], "texture": "#0"},
				"down": {"uv": [8.75, 5.625, 8.375, 5.75], "texture": "#0"}
			}
		},
		{
			"from": [11.83918, 0.475, 4.81927],
			"to": [12.88918, 1.525, 7.96927],
			"rotation": {"angle": -22.5, "axis": "y", "origin": [11.83918, -7.4, 5.34427]},
			"faces": {
				"north": {"uv": [3.75, 9, 3.875, 9.125], "texture": "#0"},
				"east": {"uv": [8.375, 5.75, 8.75, 5.875], "texture": "#0"},
				"south": {"uv": [3.875, 9, 4, 9.125], "texture": "#0"},
				"west": {"uv": [5.875, 8.375, 6.25, 8.5], "texture": "#0"},
				"up": {"uv": [3.25, 8.75, 3.125, 8.375], "texture": "#0"},
				"down": {"uv": [5.25, 8.375, 5.125, 8.75], "texture": "#0"}
			}
		},
		{
			"from": [10.99009, 0.475, 4.85923],
			"to": [12.04009, 1.525, 8.00923],
			"rotation": {"angle": 0, "axis": "y", "origin": [12.04009, -7.4, 5.38423]},
			"faces": {
				"north": {"uv": [4, 9, 4.125, 9.125], "texture": "#0"},
				"east": {"uv": [8.375, 5.875, 8.75, 6], "texture": "#0"},
				"south": {"uv": [4.125, 9, 4.25, 9.125], "texture": "#0"},
				"west": {"uv": [8.375, 6, 8.75, 6.125], "texture": "#0"},
				"up": {"uv": [5.375, 8.75, 5.25, 8.375], "texture": "#0"},
				"down": {"uv": [6.375, 8.375, 6.25, 8.75], "texture": "#0"}
			}
		},
		{
			"from": [10.14099, 0.475, 4.81927],
			"to": [11.19099, 1.525, 7.96927],
			"rotation": {"angle": 22.5, "axis": "y", "origin": [11.19099, -7.4, 5.34427]},
			"faces": {
				"north": {"uv": [9, 4.125, 9.125, 4.25], "texture": "#0"},
				"east": {"uv": [6.375, 8.375, 6.75, 8.5], "texture": "#0"},
				"south": {"uv": [4.25, 9, 4.375, 9.125], "texture": "#0"},
				"west": {"uv": [8.375, 7.125, 8.75, 7.25], "texture": "#0"},
				"up": {"uv": [6.875, 8.75, 6.75, 8.375], "texture": "#0"},
				"down": {"uv": [7, 8.375, 6.875, 8.75], "texture": "#0"}
			}
		},
		{
			"from": [9.86624, 0.475, 5.63228],
			"to": [13.01624, 1.525, 6.68228],
			"rotation": {"angle": -45, "axis": "y", "origin": [10.39124, -7.4, 5.63228]},
			"faces": {
				"north": {"uv": [7.875, 8.375, 8.25, 8.5], "texture": "#0"},
				"east": {"uv": [9, 4.25, 9.125, 4.375], "texture": "#0"},
				"south": {"uv": [8.375, 8, 8.75, 8.125], "texture": "#0"},
				"west": {"uv": [4.375, 9, 4.5, 9.125], "texture": "#0"},
				"up": {"uv": [8.75, 8.25, 8.375, 8.125], "texture": "#0"},
				"down": {"uv": [8.625, 8.375, 8.25, 8.5], "texture": "#0"}
			}
		},
		{
			"from": [9.23759, 0.475, 6.20442],
			"to": [12.38759, 1.525, 7.25442],
			"rotation": {"angle": -22.5, "axis": "y", "origin": [9.76259, -7.4, 6.20442]},
			"faces": {
				"north": {"uv": [0.25, 8.5, 0.625, 8.625], "texture": "#0"},
				"east": {"uv": [9, 4.375, 9.125, 4.5], "texture": "#0"},
				"south": {"uv": [8.5, 0.25, 8.875, 0.375], "texture": "#0"},
				"west": {"uv": [4.5, 9, 4.625, 9.125], "texture": "#0"},
				"up": {"uv": [8.875, 0.875, 8.5, 0.75], "texture": "#0"},
				"down": {"uv": [8.875, 0.875, 8.5, 1], "texture": "#0"}
			}
		},
		{
			"from": [8.87573, 0.475, 6.97358],
			"to": [12.02573, 1.525, 8.02358],
			"rotation": {"angle": 0, "axis": "y", "origin": [8.87573, -7.925, 8.02358]},
			"faces": {
				"north": {"uv": [8.5, 1, 8.875, 1.125], "texture": "#0"},
				"east": {"uv": [9, 4.5, 9.125, 4.625], "texture": "#0"},
				"south": {"uv": [8.5, 1.125, 8.875, 1.25], "texture": "#0"},
				"west": {"uv": [4.625, 9, 4.75, 9.125], "texture": "#0"},
				"up": {"uv": [1.625, 8.625, 1.25, 8.5], "texture": "#0"},
				"down": {"uv": [8.875, 1.25, 8.5, 1.375], "texture": "#0"}
			}
		},
		{
			"from": [5.23759, 7.975, 7.74275],
			"to": [8.38759, 9.025, 8.79275],
			"rotation": {"angle": 22.5, "axis": "y", "origin": [5.76259, 0.1, 8.79275]},
			"faces": {
				"north": {"uv": [8.5, 1.5, 8.875, 1.625], "texture": "#0"},
				"east": {"uv": [4.75, 9, 4.875, 9.125], "texture": "#0"},
				"south": {"uv": [8.5, 1.625, 8.875, 1.75], "texture": "#0"},
				"west": {"uv": [4.875, 9, 5, 9.125], "texture": "#0"},
				"up": {"uv": [8.875, 1.875, 8.5, 1.75], "texture": "#0"},
				"down": {"uv": [2.375, 8.5, 2, 8.625], "texture": "#0"}
			}
		},
		{
			"from": [5.86624, 7.975, 8.31489],
			"to": [7.96624, 9.025, 9.36489],
			"rotation": {"angle": 45, "axis": "y", "origin": [6.39124, 0.1, 9.36489]},
			"faces": {
				"north": {"uv": [4.875, 8.875, 5.125, 9], "texture": "#0"},
				"east": {"uv": [5, 9, 5.125, 9.125], "texture": "#0"},
				"south": {"uv": [8.875, 4.875, 9.125, 5], "texture": "#0"},
				"west": {"uv": [5.5, 9, 5.625, 9.125], "texture": "#0"},
				"up": {"uv": [5.875, 9, 5.625, 8.875], "texture": "#0"},
				"down": {"uv": [6.25, 8.875, 6, 9], "texture": "#0"}
			}
		},
		{
			"from": [6.14099, 7.975, 7.0279],
			"to": [7.19099, 9.025, 10.1779],
			"rotation": {"angle": -22.5, "axis": "y", "origin": [7.19099, 0.1, 9.6529]},
			"faces": {
				"north": {"uv": [5.625, 9, 5.75, 9.125], "texture": "#0"},
				"east": {"uv": [2.375, 8.5, 2.75, 8.625], "texture": "#0"},
				"south": {"uv": [5.75, 9, 5.875, 9.125], "texture": "#0"},
				"west": {"uv": [2.75, 8.5, 3.125, 8.625], "texture": "#0"},
				"up": {"uv": [0.875, 8.875, 0.75, 8.5], "texture": "#0"},
				"down": {"uv": [1.75, 8.5, 1.625, 8.875], "texture": "#0"}
			}
		},
		{
			"from": [6.99009, 7.975, 6.98794],
			"to": [8.04009, 9.025, 10.13794],
			"rotation": {"angle": 0, "axis": "y", "origin": [8.04009, 0.1, 9.61294]},
			"faces": {
				"north": {"uv": [6, 9, 6.125, 9.125], "texture": "#0"},
				"east": {"uv": [8.5, 2.875, 8.875, 3], "texture": "#0"},
				"south": {"uv": [6.125, 9, 6.25, 9.125], "texture": "#0"},
				"west": {"uv": [8.5, 3.625, 8.875, 3.75], "texture": "#0"},
				"up": {"uv": [1.875, 8.875, 1.75, 8.5], "texture": "#0"},
				"down": {"uv": [8.625, 4.25, 8.5, 4.625], "texture": "#0"}
			}
		},
		{
			"from": [7.83918, 7.975, 7.0279],
			"to": [8.88918, 9.025, 10.1779],
			"rotation": {"angle": 22.5, "axis": "y", "origin": [7.83918, 0.1, 9.6529]},
			"faces": {
				"north": {"uv": [9, 6.125, 9.125, 6.25], "texture": "#0"},
				"east": {"uv": [8.5, 3.75, 8.875, 3.875], "texture": "#0"},
				"south": {"uv": [6.25, 9, 6.375, 9.125], "texture": "#0"},
				"west": {"uv": [8.5, 3.875, 8.875, 4], "texture": "#0"},
				"up": {"uv": [4.5, 8.875, 4.375, 8.5], "texture": "#0"},
				"down": {"uv": [4.625, 8.5, 4.5, 8.875], "texture": "#0"}
			}
		},
		{
			"from": [6.01393, 7.975, 8.31489],
			"to": [9.16393, 9.025, 9.36489],
			"rotation": {"angle": -45, "axis": "y", "origin": [8.63893, 0.1, 9.36489]},
			"faces": {
				"north": {"uv": [4.625, 8.5, 5, 8.625], "texture": "#0"},
				"east": {"uv": [9, 6.25, 9.125, 6.375], "texture": "#0"},
				"south": {"uv": [8.5, 4.625, 8.875, 4.75], "texture": "#0"},
				"west": {"uv": [6.375, 9, 6.5, 9.125], "texture": "#0"},
				"up": {"uv": [8.875, 4.875, 8.5, 4.75], "texture": "#0"},
				"down": {"uv": [8.875, 4.875, 8.5, 5], "texture": "#0"}
			}
		},
		{
			"from": [6.64259, 7.975, 7.74275],
			"to": [9.79259, 9.025, 8.79275],
			"rotation": {"angle": -22.5, "axis": "y", "origin": [9.26759, 0.1, 8.79275]},
			"faces": {
				"north": {"uv": [5.875, 8.5, 6.25, 8.625], "texture": "#0"},
				"east": {"uv": [9, 6.375, 9.125, 6.5], "texture": "#0"},
				"south": {"uv": [6.375, 8.5, 6.75, 8.625], "texture": "#0"},
				"west": {"uv": [6.5, 9, 6.625, 9.125], "texture": "#0"},
				"up": {"uv": [8.875, 7.375, 8.5, 7.25], "texture": "#0"},
				"down": {"uv": [8.875, 7.375, 8.5, 7.5], "texture": "#0"}
			}
		},
		{
			"from": [7.00444, 7.975, 6.97358],
			"to": [10.15444, 9.025, 8.02358],
			"rotation": {"angle": 0, "axis": "y", "origin": [10.15444, -0.425, 8.02358]},
			"faces": {
				"north": {"uv": [8.5, 7.5, 8.875, 7.625], "texture": "#0"},
				"east": {"uv": [9, 6.5, 9.125, 6.625], "texture": "#0"},
				"south": {"uv": [8.5, 7.625, 8.875, 7.75], "texture": "#0"},
				"west": {"uv": [6.625, 9, 6.75, 9.125], "texture": "#0"},
				"up": {"uv": [8.875, 7.875, 8.5, 7.75], "texture": "#0"},
				"down": {"uv": [8.25, 8.5, 7.875, 8.625], "texture": "#0"}
			}
		},
		{
			"from": [6.64259, 7.975, 6.20442],
			"to": [9.79259, 9.025, 7.25442],
			"rotation": {"angle": 22.5, "axis": "y", "origin": [9.26759, 0.1, 6.20442]},
			"faces": {
				"north": {"uv": [8.5, 7.875, 8.875, 8], "texture": "#0"},
				"east": {"uv": [9, 6.625, 9.125, 6.75], "texture": "#0"},
				"south": {"uv": [8.25, 8.5, 8.625, 8.625], "texture": "#0"},
				"west": {"uv": [6.75, 9, 6.875, 9.125], "texture": "#0"},
				"up": {"uv": [0.375, 8.75, 0, 8.625], "texture": "#0"},
				"down": {"uv": [0.75, 8.625, 0.375, 8.75], "texture": "#0"}
			}
		},
		{
			"from": [6.01393, 7.975, 5.63228],
			"to": [9.16393, 9.025, 6.68228],
			"rotation": {"angle": 45, "axis": "y", "origin": [8.63893, 0.1, 5.63228]},
			"faces": {
				"north": {"uv": [8.625, 0.375, 9, 0.5], "texture": "#0"},
				"east": {"uv": [9, 6.75, 9.125, 6.875], "texture": "#0"},
				"south": {"uv": [8.625, 0.5, 9, 0.625], "texture": "#0"},
				"west": {"uv": [6.875, 9, 7, 9.125], "texture": "#0"},
				"up": {"uv": [9, 0.75, 8.625, 0.625], "texture": "#0"},
				"down": {"uv": [1.25, 8.625, 0.875, 8.75], "texture": "#0"}
			}
		},
		{
			"from": [7.83918, 7.975, 4.81927],
			"to": [8.88918, 9.025, 7.96927],
			"rotation": {"angle": -22.5, "axis": "y", "origin": [7.83918, 0.1, 5.34427]},
			"faces": {
				"north": {"uv": [9, 6.875, 9.125, 7], "texture": "#0"},
				"east": {"uv": [1.25, 8.625, 1.625, 8.75], "texture": "#0"},
				"south": {"uv": [7, 9, 7.125, 9.125], "texture": "#0"},
				"west": {"uv": [2, 8.625, 2.375, 8.75], "texture": "#0"},
				"up": {"uv": [5.125, 8.875, 5, 8.5], "texture": "#0"},
				"down": {"uv": [5.5, 8.5, 5.375, 8.875], "texture": "#0"}
			}
		},
		{
			"from": [6.99009, 7.975, 4.85923],
			"to": [8.04009, 9.025, 8.00923],
			"rotation": {"angle": 0, "axis": "y", "origin": [8.04009, 0.1, 5.38423]},
			"faces": {
				"north": {"uv": [9, 7, 9.125, 7.125], "texture": "#0"},
				"east": {"uv": [2.375, 8.625, 2.75, 8.75], "texture": "#0"},
				"south": {"uv": [7.125, 9, 7.25, 9.125], "texture": "#0"},
				"west": {"uv": [8.625, 2.5, 9, 2.625], "texture": "#0"},
				"up": {"uv": [2.875, 9, 2.75, 8.625], "texture": "#0"},
				"down": {"uv": [3, 8.625, 2.875, 9], "texture": "#0"}
			}
		},
		{
			"from": [6.14099, 7.975, 4.81927],
			"to": [7.19099, 9.025, 7.96927],
			"rotation": {"angle": 22.5, "axis": "y", "origin": [7.19099, 0.1, 5.34427]},
			"faces": {
				"north": {"uv": [9, 7.25, 9.125, 7.375], "texture": "#0"},
				"east": {"uv": [8.625, 2.625, 9, 2.75], "texture": "#0"},
				"south": {"uv": [7.375, 9, 7.5, 9.125], "texture": "#0"},
				"west": {"uv": [8.625, 2.75, 9, 2.875], "texture": "#0"},
				"up": {"uv": [3.125, 9, 3, 8.625], "texture": "#0"},
				"down": {"uv": [3.375, 8.625, 3.25, 9], "texture": "#0"}
			}
		},
		{
			"from": [5.86624, 7.975, 5.63228],
			"to": [9.01624, 9.025, 6.68228],
			"rotation": {"angle": -45, "axis": "y", "origin": [6.39124, 0.1, 5.63228]},
			"faces": {
				"north": {"uv": [8.625, 3, 9, 3.125], "texture": "#0"},
				"east": {"uv": [9, 7.375, 9.125, 7.5], "texture": "#0"},
				"south": {"uv": [8.625, 3.125, 9, 3.25], "texture": "#0"},
				"west": {"uv": [7.5, 9, 7.625, 9.125], "texture": "#0"},
				"up": {"uv": [3.75, 8.75, 3.375, 8.625], "texture": "#0"},
				"down": {"uv": [4.125, 8.625, 3.75, 8.75], "texture": "#0"}
			}
		},
		{
			"from": [5.23759, 7.975, 6.20442],
			"to": [8.38759, 9.025, 7.25442],
			"rotation": {"angle": -22.5, "axis": "y", "origin": [5.76259, 0.1, 6.20442]},
			"faces": {
				"north": {"uv": [8.625, 4.125, 9, 4.25], "texture": "#0"},
				"east": {"uv": [9, 7.5, 9.125, 7.625], "texture": "#0"},
				"south": {"uv": [8.625, 4.25, 9, 4.375], "texture": "#0"},
				"west": {"uv": [7.625, 9, 7.75, 9.125], "texture": "#0"},
				"up": {"uv": [9, 4.5, 8.625, 4.375], "texture": "#0"},
				"down": {"uv": [9, 4.5, 8.625, 4.625], "texture": "#0"}
			}
		},
		{
			"from": [4.87573, 7.975, 6.97358],
			"to": [8.02573, 9.025, 8.02358],
			"rotation": {"angle": 0, "axis": "y", "origin": [4.87573, -0.425, 8.02358]},
			"faces": {
				"north": {"uv": [4.625, 8.625, 5, 8.75], "texture": "#0"},
				"east": {"uv": [9, 7.625, 9.125, 7.75], "texture": "#0"},
				"south": {"uv": [5.875, 8.625, 6.25, 8.75], "texture": "#0"},
				"west": {"uv": [7.75, 9, 7.875, 9.125], "texture": "#0"},
				"up": {"uv": [9, 6.25, 8.625, 6.125], "texture": "#0"},
				"down": {"uv": [9, 6.25, 8.625, 6.375], "texture": "#0"}
			}
		},
		{
			"from": [5.23759, 0.475, 7.74275],
			"to": [8.38759, 1.525, 8.79275],
			"rotation": {"angle": 22.5, "axis": "y", "origin": [5.76259, -7.4, 8.79275]},
			"faces": {
				"north": {"uv": [6.375, 8.625, 6.75, 8.75], "texture": "#0"},
				"east": {"uv": [9, 7.75, 9.125, 7.875], "texture": "#0"},
				"south": {"uv": [8.625, 6.375, 9, 6.5], "texture": "#0"},
				"west": {"uv": [7.875, 9, 8, 9.125], "texture": "#0"},
				"up": {"uv": [9, 6.625, 8.625, 6.5], "texture": "#0"},
				"down": {"uv": [9, 6.625, 8.625, 6.75], "texture": "#0"}
			}
		},
		{
			"from": [5.86624, 0.475, 8.31489],
			"to": [7.96624, 1.525, 9.36489],
			"rotation": {"angle": 45, "axis": "y", "origin": [6.39124, -7.4, 9.36489]},
			"faces": {
				"north": {"uv": [6.25, 8.875, 6.5, 9], "texture": "#0"},
				"east": {"uv": [9, 7.875, 9.125, 8], "texture": "#0"},
				"south": {"uv": [6.5, 8.875, 6.75, 9], "texture": "#0"},
				"west": {"uv": [8, 9, 8.125, 9.125], "texture": "#0"},
				"up": {"uv": [7, 9, 6.75, 8.875], "texture": "#0"},
				"down": {"uv": [7.25, 8.875, 7, 9], "texture": "#0"}
			}
		},
		{
			"from": [6.14099, 0.475, 7.0279],
			"to": [7.19099, 1.525, 10.1779],
			"rotation": {"angle": -22.5, "axis": "y", "origin": [7.19099, -7.4, 9.6529]},
			"faces": {
				"north": {"uv": [8.125, 9, 8.25, 9.125], "texture": "#0"},
				"east": {"uv": [8.625, 6.75, 9, 6.875], "texture": "#0"},
				"south": {"uv": [8.25, 9, 8.375, 9.125], "texture": "#0"},
				"west": {"uv": [8.625, 6.875, 9, 7], "texture": "#0"},
				"up": {"uv": [4.25, 9, 4.125, 8.625], "texture": "#0"},
				"down": {"uv": [4.375, 8.625, 4.25, 9], "texture": "#0"}
			}
		},
		{
			"from": [6.99009, 0.475, 6.98794],
			"to": [8.04009, 1.525, 10.13794],
			"rotation": {"angle": 0, "axis": "y", "origin": [8.04009, -7.4, 9.61294]},
			"faces": {
				"north": {"uv": [9, 8.25, 9.125, 8.375], "texture": "#0"},
				"east": {"uv": [7, 8.625, 7.375, 8.75], "texture": "#0"},
				"south": {"uv": [8.375, 9, 8.5, 9.125], "texture": "#0"},
				"west": {"uv": [8.625, 7, 9, 7.125], "texture": "#0"},
				"up": {"uv": [5.625, 9, 5.5, 8.625], "texture": "#0"},
				"down": {"uv": [8, 8.625, 7.875, 9], "texture": "#0"}
			}
		},
		{
			"from": [7.83918, 0.475, 7.0279],
			"to": [8.88918, 1.525, 10.1779],
			"rotation": {"angle": 22.5, "axis": "y", "origin": [7.83918, -7.4, 9.6529]},
			"faces": {
				"north": {"uv": [8.5, 9, 8.625, 9.125], "texture": "#0"},
				"east": {"uv": [8, 8.625, 8.375, 8.75], "texture": "#0"},
				"south": {"uv": [8.625, 9, 8.75, 9.125], "texture": "#0"},
				"west": {"uv": [8.625, 8.25, 9, 8.375], "texture": "#0"},
				"up": {"uv": [8.5, 9, 8.375, 8.625], "texture": "#0"},
				"down": {"uv": [8.75, 8.375, 8.625, 8.75], "texture": "#0"}
			}
		},
		{
			"from": [6.01393, 0.475, 8.31489],
			"to": [9.16393, 1.525, 9.36489],
			"rotation": {"angle": -45, "axis": "y", "origin": [8.63893, -7.4, 9.36489]},
			"faces": {
				"north": {"uv": [0, 8.75, 0.375, 8.875], "texture": "#0"},
				"east": {"uv": [8.75, 9, 8.875, 9.125], "texture": "#0"},
				"south": {"uv": [0.375, 8.75, 0.75, 8.875], "texture": "#0"},
				"west": {"uv": [9, 8.75, 9.125, 8.875], "texture": "#0"},
				"up": {"uv": [1.25, 8.875, 0.875, 8.75], "texture": "#0"},
				"down": {"uv": [1.625, 8.75, 1.25, 8.875], "texture": "#0"}
			}
		},
		{
			"from": [6.64259, 0.475, 7.74275],
			"to": [9.79259, 1.525, 8.79275],
			"rotation": {"angle": -22.5, "axis": "y", "origin": [9.26759, -7.4, 8.79275]},
			"faces": {
				"north": {"uv": [8.75, 1.375, 9.125, 1.5], "texture": "#0"},
				"east": {"uv": [8.875, 9, 9, 9.125], "texture": "#0"},
				"south": {"uv": [1.875, 8.75, 2.25, 8.875], "texture": "#0"},
				"west": {"uv": [9, 8.875, 9.125, 9], "texture": "#0"},
				"up": {"uv": [9.125, 2, 8.75, 1.875], "texture": "#0"},
				"down": {"uv": [9.125, 2, 8.75, 2.125], "texture": "#0"}
			}
		},
		{
			"from": [7.00444, 0.475, 6.97358],
			"to": [10.15444, 1.525, 8.02358],
			"rotation": {"angle": 0, "axis": "y", "origin": [10.15444, -7.925, 8.02358]},
			"faces": {
				"north": {"uv": [8.75, 2.125, 9.125, 2.25], "texture": "#0"},
				"east": {"uv": [9, 9, 9.125, 9.125], "texture": "#0"},
				"south": {"uv": [2.25, 8.75, 2.625, 8.875], "texture": "#0"},
				"west": {"uv": [0, 9.125, 0.125, 9.25], "texture": "#0"},
				"up": {"uv": [9.125, 2.375, 8.75, 2.25], "texture": "#0"},
				"down": {"uv": [9.125, 2.375, 8.75, 2.5], "texture": "#0"}
			}
		},
		{
			"from": [6.64259, 0.475, 6.20442],
			"to": [9.79259, 1.525, 7.25442],
			"rotation": {"angle": 22.5, "axis": "y", "origin": [9.26759, -7.4, 6.20442]},
			"faces": {
				"north": {"uv": [8.75, 3.25, 9.125, 3.375], "texture": "#0"},
				"east": {"uv": [9.125, 0, 9.25, 0.125], "texture": "#0"},
				"south": {"uv": [3.375, 8.75, 3.75, 8.875], "texture": "#0"},
				"west": {"uv": [0.125, 9.125, 0.25, 9.25], "texture": "#0"},
				"up": {"uv": [9.125, 3.5, 8.75, 3.375], "texture": "#0"},
				"down": {"uv": [9.125, 3.5, 8.75, 3.625], "texture": "#0"}
			}
		},
		{
			"from": [6.01393, 0.475, 5.63228],
			"to": [9.16393, 1.525, 6.68228],
			"rotation": {"angle": 45, "axis": "y", "origin": [8.63893, -7.4, 5.63228]},
			"faces": {
				"north": {"uv": [3.75, 8.75, 4.125, 8.875], "texture": "#0"},
				"east": {"uv": [9.125, 0.125, 9.25, 0.25], "texture": "#0"},
				"south": {"uv": [8.75, 4, 9.125, 4.125], "texture": "#0"},
				"west": {"uv": [0.25, 9.125, 0.375, 9.25], "texture": "#0"},
				"up": {"uv": [5, 8.875, 4.625, 8.75], "texture": "#0"},
				"down": {"uv": [9.125, 5, 8.75, 5.125], "texture": "#0"}
			}
		},
		{
			"from": [7.83918, 0.475, 4.81927],
			"to": [8.88918, 1.525, 7.96927],
			"rotation": {"angle": -22.5, "axis": "y", "origin": [7.83918, -7.4, 5.34427]},
			"faces": {
				"north": {"uv": [0.375, 9.125, 0.5, 9.25], "texture": "#0"},
				"east": {"uv": [8.75, 5.125, 9.125, 5.25], "texture": "#0"},
				"south": {"uv": [9.125, 0.375, 9.25, 0.5], "texture": "#0"},
				"west": {"uv": [8.75, 5.25, 9.125, 5.375], "texture": "#0"},
				"up": {"uv": [8.625, 9, 8.5, 8.625], "texture": "#0"},
				"down": {"uv": [2.75, 8.75, 2.625, 9.125], "texture": "#0"}
			}
		},
		{
			"from": [6.99009, 0.475, 4.85923],
			"to": [8.04009, 1.525, 8.00923],
			"rotation": {"angle": 0, "axis": "y", "origin": [8.04009, -7.4, 5.38423]},
			"faces": {
				"north": {"uv": [0.5, 9.125, 0.625, 9.25], "texture": "#0"},
				"east": {"uv": [8.75, 5.375, 9.125, 5.5], "texture": "#0"},
				"south": {"uv": [9.125, 0.5, 9.25, 0.625], "texture": "#0"},
				"west": {"uv": [8.75, 5.5, 9.125, 5.625], "texture": "#0"},
				"up": {"uv": [3.25, 9.125, 3.125, 8.75], "texture": "#0"},
				"down": {"uv": [5.25, 8.75, 5.125, 9.125], "texture": "#0"}
			}
		},
		{
			"from": [6.14099, 0.475, 4.81927],
			"to": [7.19099, 1.525, 7.96927],
			"rotation": {"angle": 22.5, "axis": "y", "origin": [7.19099, -7.4, 5.34427]},
			"faces": {
				"north": {"uv": [0.625, 9.125, 0.75, 9.25], "texture": "#0"},
				"east": {"uv": [8.75, 5.625, 9.125, 5.75], "texture": "#0"},
				"south": {"uv": [9.125, 0.625, 9.25, 0.75], "texture": "#0"},
				"west": {"uv": [8.75, 5.75, 9.125, 5.875], "texture": "#0"},
				"up": {"uv": [5.375, 9.125, 5.25, 8.75], "texture": "#0"},
				"down": {"uv": [6, 8.75, 5.875, 9.125], "texture": "#0"}
			}
		},
		{
			"from": [5.86624, 0.475, 5.63228],
			"to": [9.01624, 1.525, 6.68228],
			"rotation": {"angle": -45, "axis": "y", "origin": [6.39124, -7.4, 5.63228]},
			"faces": {
				"north": {"uv": [8.75, 5.875, 9.125, 6], "texture": "#0"},
				"east": {"uv": [0.75, 9.125, 0.875, 9.25], "texture": "#0"},
				"south": {"uv": [6, 8.75, 6.375, 8.875], "texture": "#0"},
				"west": {"uv": [0.875, 9.125, 1, 9.25], "texture": "#0"},
				"up": {"uv": [9.125, 6.125, 8.75, 6], "texture": "#0"},
				"down": {"uv": [6.75, 8.75, 6.375, 8.875], "texture": "#0"}
			}
		},
		{
			"from": [5.23759, 0.475, 6.20442],
			"to": [8.38759, 1.525, 7.25442],
			"rotation": {"angle": -22.5, "axis": "y", "origin": [5.76259, -7.4, 6.20442]},
			"faces": {
				"north": {"uv": [6.75, 8.75, 7.125, 8.875], "texture": "#0"},
				"east": {"uv": [1, 9.125, 1.125, 9.25], "texture": "#0"},
				"south": {"uv": [7.125, 8.75, 7.5, 8.875], "texture": "#0"},
				"west": {"uv": [1.125, 9.125, 1.25, 9.25], "texture": "#0"},
				"up": {"uv": [9.125, 7.25, 8.75, 7.125], "texture": "#0"},
				"down": {"uv": [7.875, 8.75, 7.5, 8.875], "texture": "#0"}
			}
		},
		{
			"from": [4.87573, 0.475, 6.97358],
			"to": [8.02573, 1.525, 8.02358],
			"rotation": {"angle": 0, "axis": "y", "origin": [4.87573, -7.925, 8.02358]},
			"faces": {
				"north": {"uv": [8, 8.75, 8.375, 8.875], "texture": "#0"},
				"east": {"uv": [1.25, 9.125, 1.375, 9.25], "texture": "#0"},
				"south": {"uv": [8.75, 8, 9.125, 8.125], "texture": "#0"},
				"west": {"uv": [1.375, 9.125, 1.5, 9.25], "texture": "#0"},
				"up": {"uv": [9.125, 8.25, 8.75, 8.125], "texture": "#0"},
				"down": {"uv": [9.125, 8.375, 8.75, 8.5], "texture": "#0"}
			}
		},
		{
			"from": [8.20091, 1, 8.65085],
			"to": [10.00091, 9.5, 9.25085],
			"rotation": {"angle": 22.5, "axis": "y", "origin": [8.50091, 2.3, 9.25085]},
			"faces": {
				"north": {"uv": [0.75, 5.75, 1, 6.8125], "texture": "#0"},
				"east": {"uv": [5.375, 7.375, 5.4375, 8.4375], "texture": "#0"},
				"south": {"uv": [1, 5.75, 1.25, 6.8125], "texture": "#0"},
				"west": {"uv": [7.5, 0.25, 7.5625, 1.3125], "texture": "#0"},
				"up": {"uv": [9.375, 1.4375, 9.125, 1.375], "texture": "#0"},
				"down": {"uv": [1.75, 9.125, 1.5, 9.1875], "texture": "#0"}
			}
		},
		{
			"from": [8.56014, 1, 8.97779],
			"to": [9.76014, 9.5, 9.57779],
			"rotation": {"angle": 45, "axis": "y", "origin": [8.86014, 2.3, 9.57779]},
			"faces": {
				"north": {"uv": [6.625, 7.25, 6.75, 8.3125], "texture": "#0"},
				"east": {"uv": [7.5, 1.375, 7.5625, 2.4375], "texture": "#0"},
				"south": {"uv": [6.75, 7.25, 6.875, 8.3125], "texture": "#0"},
				"west": {"uv": [3.375, 7.5, 3.4375, 8.5625], "texture": "#0"},
				"up": {"uv": [9.25, 5.5625, 9.125, 5.5], "texture": "#0"},
				"down": {"uv": [5.75, 9.125, 5.625, 9.1875], "texture": "#0"}
			}
		},
		{
			"from": [8.71714, 1, 8.24237],
			"to": [9.31714, 9.5, 10.04237],
			"rotation": {"angle": -22.5, "axis": "y", "origin": [9.31714, 2.3, 9.74237]},
			"faces": {
				"north": {"uv": [3.5, 7.5, 3.5625, 8.5625], "texture": "#0"},
				"east": {"uv": [1.25, 5.75, 1.5, 6.8125], "texture": "#0"},
				"south": {"uv": [3.625, 7.5, 3.6875, 8.5625], "texture": "#0"},
				"west": {"uv": [6, 0, 6.25, 1.0625], "texture": "#0"},
				"up": {"uv": [1.8125, 9.375, 1.75, 9.125], "texture": "#0"},
				"down": {"uv": [9.1875, 1.75, 9.125, 2], "texture": "#0"}
			}
		},
		{
			"from": [9.20234, 1, 8.21953],
			"to": [9.80234, 9.5, 10.01953],
			"rotation": {"angle": 0, "axis": "y", "origin": [9.80234, 2.3, 9.71953]},
			"faces": {
				"north": {"uv": [3.75, 7.5, 3.8125, 8.5625], "texture": "#0"},
				"east": {"uv": [6, 1.125, 6.25, 2.1875], "texture": "#0"},
				"south": {"uv": [3.875, 7.5, 3.9375, 8.5625], "texture": "#0"},
				"west": {"uv": [1.5, 6, 1.75, 7.0625], "texture": "#0"},
				"up": {"uv": [1.9375, 9.375, 1.875, 9.125], "texture": "#0"},
				"down": {"uv": [2.0625, 9.125, 2, 9.375], "texture": "#0"}
			}
		},
		{
			"from": [9.68753, 1, 8.24237],
			"to": [10.28753, 9.5, 10.04237],
			"rotation": {"angle": 22.5, "axis": "y", "origin": [9.68753, 2.3, 9.74237]},
			"faces": {
				"north": {"uv": [4, 7.5, 4.0625, 8.5625], "texture": "#0"},
				"east": {"uv": [1.75, 6, 2, 7.0625], "texture": "#0"},
				"south": {"uv": [4.125, 7.5, 4.1875, 8.5625], "texture": "#0"},
				"west": {"uv": [2, 6, 2.25, 7.0625], "texture": "#0"},
				"up": {"uv": [9.1875, 2.25, 9.125, 2], "texture": "#0"},
				"down": {"uv": [2.1875, 9.125, 2.125, 9.375], "texture": "#0"}
			}
		},
		{
			"from": [8.64453, 1, 8.97779],
			"to": [10.44453, 9.5, 9.57779],
			"rotation": {"angle": -45, "axis": "y", "origin": [10.14453, 2.3, 9.57779]},
			"faces": {
				"north": {"uv": [2.25, 6, 2.5, 7.0625], "texture": "#0"},
				"east": {"uv": [5.5, 7.5, 5.5625, 8.5625], "texture": "#0"},
				"south": {"uv": [6, 2.25, 6.25, 3.3125], "texture": "#0"},
				"west": {"uv": [7, 7.5, 7.0625, 8.5625], "texture": "#0"},
				"up": {"uv": [2.5, 9.1875, 2.25, 9.125], "texture": "#0"},
				"down": {"uv": [9.375, 2.25, 9.125, 2.3125], "texture": "#0"}
			}
		},
		{
			"from": [9.00377, 1, 8.65085],
			"to": [10.80377, 9.5, 9.25085],
			"rotation": {"angle": -22.5, "axis": "y", "origin": [10.50377, 2.3, 9.25085]},
			"faces": {
				"north": {"uv": [2.5, 6, 2.75, 7.0625], "texture": "#0"},
				"east": {"uv": [7.125, 7.5, 7.1875, 8.5625], "texture": "#0"},
				"south": {"uv": [2.75, 6, 3, 7.0625], "texture": "#0"},
				"west": {"uv": [7.25, 7.5, 7.3125, 8.5625], "texture": "#0"},
				"up": {"uv": [9.375, 2.4375, 9.125, 2.375], "texture": "#0"},
				"down": {"uv": [2.75, 9.125, 2.5, 9.1875], "texture": "#0"}
			}
		},
		{
			"from": [9.21054, 1, 8.21133],
			"to": [11.01054, 9.5, 8.81133],
			"rotation": {"angle": 0, "axis": "y", "origin": [11.01054, 2, 8.81133]},
			"faces": {
				"north": {"uv": [3, 6, 3.25, 7.0625], "texture": "#0"},
				"east": {"uv": [7.625, 0.25, 7.6875, 1.3125], "texture": "#0"},
				"south": {"uv": [6, 3.375, 6.25, 4.4375], "texture": "#0"},
				"west": {"uv": [7.625, 1.375, 7.6875, 2.4375], "texture": "#0"},
				"up": {"uv": [9.375, 2.5625, 9.125, 2.5], "texture": "#0"},
				"down": {"uv": [9.375, 2.625, 9.125, 2.6875], "texture": "#0"}
			}
		},
		{
			"from": [9.00377, 1, 7.77181],
			"to": [10.80377, 9.5, 8.37181],
			"rotation": {"angle": 22.5, "axis": "y", "origin": [10.50377, 2.3, 7.77181]},
			"faces": {
				"north": {"uv": [5.875, 6, 6.125, 7.0625], "texture": "#0"},
				"east": {"uv": [7.625, 4.25, 7.6875, 5.3125], "texture": "#0"},
				"south": {"uv": [6.125, 6, 6.375, 7.0625], "texture": "#0"},
				"west": {"uv": [7.625, 5.375, 7.6875, 6.4375], "texture": "#0"},
				"up": {"uv": [3, 9.1875, 2.75, 9.125], "texture": "#0"},
				"down": {"uv": [9.375, 2.75, 9.125, 2.8125], "texture": "#0"}
			}
		},
		{
			"from": [8.64453, 1, 7.44487],
			"to": [10.44453, 9.5, 8.04487],
			"rotation": {"angle": 45, "axis": "y", "origin": [10.14453, 2.3, 7.44487]},
			"faces": {
				"north": {"uv": [6.25, 0, 6.5, 1.0625], "texture": "#0"},
				"east": {"uv": [7.625, 6.5, 7.6875, 7.5625], "texture": "#0"},
				"south": {"uv": [6.25, 1.125, 6.5, 2.1875], "texture": "#0"},
				"west": {"uv": [7.375, 7.625, 7.4375, 8.6875], "texture": "#0"},
				"up": {"uv": [9.375, 2.9375, 9.125, 2.875], "texture": "#0"},
				"down": {"uv": [3.25, 9.125, 3, 9.1875], "texture": "#0"}
			}
		},
		{
			"from": [9.68753, 1, 6.98029],
			"to": [10.28753, 9.5, 8.78029],
			"rotation": {"angle": -22.5, "axis": "y", "origin": [9.68753, 2.3, 7.28029]},
			"faces": {
				"north": {"uv": [7.5, 7.625, 7.5625, 8.6875], "texture": "#0"},
				"east": {"uv": [6.25, 2.25, 6.5, 3.3125], "texture": "#0"},
				"south": {"uv": [7.625, 7.625, 7.6875, 8.6875], "texture": "#0"},
				"west": {"uv": [3.25, 6.25, 3.5, 7.3125], "texture": "#0"},
				"up": {"uv": [9.1875, 3.25, 9.125, 3], "texture": "#0"},
				"down": {"uv": [3.3125, 9.125, 3.25, 9.375], "texture": "#0"}
			}
		},
		{
			"from": [9.20234, 1, 7.00313],
			"to": [9.80234, 9.5, 8.80313],
			"rotation": {"angle": 0, "axis": "y", "origin": [9.80234, 2.3, 7.30313]},
			"faces": {
				"north": {"uv": [7.75, 0.25, 7.8125, 1.3125], "texture": "#0"},
				"east": {"uv": [6.25, 3.375, 6.5, 4.4375], "texture": "#0"},
				"south": {"uv": [7.75, 1.375, 7.8125, 2.4375], "texture": "#0"},
				"west": {"uv": [3.5, 6.25, 3.75, 7.3125], "texture": "#0"},
				"up": {"uv": [9.1875, 3.5, 9.125, 3.25], "texture": "#0"},
				"down": {"uv": [3.4375, 9.125, 3.375, 9.375], "texture": "#0"}
			}
		},
		{
			"from": [8.71714, 1, 6.98029],
			"to": [9.31714, 9.5, 8.78029],
			"rotation": {"angle": 22.5, "axis": "y", "origin": [9.31714, 2.3, 7.28029]},
			"faces": {
				"north": {"uv": [7.75, 4.25, 7.8125, 5.3125], "texture": "#0"},
				"east": {"uv": [3.75, 6.25, 4, 7.3125], "texture": "#0"},
				"south": {"uv": [7.75, 5.375, 7.8125, 6.4375], "texture": "#0"},
				"west": {"uv": [4, 6.25, 4.25, 7.3125], "texture": "#0"},
				"up": {"uv": [3.5625, 9.375, 3.5, 9.125], "texture": "#0"},
				"down": {"uv": [9.1875, 3.5, 9.125, 3.75], "texture": "#0"}
			}
		},
		{
			"from": [8.56014, 1, 7.44487],
			"to": [10.36014, 9.5, 8.04487],
			"rotation": {"angle": -45, "axis": "y", "origin": [8.86014, 2.3, 7.44487]},
			"faces": {
				"north": {"uv": [4.25, 6.25, 4.5, 7.3125], "texture": "#0"},
				"east": {"uv": [5.625, 7.75, 5.6875, 8.8125], "texture": "#0"},
				"south": {"uv": [4.5, 6.25, 4.75, 7.3125], "texture": "#0"},
				"west": {"uv": [5.75, 7.75, 5.8125, 8.8125], "texture": "#0"},
				"up": {"uv": [3.875, 9.1875, 3.625, 9.125], "texture": "#0"},
				"down": {"uv": [9.375, 3.75, 9.125, 3.8125], "texture": "#0"}
			}
		},
		{
			"from": [8.20091, 1, 7.77181],
			"to": [10.00091, 9.5, 8.37181],
			"rotation": {"angle": -22.5, "axis": "y", "origin": [8.50091, 2.3, 7.77181]},
			"faces": {
				"north": {"uv": [4.75, 6.25, 5, 7.3125], "texture": "#0"},
				"east": {"uv": [7.75, 6.5, 7.8125, 7.5625], "texture": "#0"},
				"south": {"uv": [5, 6.25, 5.25, 7.3125], "texture": "#0"},
				"west": {"uv": [7.75, 7.625, 7.8125, 8.6875], "texture": "#0"},
				"up": {"uv": [4.125, 9.1875, 3.875, 9.125], "texture": "#0"},
				"down": {"uv": [9.375, 3.875, 9.125, 3.9375], "texture": "#0"}
			}
		},
		{
			"from": [7.99414, 1, 8.21133],
			"to": [9.79414, 9.5, 8.81133],
			"rotation": {"angle": 0, "axis": "y", "origin": [7.99414, 2, 8.81133]},
			"faces": {
				"north": {"uv": [5.25, 6.25, 5.5, 7.3125], "texture": "#0"},
				"east": {"uv": [7.875, 0.25, 7.9375, 1.3125], "texture": "#0"},
				"south": {"uv": [6.375, 6, 6.625, 7.0625], "texture": "#0"},
				"west": {"uv": [7.875, 1.375, 7.9375, 2.4375], "texture": "#0"},
				"up": {"uv": [9.375, 4.0625, 9.125, 4], "texture": "#0"},
				"down": {"uv": [4.375, 9.125, 4.125, 9.1875], "texture": "#0"}
			}
		},
		{
			"from": [3, 2.5, 7.7],
			"to": [16, 6, 11.7],
			"rotation": {"angle": 0, "axis": "y", "origin": [8.5, 3, 7.7]},
			"faces": {
				"north": {"uv": [0, 1, 1.625, 1.4375], "texture": "#0"},
				"east": {"uv": [6, 4.5, 6.5, 4.9375], "texture": "#0"},
				"south": {"uv": [0, 1.5, 1.625, 1.9375], "texture": "#0"},
				"west": {"uv": [6.5, 0, 7, 0.4375], "texture": "#0"},
				"up": {"uv": [1.625, 0.5, 0, 0], "texture": "#0"},
				"down": {"uv": [1.625, 0.5, 0, 1], "texture": "#0"}
			}
		},
		{
			"from": [5.5, 1.5, 4.2],
			"to": [13.5, 7, 6.7],
			"rotation": {"angle": 0, "axis": "y", "origin": [8.5, 3, 2.7]},
			"faces": {
				"north": {"uv": [1.625, 0, 2.625, 0.6875], "texture": "#0"},
				"east": {"uv": [6.5, 0.5, 6.8125, 1.1875], "texture": "#0"},
				"south": {"uv": [1.625, 0.75, 2.625, 1.4375], "texture": "#0"},
				"west": {"uv": [6.5, 1.25, 6.8125, 1.9375], "texture": "#0"},
				"up": {"uv": [6.875, 5.5625, 5.875, 5.25], "texture": "#0"},
				"down": {"uv": [6.875, 5.625, 5.875, 5.9375], "texture": "#0"}
			}
		},
		{
			"from": [12.3, 1.4, 7.2],
			"to": [15.3, 8.9, 8.2],
			"rotation": {"angle": 22.5, "axis": "z", "origin": [14.3, 6.15, 7.45]},
			"faces": {
				"north": {"uv": [5.625, 1.25, 6, 2.1875], "texture": "#0"},
				"east": {"uv": [3.25, 1.25, 3.375, 2.1875], "texture": "#0"},
				"south": {"uv": [5.625, 2.25, 6, 3.1875], "texture": "#0"},
				"west": {"uv": [7.375, 0, 7.5, 0.9375], "texture": "#0"},
				"up": {"uv": [9.125, 8.625, 8.75, 8.5], "texture": "#0"},
				"down": {"uv": [9, 8.75, 8.625, 8.875], "texture": "#0"}
			}
		},
		{
			"from": [14.04163, -1.35574, 7.2],
			"to": [17.04163, 2.14426, 8.2],
			"rotation": {"angle": 0, "axis": "y", "origin": [16.04163, -0.60574, 7.45]},
			"faces": {
				"north": {"uv": [6.5, 2, 6.875, 2.4375], "texture": "#0"},
				"east": {"uv": [7.5, 2.5, 7.625, 2.9375], "texture": "#0"},
				"south": {"uv": [6.5, 2.5, 6.875, 2.9375], "texture": "#0"},
				"west": {"uv": [7.5, 3.25, 7.625, 3.6875], "texture": "#0"},
				"up": {"uv": [9.125, 8.75, 8.75, 8.625], "texture": "#0"},
				"down": {"uv": [0.375, 8.875, 0, 9], "texture": "#0"}
			}
		},
		{
			"from": [3.7, 1.4, 7.2],
			"to": [6.7, 8.9, 8.2],
			"rotation": {"angle": -22.5, "axis": "z", "origin": [4.7, 6.15, 7.45]},
			"faces": {
				"north": {"uv": [5.625, 3.25, 6, 4.1875], "texture": "#0"},
				"east": {"uv": [7.375, 1, 7.5, 1.9375], "texture": "#0"},
				"south": {"uv": [5.625, 4.25, 6, 5.1875], "texture": "#0"},
				"west": {"uv": [7.375, 2, 7.5, 2.9375], "texture": "#0"},
				"up": {"uv": [9.25, 0.375, 8.875, 0.25], "texture": "#0"},
				"down": {"uv": [0.75, 8.875, 0.375, 9], "texture": "#0"}
			}
		},
		{
			"from": [1.95837, -1.35574, 7.2],
			"to": [4.95837, 2.14426, 8.2],
			"rotation": {"angle": 0, "axis": "y", "origin": [2.95837, -0.60574, 7.45]},
			"faces": {
				"north": {"uv": [6.5, 3, 6.875, 3.4375], "texture": "#0"},
				"east": {"uv": [7.5, 4.25, 7.625, 4.6875], "texture": "#0"},
				"south": {"uv": [6.5, 3.5, 6.875, 3.9375], "texture": "#0"},
				"west": {"uv": [7.625, 2.5, 7.75, 2.9375], "texture": "#0"},
				"up": {"uv": [1.125, 9, 0.75, 8.875], "texture": "#0"},
				"down": {"uv": [9.25, 0.75, 8.875, 0.875], "texture": "#0"}
			}
		},
		{
			"from": [13.44163, 2.14426, 4.5],
			"to": [16.44163, 3.14426, 5.5],
			"rotation": {"angle": 0, "axis": "y", "origin": [13.44163, 1.39426, 4.75]},
			"faces": {
				"north": {"uv": [8.875, 0.875, 9.25, 1], "texture": "#0"},
				"east": {"uv": [9.125, 4.125, 9.25, 4.25], "texture": "#0"},
				"south": {"uv": [8.875, 1, 9.25, 1.125], "texture": "#0"},
				"west": {"uv": [9.125, 4.25, 9.25, 4.375], "texture": "#0"},
				"up": {"uv": [1.5, 9, 1.125, 8.875], "texture": "#0"},
				"down": {"uv": [9.25, 1.125, 8.875, 1.25], "texture": "#0"}
			}
		},
		{
			"from": [15.44163, 2.14426, -2.5],
			"to": [16.44163, 3.14426, 4.5],
			"rotation": {"angle": 0, "axis": "y", "origin": [15.94163, 2.64426, 3]},
			"faces": {
				"north": {"uv": [4.375, 9.125, 4.5, 9.25], "texture": "#0"},
				"east": {"uv": [7.375, 3, 8.25, 3.125], "texture": "#0"},
				"south": {"uv": [9.125, 4.375, 9.25, 4.5], "texture": "#0"},
				"west": {"uv": [7.375, 3.125, 8.25, 3.25], "texture": "#0"},
				"up": {"uv": [3.375, 8.25, 3.25, 7.375], "texture": "#0"},
				"down": {"uv": [7.5, 3.25, 7.375, 4.125], "texture": "#0"}
			}
		},
		{
			"from": [2.44163, 2.14426, -2.5],
			"to": [3.44163, 3.14426, 4.5],
			"rotation": {"angle": 0, "axis": "y", "origin": [2.94163, 2.64426, 3]},
			"faces": {
				"north": {"uv": [4.5, 9.125, 4.625, 9.25], "texture": "#0"},
				"east": {"uv": [3.375, 7.375, 4.25, 7.5], "texture": "#0"},
				"south": {"uv": [9.125, 4.5, 9.25, 4.625], "texture": "#0"},
				"west": {"uv": [7.375, 4.125, 8.25, 4.25], "texture": "#0"},
				"up": {"uv": [4.375, 8.25, 4.25, 7.375], "texture": "#0"},
				"down": {"uv": [7.5, 4.25, 7.375, 5.125], "texture": "#0"}
			}
		},
		{
			"from": [2.14163, 1.64426, -3.8],
			"to": [3.74163, 6.14426, -2.2],
			"rotation": {"angle": 0, "axis": "y", "origin": [2.94163, 2.64426, -4]},
			"faces": {
				"north": {"uv": [4.375, 7.375, 4.5625, 7.9375], "texture": "#0"},
				"east": {"uv": [4.625, 7.375, 4.8125, 7.9375], "texture": "#0"},
				"south": {"uv": [4.875, 7.375, 5.0625, 7.9375], "texture": "#0"},
				"west": {"uv": [5.125, 7.375, 5.3125, 7.9375], "texture": "#0"},
				"up": {"uv": [3.1875, 1.4375, 3, 1.25], "texture": "#0"},
				"down": {"uv": [2.0625, 8.875, 1.875, 9.0625], "texture": "#0"}
			}
		},
		{
			"from": [15.14163, 1.64426, -3.8],
			"to": [16.74163, 6.14426, -2.2],
			"rotation": {"angle": 0, "axis": "y", "origin": [15.94163, 2.64426, -4]},
			"faces": {
				"north": {"uv": [7.375, 5.125, 7.5625, 5.6875], "texture": "#0"},
				"east": {"uv": [7.375, 5.75, 7.5625, 6.3125], "texture": "#0"},
				"south": {"uv": [7.375, 6.375, 7.5625, 6.9375], "texture": "#0"},
				"west": {"uv": [7.375, 7, 7.5625, 7.5625], "texture": "#0"},
				"up": {"uv": [2.3125, 9.0625, 2.125, 8.875], "texture": "#0"},
				"down": {"uv": [2.5625, 8.875, 2.375, 9.0625], "texture": "#0"}
			}
		},
		{
			"from": [2.44163, 6.14426, -3.5],
			"to": [3.44163, 7.14426, -2.5],
			"rotation": {"angle": 0, "axis": "y", "origin": [2.94163, 7.14426, -4]},
			"faces": {
				"north": {"uv": [4.625, 9.125, 4.75, 9.25], "texture": "#0"},
				"east": {"uv": [9.125, 4.625, 9.25, 4.75], "texture": "#0"},
				"south": {"uv": [4.75, 9.125, 4.875, 9.25], "texture": "#0"},
				"west": {"uv": [9.125, 4.75, 9.25, 4.875], "texture": "#0"},
				"up": {"uv": [5, 9.25, 4.875, 9.125], "texture": "#0"},
				"down": {"uv": [9.25, 4.875, 9.125, 5], "texture": "#0"}
			}
		},
		{
			"from": [15.44163, 6.14426, -3.5],
			"to": [16.44163, 7.14426, -2.5],
			"rotation": {"angle": 0, "axis": "y", "origin": [15.94163, 7.14426, -4]},
			"faces": {
				"north": {"uv": [5, 9.125, 5.125, 9.25], "texture": "#0"},
				"east": {"uv": [9.125, 5, 9.25, 5.125], "texture": "#0"},
				"south": {"uv": [5.125, 9.125, 5.25, 9.25], "texture": "#0"},
				"west": {"uv": [9.125, 5.125, 9.25, 5.25], "texture": "#0"},
				"up": {"uv": [5.375, 9.25, 5.25, 9.125], "texture": "#0"},
				"down": {"uv": [9.25, 5.25, 9.125, 5.375], "texture": "#0"}
			}
		},
		{
			"from": [2.44163, 2.14426, 4.5],
			"to": [5.44163, 3.14426, 5.5],
			"rotation": {"angle": 0, "axis": "y", "origin": [2.44163, 1.39426, 4.75]},
			"faces": {
				"north": {"uv": [8.875, 1.25, 9.25, 1.375], "texture": "#0"},
				"east": {"uv": [9.125, 5.375, 9.25, 5.5], "texture": "#0"},
				"south": {"uv": [1.5, 8.875, 1.875, 9], "texture": "#0"},
				"west": {"uv": [5.5, 9.125, 5.625, 9.25], "texture": "#0"},
				"up": {"uv": [9.25, 1.625, 8.875, 1.5], "texture": "#0"},
				"down": {"uv": [9.25, 1.625, 8.875, 1.75], "texture": "#0"}
			}
		},
		{
			"from": [3.2, 2.7, 11.7],
			"to": [15.8, 5.8, 11.8],
			"rotation": {"angle": 0, "axis": "y", "origin": [8.5, 3, 11.7]},
			"faces": {
				"north": {"uv": [1.625, 1.5, 3.1875, 1.875], "texture": "#0"},
				"east": {"uv": [5.375, 8.875, 5.4375, 9.25], "texture": "#0"},
				"south": {"uv": [1.625, 1.875, 3.1875, 2.25], "texture": "#0"},
				"west": {"uv": [7.25, 8.875, 7.3125, 9.25], "texture": "#0"},
				"up": {"uv": [9.0625, 0.0625, 7.5, 0], "texture": "#0"},
				"down": {"uv": [9.0625, 0.125, 7.5, 0.1875], "texture": "#0"}
			}
		}
	],
	"display": {
		"thirdperson_righthand": {
			"scale": [0.33, 0.33, 0.33]
		},
		"ground": {
			"translation": [-1.25, 8, 2.75],
			"scale": [0.72, 0.72, 0.72]
		},
		"gui": {
			"rotation": [30, 30, 0],
			"translation": [0.75, 1.25, 0],
			"scale": [0.79, 0.79, 0.79]
		},
		"head": {
			"rotation": [85, 0, 0],
			"translation": [-80, 44, 3.75],
			"scale": [4, 4, 4]
		}
	},
	"groups": [
		{
			"name": "1st_cube",
			"origin": [5, 0, 8],
			"color": 0,
			"children": [0, 1, 2, 3, 4, 5, 6, 7, 8, 9, 10, 11, 12, 13, 14, 15]
		},
		{
			"name": "2nd_cube",
			"origin": [5, 0, 8],
			"color": 0,
			"children": [16, 17, 18, 19, 20, 21, 22, 23, 24, 25, 26, 27, 28, 29, 30, 31]
		},
		{
			"name": "3rd_cube",
			"origin": [5, 0, 8],
			"color": 0,
			"children": [32, 33, 34, 35, 36, 37, 38, 39, 40, 41, 42, 43, 44, 45, 46, 47]
		},
		{
			"name": "3rd_cube",
			"origin": [5, 0, 8],
			"color": 0,
			"children": [48, 49, 50, 51, 52, 53, 54, 55, 56, 57, 58, 59, 60, 61, 62, 63]
		},
		{
			"name": "4th_cube",
			"origin": [5, 0, 8],
			"color": 0,
			"children": [64, 65, 66, 67, 68, 69, 70, 71, 72, 73, 74, 75, 76, 77, 78, 79]
		},
		{
			"name": "4th_cube",
			"origin": [5, 0, 8],
			"color": 0,
			"children": [80, 81, 82, 83, 84, 85, 86, 87, 88, 89, 90, 91, 92, 93, 94, 95]
		},
		{
			"name": "5th_cube",
			"origin": [5, 0, 8],
			"color": 0,
			"children": [96, 97, 98, 99, 100, 101, 102, 103, 104, 105, 106, 107, 108, 109, 110, 111]
		},
		{
			"name": "idk",
			"origin": [8.5, 3, 11.7],
			"color": 0,
			"children": [112, 113, 114, 115, 116, 117, 118, 119, 120, 121, 122, 123, 124, 125, 126]
		}
	]
}