{"textures":{"0":"modelengine:entity/enderman"},"elements":[{"from":[5.771428,5.714286,5.771428],"to":[10.228572,10.285714,10.228572],"rotation":{"angle":0.0,"axis":"y","origin":[8.0,8.0,8.0]},"faces":{"east":{"uv":[0.0,3.0,2.0,4.0],"rotation":0,"texture":"#0","tintindex":0},"south":{"uv":[6.0,1.0,8.0,2.0],"rotation":0,"texture":"#0","tintindex":0},"north":{"uv":[2.0,3.0,4.0,4.0],"rotation":0,"texture":"#0","tintindex":0},"west":{"uv":[3.75,3.0,5.75,4.0],"rotation":0,"texture":"#0","tintindex":0},"up":{"uv":[2.0,9.875,4.0,10.875],"rotation":0,"texture":"#0","tintindex":0},"down":{"uv":[6.0,3.0,8.0,4.0],"rotation":0,"texture":"#0","tintindex":0}}}],"display":{"head":{"translation":[0.0,-6.4,0.0],"scale":[4.0,4.0,4.0]}}}