{"textures":{"0":"modelengine:entity/pudgelin"},"elements":[{"from":[5.142857,6.5142856,4.0],"to":[10.857143,11.085714,8.571428],"rotation":{"angle":0.0,"axis":"y","origin":[3.4285712,-2.0571432,4.0]},"faces":{"east":{"uv":[0.0,2.0,2.0,4.0],"rotation":0,"texture":"#0","tintindex":0},"south":{"uv":[0.0,0.0,2.0,2.0],"rotation":0,"texture":"#0","tintindex":0},"north":{"uv":[2.0,2.0,4.5,4.0],"rotation":0,"texture":"#0","tintindex":0},"west":{"uv":[4.5,2.0,6.5,4.0],"rotation":0,"texture":"#0","tintindex":0},"up":{"uv":[2.0,0.0,4.5,2.0],"rotation":0,"texture":"#0","tintindex":0},"down":{"uv":[4.5,0.0,7.0,2.0],"rotation":0,"texture":"#0","tintindex":0}}},{"from":[6.857143,6.5142856,3.4285712],"to":[9.142858,8.8,8.0],"rotation":{"angle":0.0,"axis":"y","origin":[3.4285712,-2.0571432,4.0]},"faces":{"east":{"uv":[7.75,0.5,8.0,1.25],"rotation":0,"texture":"#0","tintindex":0},"south":{"uv":[9.25,0.25,9.5,1.0],"rotation":0,"texture":"#0","tintindex":0},"north":{"uv":[8.0,0.5,9.0,1.5],"rotation":0,"texture":"#0","tintindex":0},"west":{"uv":[9.0,0.5,9.25,1.25],"rotation":0,"texture":"#0","tintindex":0},"up":{"uv":[8.0,0.25,9.0,0.5],"rotation":0,"texture":"#0","tintindex":0},"down":{"uv":[14.75,13.75,15.75,15.75],"rotation":0,"texture":"#0","tintindex":0}}},{"from":[6.285714,6.5142856,3.4285712],"to":[7.428571,7.6571426,7.428571],"rotation":{"angle":0.0,"axis":"y","origin":[3.4285712,-2.0571432,4.0]},"faces":{"east":{"uv":[0.0,0.0,1.75,0.5],"rotation":0,"texture":"#missing","tintindex":0},"south":{"uv":[0.0,0.0,0.5,0.5],"rotation":0,"texture":"#missing","tintindex":0},"north":{"uv":[0.25,1.25,0.75,1.75],"rotation":0,"texture":"#0","tintindex":0},"west":{"uv":[13.5,13.0,14.5,13.25],"rotation":0,"texture":"#0","tintindex":0},"up":{"uv":[14.0,13.0,14.5,14.75],"rotation":0,"texture":"#0","tintindex":0},"down":{"uv":[14.0,11.5,14.5,13.25],"rotation":0,"texture":"#0","tintindex":0}}},{"from":[8.571428,6.5142856,3.4285712],"to":[9.714286,7.6571426,7.428571],"rotation":{"angle":0.0,"axis":"y","origin":[3.4285712,-2.0571432,4.0]},"faces":{"east":{"uv":[13.5,13.0,14.5,13.25],"rotation":0,"texture":"#0","tintindex":0},"south":{"uv":[0.0,0.0,0.5,0.5],"rotation":0,"texture":"#missing","tintindex":0},"north":{"uv":[1.25,1.25,1.75,1.75],"rotation":0,"texture":"#0","tintindex":0},"west":{"uv":[0.0,0.0,1.75,0.5],"rotation":0,"texture":"#missing","tintindex":0},"up":{"uv":[13.5,13.0,14.0,14.75],"rotation":0,"texture":"#0","tintindex":0},"down":{"uv":[13.5,11.5,14.0,13.25],"rotation":0,"texture":"#0","tintindex":0}}}],"display":{"head":{"translation":[0.0,-6.4,0.0],"scale":[4.0,4.0,4.0]}}}