{"textures":{"0":"modelengine:entity/enderman"},"elements":[{"from":[7.428571,-1.5714293,7.428571],"to":[8.571428,8.142858,8.571428],"rotation":{"angle":0.0,"axis":"y","origin":[8.0,3.2857141,8.0]},"faces":{"east":{"uv":[15.5,0.25,16.0,2.375],"rotation":0,"texture":"#0","tintindex":0},"south":{"uv":[14.5,0.25,15.0,2.375],"rotation":0,"texture":"#0","tintindex":0},"north":{"uv":[14.0,0.25,14.5,2.375],"rotation":0,"texture":"#0","tintindex":0},"west":{"uv":[15.0,0.25,15.5,2.375],"rotation":0,"texture":"#0","tintindex":0},"up":{"uv":[14.5,0.0,15.0,0.25],"rotation":0,"texture":"#0","tintindex":0},"down":{"uv":[15.0,0.0,15.5,0.25],"rotation":0,"texture":"#0","tintindex":0}}},{"from":[6.857143,0.1428566,6.857143],"to":[9.142858,7.0,9.142858],"rotation":{"angle":0.0,"axis":"y","origin":[8.0,3.5714283,8.0]},"faces":{"east":{"uv":[12.0,6.625,13.0,7.875],"rotation":0,"texture":"#0","tintindex":0},"south":{"uv":[13.0,6.625,14.0,7.875],"rotation":0,"texture":"#0","tintindex":0},"north":{"uv":[10.25,6.625,11.25,7.875],"rotation":0,"texture":"#0","tintindex":0},"west":{"uv":[12.0,6.625,13.0,7.875],"rotation":0,"texture":"#0","tintindex":0},"up":{"uv":[2.0,6.125,3.0,6.625],"rotation":0,"texture":"#0","tintindex":0},"down":{"uv":[1.0,6.625,2.0,7.125],"rotation":0,"texture":"#0","tintindex":0}}}],"display":{"head":{"translation":[0.0,-6.4,0.0],"scale":[4.0,4.0,4.0]}}}