{
	"parent": "item/handheld",
	"textures": {
		"layer0": "item/iron_ingot"
	},
	
	"overrides": [
		{"predicate": {"custom_model_data":1}, "model": "item/iron_ingot/1"},
		{"predicate": {"custom_model_data":2}, "model": "item/iron_ingot/2"},
		{"predicate": {"custom_model_data":3}, "model": "item/iron_ingot/3"},
		{"predicate": {"custom_model_data":4}, "model": "item/iron_ingot/4"},
		{"predicate": {"custom_model_data":5}, "model": "item/iron_ingot/5"},
		{"predicate": {"custom_model_data":6}, "model": "item/iron_ingot/6"},
		{"predicate": {"custom_model_data":7}, "model": "item/iron_ingot/7"},
		{"predicate": {"custom_model_data":8}, "model": "item/iron_ingot/8"},
		{"predicate": {"custom_model_data":9}, "model": "item/iron_ingot/9"},
		{"predicate": {"custom_model_data":10}, "model": "item/iron_ingot/10"},
		{"predicate": {"custom_model_data":11}, "model": "item/iron_ingot/11"},
		{"predicate": {"custom_model_data":12}, "model": "item/iron_ingot/12"},
		{"predicate": {"custom_model_data":13}, "model": "item/iron_ingot/13"},
		{"predicate": {"custom_model_data":14}, "model": "item/iron_ingot/14"},
		{"predicate": {"custom_model_data":15}, "model": "item/iron_ingot/15"},
		{"predicate": {"custom_model_data":16}, "model": "item/iron_ingot/16"},
		{"predicate": {"custom_model_data":17}, "model": "item/iron_ingot/17"},
		{"predicate": {"custom_model_data":18}, "model": "item/iron_ingot/18"},
		{"predicate": {"custom_model_data":19}, "model": "item/iron_ingot/19"},
		{"predicate": {"custom_model_data":20}, "model": "item/iron_ingot/20"},
		{"predicate": {"custom_model_data":21}, "model": "item/iron_ingot/21"},
		{"predicate": {"custom_model_data":22}, "model": "item/iron_ingot/22"},
		{"predicate": {"custom_model_data":23}, "model": "item/iron_ingot/23"},
		{"predicate": {"custom_model_data":24}, "model": "item/iron_ingot/24"},
		{"predicate": {"custom_model_data":25}, "model": "item/iron_ingot/25"},
		{"predicate": {"custom_model_data":26}, "model": "item/iron_ingot/26"},
		{"predicate": {"custom_model_data":27}, "model": "item/iron_ingot/27"},
		{"predicate": {"custom_model_data":28}, "model": "item/iron_ingot/28"},
		{"predicate": {"custom_model_data":29}, "model": "item/iron_ingot/29"},
		{"predicate": {"custom_model_data":30}, "model": "item/iron_ingot/30"},
		{"predicate": {"custom_model_data":31}, "model": "item/iron_ingot/31"},
		{"predicate": {"custom_model_data":32}, "model": "item/iron_ingot/32"},
		{"predicate": {"custom_model_data":100}, "model": "item/iron_ingot/100"}

	]
}