{
	"credit": "Made with Blockbench",
	"textures": {
		"2": "block/yellow_concrete",
		"3": "block/blue_concrete",
		"4": "block/yellow_glazed_terracotta",
		"5": "block/blue_glazed_terracotta",
		"6": "block/red_concrete_powder",
		"7": "block/dead_fire_coral_block",
		"particle": "block/yellow_glazed_terracotta"
	},
	"elements": [
		{
			"from": [7, 2.5, 6.5],
			"to": [9, 3.5, 8.5],
			"faces": {
				"north": {"uv": [0, 0, 2, 1], "texture": "#5"},
				"east": {"uv": [0, 0, 2, 1], "texture": "#5"},
				"south": {"uv": [0, 0, 2, 1], "texture": "#5"},
				"west": {"uv": [0, 0, 2, 1], "texture": "#5"},
				"up": {"uv": [0, 0, 2, 2], "texture": "#5"},
				"down": {"uv": [0, 0, 2, 2], "texture": "#5"}
			}
		},
		{
			"from": [7, 3.5, 6.5],
			"to": [9, 4.5, 8.5],
			"faces": {
				"north": {"uv": [0, 0, 2, 1], "texture": "#4"},
				"east": {"uv": [0, 0, 2, 1], "texture": "#4"},
				"south": {"uv": [0, 0, 2, 1], "texture": "#4"},
				"west": {"uv": [0, 0, 2, 1], "texture": "#4"},
				"up": {"uv": [0, 0, 2, 2], "texture": "#4"},
				"down": {"uv": [0, 0, 2, 2], "texture": "#4"}
			}
		},
		{
			"from": [7.25, 9.5, 6.75],
			"to": [8.75, 10.5, 8.25],
			"faces": {
				"north": {"uv": [0, 0, 1.5, 1], "texture": "#6"},
				"east": {"uv": [0, 0, 1.5, 1], "texture": "#6"},
				"south": {"uv": [0, 0, 1.5, 1], "texture": "#6"},
				"west": {"uv": [0, 0, 1.5, 1], "texture": "#6"},
				"up": {"uv": [0, 0, 1.5, 1.5], "texture": "#6"},
				"down": {"uv": [0, 0, 1.5, 1.5], "texture": "#6"}
			}
		},
		{
			"from": [7, 8.5, 6.5],
			"to": [9, 9.5, 8.5],
			"faces": {
				"north": {"uv": [0, 0, 2, 1], "texture": "#5"},
				"east": {"uv": [0, 0, 2, 1], "texture": "#5"},
				"south": {"uv": [0, 0, 2, 1], "texture": "#5"},
				"west": {"uv": [0, 0, 2, 1], "texture": "#5"},
				"up": {"uv": [0, 0, 2, 2], "texture": "#5"},
				"down": {"uv": [0, 0, 2, 2], "texture": "#5"}
			}
		},
		{
			"from": [7, 7.5, 6.5],
			"to": [9, 8.5, 8.5],
			"faces": {
				"north": {"uv": [0, 0, 2, 1], "texture": "#4"},
				"east": {"uv": [0, 0, 2, 1], "texture": "#4"},
				"south": {"uv": [0, 0, 2, 1], "texture": "#4"},
				"west": {"uv": [0, 0, 2, 1], "texture": "#4"},
				"up": {"uv": [0, 0, 2, 2], "texture": "#4"},
				"down": {"uv": [0, 0, 2, 2], "texture": "#4"}
			}
		},
		{
			"from": [7, 6.5, 6.5],
			"to": [9, 7.5, 8.5],
			"faces": {
				"north": {"uv": [0, 0, 2, 1], "texture": "#5"},
				"east": {"uv": [0, 0, 2, 1], "texture": "#5"},
				"south": {"uv": [0, 0, 2, 1], "texture": "#5"},
				"west": {"uv": [0, 0, 2, 1], "texture": "#5"},
				"up": {"uv": [0, 0, 2, 2], "texture": "#5"},
				"down": {"uv": [0, 0, 2, 2], "texture": "#5"}
			}
		},
		{
			"from": [7, 5.5, 6.5],
			"to": [9, 6.5, 8.5],
			"faces": {
				"north": {"uv": [0, 0, 2, 1], "texture": "#4"},
				"east": {"uv": [0, 0, 2, 1], "texture": "#4"},
				"south": {"uv": [0, 0, 2, 1], "texture": "#4"},
				"west": {"uv": [0, 0, 2, 1], "texture": "#4"},
				"up": {"uv": [0, 0, 2, 2], "texture": "#4"},
				"down": {"uv": [0, 0, 2, 2], "texture": "#4"}
			}
		},
		{
			"from": [7, 4.5, 6.5],
			"to": [9, 5.5, 8.5],
			"faces": {
				"north": {"uv": [0, 0, 2, 1], "texture": "#5"},
				"east": {"uv": [0, 0, 2, 1], "texture": "#5"},
				"south": {"uv": [0, 0, 2, 1], "texture": "#5"},
				"west": {"uv": [0, 0, 2, 1], "texture": "#5"},
				"up": {"uv": [0, 0, 2, 2], "texture": "#5"},
				"down": {"uv": [0, 0, 2, 2], "texture": "#5"}
			}
		},
		{
			"from": [6, 1.75, 6.76],
			"to": [9.5, 2.75, 8.24],
			"rotation": {"angle": -45, "axis": "z", "origin": [8, 0, 8]},
			"faces": {
				"north": {"uv": [0, 0, 3.5, 1], "texture": "#7"},
				"east": {"uv": [0, 0, 1.48, 1], "texture": "#7"},
				"south": {"uv": [0, 0, 3.5, 1], "texture": "#7"},
				"west": {"uv": [0, 0, 1.48, 1], "texture": "#7"},
				"up": {"uv": [0, 0, 3.5, 1.48], "texture": "#7"},
				"down": {"uv": [0, 0, 3.5, 1.48], "texture": "#7"}
			}
		},
		{
			"from": [6.5, 1.75, 6.76],
			"to": [10, 2.75, 8.24],
			"rotation": {"angle": 45, "axis": "z", "origin": [8, 0, 8]},
			"faces": {
				"north": {"uv": [0, 0, 3.5, 1], "texture": "#7"},
				"east": {"uv": [0, 0, 1.48, 1], "texture": "#7"},
				"south": {"uv": [0, 0, 3.5, 1], "texture": "#7"},
				"west": {"uv": [0, 0, 1.48, 1], "texture": "#7"},
				"up": {"uv": [0, 0, 3.5, 1.48], "texture": "#7"},
				"down": {"uv": [0, 0, 3.5, 1.48], "texture": "#7"}
			}
		},
		{
			"from": [5, 0, 6.75],
			"to": [11, 1, 8.25],
			"faces": {
				"north": {"uv": [0, 0, 6, 1], "texture": "#7"},
				"east": {"uv": [0, 0, 1.5, 1], "texture": "#7"},
				"south": {"uv": [0, 0, 6, 1], "texture": "#7"},
				"west": {"uv": [0, 0, 1.5, 1], "texture": "#7"},
				"up": {"uv": [0, 0, 6, 1.5], "texture": "#7"},
				"down": {"uv": [0, 0, 6, 1.5], "texture": "#7"}
			}
		},
		{
			"from": [10, 10.5, 7.5],
			"to": [11, 17.5, 8.5],
			"faces": {
				"north": {"uv": [0, 0, 1, 7], "texture": "#3"},
				"east": {"uv": [0, 0, 1, 7], "texture": "#3"},
				"south": {"uv": [0, 0, 1, 7], "texture": "#3"},
				"west": {"uv": [0, 0, 1, 7], "texture": "#3"},
				"up": {"uv": [0, 0, 1, 1], "texture": "#3"},
				"down": {"uv": [0, 0, 1, 1], "texture": "#3"}
			}
		},
		{
			"from": [5, 10.5, 7.5],
			"to": [6, 17.5, 8.5],
			"faces": {
				"north": {"uv": [0, 0, 1, 7], "texture": "#2"},
				"east": {"uv": [0, 0, 1, 7], "texture": "#2"},
				"south": {"uv": [0, 0, 1, 7], "texture": "#2"},
				"west": {"uv": [0, 0, 1, 7], "texture": "#2"},
				"up": {"uv": [0, 0, 1, 1], "texture": "#2"},
				"down": {"uv": [0, 0, 1, 1], "texture": "#2"}
			}
		},
		{
			"from": [5, 10.5, 6.5],
			"to": [8, 17.5, 7.5],
			"faces": {
				"north": {"uv": [0, 0, 3, 7], "texture": "#2"},
				"east": {"uv": [0, 0, 1, 7], "texture": "#2"},
				"south": {"uv": [0, 0, 3, 7], "texture": "#2"},
				"west": {"uv": [0, 0, 1, 7], "texture": "#2"},
				"up": {"uv": [0, 0, 3, 1], "texture": "#2"},
				"down": {"uv": [0, 0, 3, 1], "texture": "#2"}
			}
		},
		{
			"from": [8, 10.5, 7.5],
			"to": [10, 11.5, 8.5],
			"faces": {
				"north": {"uv": [0, 0, 2, 1], "texture": "#3"},
				"east": {"uv": [0, 0, 1, 1], "texture": "#3"},
				"south": {"uv": [0, 0, 2, 1], "texture": "#3"},
				"west": {"uv": [0, 0, 1, 1], "texture": "#3"},
				"up": {"uv": [0, 0, 2, 1], "texture": "#3"},
				"down": {"uv": [0, 0, 2, 1], "texture": "#3"}
			}
		},
		{
			"from": [8, 10.5, 6.5],
			"to": [11, 17.5, 7.5],
			"faces": {
				"north": {"uv": [0, 0, 3, 7], "texture": "#3"},
				"east": {"uv": [0, 0, 1, 7], "texture": "#3"},
				"south": {"uv": [0, 0, 3, 7], "texture": "#3"},
				"west": {"uv": [0, 0, 1, 7], "texture": "#3"},
				"up": {"uv": [0, 0, 3, 1], "texture": "#3"},
				"down": {"uv": [0, 0, 3, 1], "texture": "#3"}
			}
		},
		{
			"from": [6, 10.5, 7.5],
			"to": [8, 11.5, 8.5],
			"faces": {
				"north": {"uv": [0, 0, 2, 1], "texture": "#2"},
				"east": {"uv": [0, 0, 1, 1], "texture": "#2"},
				"south": {"uv": [0, 0, 2, 1], "texture": "#2"},
				"west": {"uv": [0, 0, 1, 1], "texture": "#2"},
				"up": {"uv": [0, 0, 2, 1], "texture": "#2"},
				"down": {"uv": [0, 0, 2, 1], "texture": "#2"}
			}
		}
	],
	"display": {
		"thirdperson_righthand": {
			"translation": [0, 6.5, 0]
		},
		"thirdperson_lefthand": {
			"translation": [0, 6.5, 0]
		},
		"firstperson_righthand": {
			"rotation": [-15, 0, 0],
			"translation": [3, 3.25, 0]
		},
		"firstperson_lefthand": {
			"rotation": [-15, 0, 0],
			"translation": [3, 3.25, 0]
		},
		"ground": {
			"rotation": [-14.5, 0, 0],
			"translation": [0, 6, 0]
		},
		"gui": {
			"rotation": [0, 30, 30],
			"translation": [0, -0.5, 0],
			"scale": [0.86, 0.86, 0.86]
		},
		"head": {
			"rotation": [0, 180, 0],
			"translation": [-80, -22, -80],
			"scale": [4, 4, 4]
		},
		"fixed": {
			"rotation": [0, 180, 0],
			"translation": [0, 0, -1]
		}
	},
	"groups": [
		{
			"name": "group",
			"origin": [0, 0, 0],
			"color": 0,
			"children": [0, 1, 2, 3, 4, 5, 6, 7]
		},
		{
			"name": "group",
			"origin": [8, 0, 8],
			"color": 0,
			"children": [8, 9, 10]
		},
		{
			"name": "group",
			"origin": [0, 0, 0],
			"color": 0,
			"children": [11, 12, 13, 14, 15, 16]
		}
	]
}