{"textures":{"0":"modelengine:entity/clover"},"elements":[{"from":[7.2,7.5,11.3],"to":[7.6,9.5,11.7],"faces":{"east":{"uv":[8.470589,3.764706,8.847058,5.647059],"tintindex":0,"rotation":0,"texture":"#0"},"south":{"uv":[5.647059,6.5882354,6.0235295,8.470589],"tintindex":0,"rotation":0,"texture":"#0"},"north":{"uv":[6.5882354,3.764706,6.964706,5.647059],"tintindex":0,"rotation":0,"texture":"#0"},"west":{"uv":[6.5882354,3.764706,6.964706,5.647059],"tintindex":0,"rotation":0,"texture":"#0"},"up":{"uv":[8.470589,4.7058825,8.847058,5.082353],"tintindex":0,"rotation":0,"texture":"#0"},"down":{"uv":[7.529412,3.764706,7.905882,4.1411767],"tintindex":0,"rotation":0,"texture":"#0"}}},{"from":[7.21,8.07,10.55],"to":[7.59,9.25,10.95],"faces":{"east":{"uv":[8.470589,3.764706,8.847058,4.687059],"tintindex":0,"rotation":0,"texture":"#0"},"south":{"uv":[5.647059,6.5882354,6.004706,7.510588],"tintindex":0,"rotation":0,"texture":"#0"},"north":{"uv":[6.5882354,3.764706,6.9458823,4.687059],"tintindex":0,"rotation":0,"texture":"#0"},"west":{"uv":[6.5882354,3.764706,6.964706,4.687059],"tintindex":0,"rotation":0,"texture":"#0"},"up":{"uv":[8.470589,4.7058825,8.828236,5.082353],"tintindex":0,"rotation":0,"texture":"#0"},"down":{"uv":[7.529412,3.764706,7.8870587,4.1411767],"tintindex":0,"rotation":0,"texture":"#0"}},"rotation":{"origin":[6.5,10.55,7.25],"angle":-22.5,"axis":"x"}}],"display":{"gui":{"rotation":[30,225,0]}}}