{"textures":{"0":"modelengine:entity/enderman"},"elements":[{"from":[6.857143,0.0,6.857143],"to":[9.142858,6.857143,9.142858],"rotation":{"angle":0.0,"axis":"y","origin":[8.0,3.4285712,8.0]},"faces":{"east":{"uv":[11.0,6.625,12.0,7.875],"rotation":0,"texture":"#0","tintindex":0},"south":{"uv":[10.0,6.625,11.0,7.875],"rotation":0,"texture":"#0","tintindex":0},"north":{"uv":[13.0,6.625,14.0,7.875],"rotation":0,"texture":"#0","tintindex":0},"west":{"uv":[12.0,6.625,13.0,7.875],"rotation":0,"texture":"#0","tintindex":0},"up":{"uv":[2.0,6.125,3.0,6.625],"rotation":0,"texture":"#0","tintindex":0},"down":{"uv":[1.0,6.625,2.0,7.125],"rotation":0,"texture":"#0","tintindex":0}}},{"from":[7.428571,-1.1428576,7.428571],"to":[8.571428,8.0,8.571428],"rotation":{"angle":0.0,"axis":"y","origin":[8.0,3.4285712,8.0]},"faces":{"east":{"uv":[15.5,0.25,16.0,2.375],"rotation":0,"texture":"#0","tintindex":0},"south":{"uv":[14.5,0.25,15.0,2.375],"rotation":0,"texture":"#0","tintindex":0},"north":{"uv":[14.0,0.25,14.5,2.375],"rotation":0,"texture":"#0","tintindex":0},"west":{"uv":[15.0,0.25,15.5,2.375],"rotation":0,"texture":"#0","tintindex":0},"up":{"uv":[14.5,0.0,15.0,0.25],"rotation":0,"texture":"#0","tintindex":0},"down":{"uv":[15.0,0.0,15.5,0.25],"rotation":0,"texture":"#0","tintindex":0}}}],"display":{"head":{"translation":[0.0,-6.4,0.0],"scale":[4.0,4.0,4.0]}}}