{
    "parent": "item/handheld",
    "textures": {
        "layer0": "minecraft:item/iron_shovel"
    },
    "overrides": [
        {"predicate": {"custom_model_data":1}, "model": "item/iron_shovel/1"},
        {"predicate": {"custom_model_data":2}, "model": "item/iron_shovel/2"},
        {"predicate": {"custom_model_data":3}, "model": "item/iron_shovel/3"},
        {"predicate": {"custom_model_data":4}, "model": "item/iron_shovel/4"},
        {"predicate": {"custom_model_data":5}, "model": "item/iron_shovel/5"},
        {"predicate": {"custom_model_data":6}, "model": "item/iron_shovel/6"},
        {"predicate": {"custom_model_data":7}, "model": "item/iron_shovel/7"},
        {"predicate": {"custom_model_data":8}, "model": "item/iron_shovel/8"},
        {"predicate": {"custom_model_data":9}, "model": "item/iron_shovel/9"},
        {"predicate": {"custom_model_data":10}, "model": "item/iron_shovel/10"},
        {"predicate": {"custom_model_data":11}, "model": "item/iron_shovel/11"},
        {"predicate": {"custom_model_data":12}, "model": "item/iron_shovel/12"},
        {"predicate": {"custom_model_data":13}, "model": "item/iron_shovel/13"},
        {"predicate": {"custom_model_data":14}, "model": "item/iron_shovel/14"},
        {"predicate": {"custom_model_data":15}, "model": "item/iron_shovel/15"},
        {"predicate": {"custom_model_data":16}, "model": "item/iron_shovel/16"},
        {"predicate": {"custom_model_data":17}, "model": "item/iron_shovel/17"},
        {"predicate": {"custom_model_data":18}, "model": "item/iron_shovel/18"},
        {"predicate": {"custom_model_data":19}, "model": "item/iron_shovel/19"},
        {"predicate": {"custom_model_data":20}, "model": "item/iron_shovel/20"},
        {"predicate": {"custom_model_data":21}, "model": "item/iron_shovel/21"},
        {"predicate": {"custom_model_data":22}, "model": "item/iron_shovel/22"},
        {"predicate": {"custom_model_data":23}, "model": "item/iron_shovel/23"},
        {"predicate": {"custom_model_data":24}, "model": "item/iron_shovel/24"},
        {"predicate": {"custom_model_data":25}, "model": "item/iron_shovel/25"},
        {"predicate": {"custom_model_data":26}, "model": "item/iron_shovel/26"},
        {"predicate": {"custom_model_data":27}, "model": "item/iron_shovel/27"},
        {"predicate": {"custom_model_data":28}, "model": "item/iron_shovel/28"},
        {"predicate": {"custom_model_data":29}, "model": "item/iron_shovel/29"},
        {"predicate": {"custom_model_data":30}, "model": "item/iron_shovel/30"},
        {"predicate": {"custom_model_data":31}, "model": "item/iron_shovel/31"},
        {"predicate": {"custom_model_data":32}, "model": "item/iron_shovel/32"},
        {"predicate": {"custom_model_data":33}, "model": "item/iron_shovel/33"},
        {"predicate": {"custom_model_data":100}, "model": "item/iron_shovel/100"},
        {"predicate": {"custom_model_data":101}, "model": "item/iron_shovel/101"},
        {"predicate": {"custom_model_data":102}, "model": "item/iron_shovel/102"},
        {"predicate": {"custom_model_data":103}, "model": "item/iron_shovel/103"},
        {"predicate": {"custom_model_data":104}, "model": "item/iron_shovel/104"},
        {"predicate": {"custom_model_data":105}, "model": "item/iron_shovel/105"},
        {"predicate": {"custom_model_data":106}, "model": "item/iron_shovel/106"},
        {"predicate": {"custom_model_data":107}, "model": "item/iron_shovel/107"},
        {"predicate": {"custom_model_data":108}, "model": "item/iron_shovel/108"},
        {"predicate": {"custom_model_data":109}, "model": "item/iron_shovel/109"},
        {"predicate": {"custom_model_data":110}, "model": "item/iron_shovel/110"},
        {"predicate": {"custom_model_data":111}, "model": "item/iron_shovel/111"},
        {"predicate": {"custom_model_data":112}, "model": "item/iron_shovel/112"},
        {"predicate": {"custom_model_data":113}, "model": "item/iron_shovel/113"},
        {"predicate": {"custom_model_data":114}, "model": "item/iron_shovel/114"}

        ]
}
