{
	"credit": "Made with Blockbench",
	"texture_size": [32, 32],
	"textures": {
		"0": "block/equipment/belt_bag",
		"particle": "block/equipment/belt_bag"
	},
	"elements": [
		{
			"from": [4, 0, 7],
			"to": [12, 4, 11],
			"rotation": {"angle": 0, "axis": "y", "origin": [7, 0, 7]},
			"faces": {
				"north": {"uv": [0, 0, 4, 2], "texture": "#0"},
				"east": {"uv": [0, 6, 2, 8], "texture": "#0"},
				"south": {"uv": [0, 2, 4, 4], "texture": "#0"},
				"west": {"uv": [2, 6, 4, 8], "texture": "#0"},
				"up": {"uv": [4, 6, 0, 4], "texture": "#0"},
				"down": {"uv": [8, 0, 4, 2], "texture": "#0"}
			}
		},
		{
			"from": [4.5, 2.3, 6.7],
			"to": [11.5, 4.3, 10.7],
			"rotation": {"angle": 0, "axis": "y", "origin": [7, 0.3, 6.7]},
			"faces": {
				"north": {"uv": [4, 6, 7.5, 7], "texture": "#0"},
				"east": {"uv": [7.5, 2, 9.5, 3], "texture": "#0"},
				"south": {"uv": [4, 7, 7.5, 8], "texture": "#0"},
				"west": {"uv": [7.5, 3, 9.5, 4], "texture": "#0"},
				"up": {"uv": [7.5, 4, 4, 2], "texture": "#0"},
				"down": {"uv": [7.5, 4, 4, 6], "texture": "#0"}
			}
		},
		{
			"from": [5.2, 1.8, 6.6],
			"to": [10.8, 2.5, 7.1],
			"rotation": {"angle": 0, "axis": "y", "origin": [7, -1.5, 6.6]},
			"faces": {
				"north": {"uv": [7.5, 4, 10.5, 4.5], "texture": "#0"},
				"east": {"uv": [7.5, 6, 8, 6.5], "texture": "#0"},
				"south": {"uv": [7.5, 4.5, 10.5, 5], "texture": "#0"},
				"west": {"uv": [7.5, 6.5, 8, 7], "texture": "#0"},
				"up": {"uv": [10.5, 5.5, 7.5, 5], "texture": "#0"},
				"down": {"uv": [10.5, 5.5, 7.5, 6], "texture": "#0"}
			}
		}
	],
	"display": {
		"thirdperson_righthand": {
			"translation": [0, 1.5, 0],
			"scale": [0.53, 0.53, 0.53]
		},
		"ground": {
			"translation": [0, 7.5, 0]
		},
		"gui": {
			"rotation": [30, -150, 0],
			"translation": [0.75, 6, 0],
			"scale": [1.32, 1.32, 1.32]
		},
		"head": {
			"translation": [0, -15.75, -5.25]
		}
	}
}