{
	"credit": "Made with Blockbench",
	"textures": {
		"0": "block/hat/heart",
		"1": "block/hat/heart2",
		"particle": "block/hat/heart"
	},
	"elements": [
		{
			"from": [8, 4.5803, 5.39001],
			"to": [17, 13.5803, 5.39001],
			"rotation": {"angle": 0, "axis": "y", "origin": [5, 5.5803, -1.60999]},
			"faces": {
				"north": {"uv": [3.25, 0, 3.8125, 0.5625], "texture": "#1"},
				"east": {"uv": [0, 0, 0, 9], "texture": "#missing"},
				"south": {"uv": [3.8125, 0, 3.25, 0.5625], "texture": "#1"},
				"west": {"uv": [0, 0, 0, 9], "texture": "#missing"},
				"up": {"uv": [9, 0, 0, 0], "texture": "#missing"},
				"down": {"uv": [9, 0, 0, 0], "texture": "#missing"}
			}
		},
		{
			"from": [12, 0.01257, 8.98118],
			"to": [13, 3.01257, 9.98118],
			"rotation": {"angle": -22.5, "axis": "x", "origin": [1, -5.98743, 0.98118]},
			"faces": {
				"north": {"uv": [0, 0, 1, 3], "texture": "#0"},
				"east": {"uv": [1, 0, 2, 3], "texture": "#0"},
				"south": {"uv": [2, 0, 3, 3], "texture": "#0"},
				"west": {"uv": [0, 3, 1, 6], "texture": "#0"},
				"up": {"uv": [5, 1, 4, 0], "texture": "#0"},
				"down": {"uv": [5, 1, 4, 2], "texture": "#0"}
			}
		},
		{
			"from": [12, 0, 6],
			"to": [13, 3, 7],
			"rotation": {"angle": 0, "axis": "y", "origin": [1, 0, -2]},
			"faces": {
				"north": {"uv": [3, 0, 4, 3], "texture": "#0"},
				"east": {"uv": [1, 3, 2, 6], "texture": "#0"},
				"south": {"uv": [2, 3, 3, 6], "texture": "#0"},
				"west": {"uv": [3, 3, 4, 6], "texture": "#0"},
				"up": {"uv": [5, 3, 4, 2], "texture": "#0"},
				"down": {"uv": [5, 3, 4, 4], "texture": "#0"}
			}
		},
		{
			"from": [-1, 4.5803, 5.39001],
			"to": [8, 13.5803, 5.39001],
			"rotation": {"angle": 0, "axis": "y", "origin": [-4, 5.5803, -1.60999]},
			"faces": {
				"north": {"uv": [3.25, 0, 3.8125, 0.5625], "texture": "#1"},
				"east": {"uv": [0, 0, 0, 9], "texture": "#missing"},
				"south": {"uv": [3.8125, 0, 3.25, 0.5625], "texture": "#1"},
				"west": {"uv": [0, 0, 0, 9], "texture": "#missing"},
				"up": {"uv": [9, 0, 0, 0], "texture": "#missing"},
				"down": {"uv": [9, 0, 0, 0], "texture": "#missing"}
			}
		},
		{
			"from": [3, 0.01257, 8.98118],
			"to": [4, 3.01257, 9.98118],
			"rotation": {"angle": -22.5, "axis": "x", "origin": [-8, -5.98743, 0.98118]},
			"faces": {
				"north": {"uv": [0, 0, 1, 3], "texture": "#0"},
				"east": {"uv": [1, 0, 2, 3], "texture": "#0"},
				"south": {"uv": [2, 0, 3, 3], "texture": "#0"},
				"west": {"uv": [0, 3, 1, 6], "texture": "#0"},
				"up": {"uv": [5, 1, 4, 0], "texture": "#0"},
				"down": {"uv": [5, 1, 4, 2], "texture": "#0"}
			}
		},
		{
			"from": [3, 0, 6],
			"to": [4, 3, 7],
			"rotation": {"angle": 0, "axis": "y", "origin": [-8, 0, -2]},
			"faces": {
				"north": {"uv": [3, 0, 4, 3], "texture": "#0"},
				"east": {"uv": [1, 3, 2, 6], "texture": "#0"},
				"south": {"uv": [2, 3, 3, 6], "texture": "#0"},
				"west": {"uv": [3, 3, 4, 6], "texture": "#0"},
				"up": {"uv": [5, 3, 4, 2], "texture": "#0"},
				"down": {"uv": [5, 3, 4, 4], "texture": "#0"}
			}
		}
	],
	"display": {
		"thirdperson_righthand": {
			"rotation": [75, 45, 0],
			"translation": [0, 1.5, 2.75],
			"scale": [0.5, 0.5, 0.5]
		},
		"thirdperson_lefthand": {
			"rotation": [75, 45, 0],
			"translation": [0, 1.5, 2.75],
			"scale": [0.5, 0.5, 0.5]
		},
		"firstperson_righthand": {
			"rotation": [0, 135, 0],
			"translation": [0, 2.75, 0],
			"scale": [0.4, 0.4, 0.4]
		},
		"firstperson_lefthand": {
			"rotation": [0, 135, 0],
			"translation": [0, 2.75, 0],
			"scale": [0.4, 0.4, 0.4]
		},
		"ground": {
			"translation": [0, 3, 0],
			"scale": [0.5, 0.5, 0.5]
		},
		"gui": {
			"rotation": [30, 225, 0],
			"translation": [0, 0.75, 0],
			"scale": [0.5, 0.5, 0.5]
		},
		"head": {
			"rotation": [-20, 0, 0],
			"translation": [0, 14, -0.75]
		},
		"fixed": {
			"rotation": [-90, 0, 0],
			"translation": [0, 0, -7]
		}
	}
}