{"textures":{"0":"modelengine:entity/inferno"},"elements":[{"from":[5.714286,7.9428573,5.714286],"to":[10.285714,12.514286,10.285714],"rotation":{"angle":0.0,"axis":"y","origin":[8.0,10.228572,8.0]},"faces":{"east":{"uv":[0.0,2.0,2.0,4.0],"rotation":0,"texture":"#0","tintindex":0},"south":{"uv":[6.0,2.0,8.0,4.0],"rotation":0,"texture":"#0","tintindex":0},"north":{"uv":[2.0,2.0,4.0,4.0],"rotation":0,"texture":"#0","tintindex":0},"west":{"uv":[4.0,2.0,6.0,4.0],"rotation":0,"texture":"#0","tintindex":0},"up":{"uv":[2.0,0.0,4.0,2.0],"rotation":90,"texture":"#0","tintindex":0},"down":{"uv":[4.0,0.0,6.0,2.0],"rotation":0,"texture":"#0","tintindex":0}}}],"display":{"head":{"translation":[0.0,-6.4,0.0],"scale":[4.0,4.0,4.0]}}}