{"textures":{"0":"modelengine:entity/inferno"},"elements":[{"from":[5.542857,24.114286,5.542857],"to":[10.457143,29.028572,10.457143],"rotation":{"angle":0.0,"axis":"y","origin":[8.0,26.57143,8.0]},"faces":{"east":{"uv":[8.0,10.0,10.0,12.0],"rotation":0,"texture":"#0","tintindex":0},"south":{"uv":[14.0,10.0,16.0,12.0],"rotation":0,"texture":"#0","tintindex":0},"north":{"uv":[10.0,10.0,12.0,12.0],"rotation":0,"texture":"#0","tintindex":0},"west":{"uv":[12.0,10.0,14.0,12.0],"rotation":0,"texture":"#0","tintindex":0},"up":{"uv":[10.0,8.0,12.0,10.0],"rotation":180,"texture":"#0","tintindex":0},"down":{"uv":[12.0,12.0,14.0,14.0],"rotation":0,"texture":"#0","tintindex":0}}},{"from":[5.428571,24.0,5.428571],"to":[10.571428,29.142859,10.571428],"rotation":{"angle":0.0,"axis":"y","origin":[8.0,26.57143,8.0]},"faces":{"east":{"uv":[8.0,14.0,10.0,16.0],"rotation":0,"texture":"#0","tintindex":0},"south":{"uv":[14.0,14.0,16.0,16.0],"rotation":0,"texture":"#0","tintindex":0},"north":{"uv":[10.0,14.0,12.0,16.0],"rotation":0,"texture":"#0","tintindex":0},"west":{"uv":[12.0,14.0,14.0,16.0],"rotation":0,"texture":"#0","tintindex":0},"up":{"uv":[10.0,12.0,12.0,14.0],"rotation":180,"texture":"#0","tintindex":0},"down":{"uv":[12.25,12.0,14.25,14.0],"rotation":0,"texture":"#0","tintindex":0}}},{"from":[9.142858,28.685715,6.285714],"to":[10.0,29.485714,9.142858],"rotation":{"angle":0.0,"axis":"y","origin":[9.571428,29.085716,7.714286]},"faces":{"east":{"uv":[12.25,8.25,12.75,9.0],"rotation":0,"texture":"#0","tintindex":0},"south":{"uv":[12.25,8.25,12.75,9.0],"rotation":0,"texture":"#0","tintindex":0},"north":{"uv":[12.25,8.25,12.75,9.0],"rotation":0,"texture":"#0","tintindex":0},"west":{"uv":[12.25,8.25,12.75,9.0],"rotation":0,"texture":"#0","tintindex":0},"up":{"uv":[12.25,8.25,12.75,9.0],"rotation":0,"texture":"#0","tintindex":0},"down":{"uv":[12.25,8.25,12.75,9.0],"rotation":0,"texture":"#0","tintindex":0}}},{"from":[6.0,28.685715,6.285714],"to":[6.857143,29.485714,9.142858],"rotation":{"angle":0.0,"axis":"y","origin":[6.428571,29.085716,7.714286]},"faces":{"east":{"uv":[12.25,8.25,12.75,9.0],"rotation":0,"texture":"#0","tintindex":0},"south":{"uv":[12.25,8.25,12.75,9.0],"rotation":0,"texture":"#0","tintindex":0},"north":{"uv":[12.25,8.25,12.75,9.0],"rotation":0,"texture":"#0","tintindex":0},"west":{"uv":[12.25,8.25,12.75,9.0],"rotation":0,"texture":"#0","tintindex":0},"up":{"uv":[12.25,8.25,12.75,9.0],"rotation":0,"texture":"#0","tintindex":0},"down":{"uv":[12.25,8.25,12.75,9.0],"rotation":0,"texture":"#0","tintindex":0}}},{"from":[7.3714285,27.428572,5.2],"to":[8.742857,28.800001,6.5714283],"rotation":{"angle":0.0,"axis":"y","origin":[8.057143,28.114286,5.885714]},"faces":{"east":{"uv":[8.75,8.25,9.25,8.75],"rotation":0,"texture":"#0","tintindex":0},"south":{"uv":[8.75,8.25,9.25,8.75],"rotation":0,"texture":"#0","tintindex":0},"north":{"uv":[8.75,8.25,9.25,8.75],"rotation":0,"texture":"#0","tintindex":0},"west":{"uv":[8.75,8.25,9.25,8.75],"rotation":0,"texture":"#0","tintindex":0},"up":{"uv":[8.75,8.25,9.25,8.75],"rotation":0,"texture":"#0","tintindex":0},"down":{"uv":[8.75,8.25,9.25,8.75],"rotation":0,"texture":"#0","tintindex":0}}}],"display":{"head":{"translation":[0.0,-6.4,0.0],"scale":[4.0,4.0,4.0]}}}