{
	"parent": "item/handheld",
	"textures": {
		"layer0": "block/pink_glazed_terracotta"
	},
	
	"overrides": [
		{"predicate": {"custom_model_data":1}, "model": "item/raw_gold/1"},
		{"predicate": {"custom_model_data":2}, "model": "item/raw_gold/2"},
		{"predicate": {"custom_model_data":3}, "model": "item/raw_gold/3"},
		{"predicate": {"custom_model_data":4}, "model": "item/raw_gold/4"},
		{"predicate": {"custom_model_data":5}, "model": "item/raw_gold/5"},
		{"predicate": {"custom_model_data":6}, "model": "item/raw_gold/6"},
		{"predicate": {"custom_model_data":7}, "model": "item/raw_gold/7"},
		{"predicate": {"custom_model_data":8}, "model": "item/raw_gold/8"},
		{"predicate": {"custom_model_data":9}, "model": "item/raw_gold/9"},
		{"predicate": {"custom_model_data":10}, "model": "item/raw_gold/10"},
		{"predicate": {"custom_model_data":101}, "model": "item/raw_gold/101"},
		{"predicate": {"custom_model_data":102}, "model": "item/raw_gold/102"},
		{"predicate": {"custom_model_data":103}, "model": "item/raw_gold/103"},
		{"predicate": {"custom_model_data":104}, "model": "item/raw_gold/104"},
		{"predicate": {"custom_model_data":105}, "model": "item/raw_gold/105"},
		{"predicate": {"custom_model_data":106}, "model": "item/raw_gold/106"},
		{"predicate": {"custom_model_data":107}, "model": "item/raw_gold/107"},
		{"predicate": {"custom_model_data":108}, "model": "item/raw_gold/108"},
		{"predicate": {"custom_model_data":109}, "model": "item/raw_gold/109"},
		{"predicate": {"custom_model_data":110}, "model": "item/raw_gold/110"},
		{"predicate": {"custom_model_data":111}, "model": "item/raw_gold/111"},
		{"predicate": {"custom_model_data":112}, "model": "item/raw_gold/112"},
		{"predicate": {"custom_model_data":113}, "model": "item/raw_gold/113"},
		{"predicate": {"custom_model_data":114}, "model": "item/raw_gold/114"},
		{"predicate": {"custom_model_data":115}, "model": "item/raw_gold/115"},
		{"predicate": {"custom_model_data":116}, "model": "item/raw_gold/116"},
		{"predicate": {"custom_model_data":117}, "model": "item/raw_gold/117"},
		{"predicate": {"custom_model_data":118}, "model": "item/raw_gold/118"},
		{"predicate": {"custom_model_data":119}, "model": "item/raw_gold/119"}
	]
}