{
	"credit": "Made with Blockbench",
	"texture_size": [128, 128],
	"textures": {
		"0": "block/hat/halloween_hat_texture",
		"particle": "block/hat/halloween_hat_texture"
	},
	"elements": [
		{
			"from": [-3, 0, -3],
			"to": [19, 2, 19],
			"rotation": {"angle": 0, "axis": "y", "origin": [12, 1, 12]},
			"faces": {
				"north": {"uv": [6.25, 0.5, 9, 0.75], "texture": "#0"},
				"east": {"uv": [6.25, 0.75, 9, 1], "texture": "#0"},
				"south": {"uv": [6.25, 1, 9, 1.25], "texture": "#0"},
				"west": {"uv": [6.25, 1.25, 9, 1.5], "texture": "#0"},
				"up": {"uv": [2.75, 2.75, 0, 0], "texture": "#0"},
				"down": {"uv": [2.75, 2.75, 0, 5.5], "texture": "#0"}
			}
		},
		{
			"from": [19, 1, -2],
			"to": [20, 3, 17],
			"rotation": {"angle": 0, "axis": "y", "origin": [12, 1, 12]},
			"faces": {
				"north": {"uv": [8.75, 5.5, 8.875, 5.75], "texture": "#0"},
				"east": {"uv": [6.25, 1.5, 8.625, 1.75], "texture": "#0"},
				"south": {"uv": [3.125, 9, 3.25, 9.25], "texture": "#0"},
				"west": {"uv": [1.25, 7.25, 3.625, 7.5], "texture": "#0"},
				"up": {"uv": [4.5, 10.125, 4.375, 7.75], "texture": "#0"},
				"down": {"uv": [4.375, 8.375, 4.25, 10.75], "texture": "#0"}
			}
		},
		{
			"from": [19, 0, 7],
			"to": [20, 1, 17],
			"rotation": {"angle": 0, "axis": "y", "origin": [12, 1, 12]},
			"faces": {
				"north": {"uv": [10.5, 10.375, 10.625, 10.5], "texture": "#0"},
				"east": {"uv": [9.25, 5.125, 10.5, 5.25], "texture": "#0"},
				"south": {"uv": [10.5, 10.5, 10.625, 10.625], "texture": "#0"},
				"west": {"uv": [6.125, 9.25, 7.375, 9.375], "texture": "#0"},
				"up": {"uv": [1.375, 10.5, 1.25, 9.25], "texture": "#0"},
				"down": {"uv": [1.5, 9.25, 1.375, 10.5], "texture": "#0"}
			}
		},
		{
			"from": [-4, 0, -1],
			"to": [-3, 2, 17],
			"rotation": {"angle": 0, "axis": "y", "origin": [12, 1, 12]},
			"faces": {
				"north": {"uv": [10.375, 1.25, 10.5, 1.5], "texture": "#0"},
				"east": {"uv": [7.75, 3.875, 10, 4.125], "texture": "#0"},
				"south": {"uv": [3, 10.375, 3.125, 10.625], "texture": "#0"},
				"west": {"uv": [7.75, 4.125, 10, 4.375], "texture": "#0"},
				"up": {"uv": [6, 10.875, 5.875, 8.625], "texture": "#0"},
				"down": {"uv": [6.125, 8.625, 6, 10.875], "texture": "#0"}
			}
		},
		{
			"from": [-1, 1, -4],
			"to": [18, 3, -3],
			"rotation": {"angle": 0, "axis": "y", "origin": [12, 1, 12]},
			"faces": {
				"north": {"uv": [3.625, 7.25, 6, 7.5], "texture": "#0"},
				"east": {"uv": [3.125, 10.375, 3.25, 10.625], "texture": "#0"},
				"south": {"uv": [6, 7.25, 8.375, 7.5], "texture": "#0"},
				"west": {"uv": [3.25, 10.375, 3.375, 10.625], "texture": "#0"},
				"up": {"uv": [10.75, 7.375, 8.375, 7.25], "texture": "#0"},
				"down": {"uv": [10.75, 7.375, 8.375, 7.5], "texture": "#0"}
			}
		},
		{
			"from": [-1, 0, -4],
			"to": [9, 1, -3],
			"rotation": {"angle": 0, "axis": "y", "origin": [12, 1, 12]},
			"faces": {
				"north": {"uv": [9.25, 3.625, 10.5, 3.75], "texture": "#0"},
				"east": {"uv": [10.5, 10.125, 10.625, 10.25], "texture": "#0"},
				"south": {"uv": [9.25, 3.75, 10.5, 3.875], "texture": "#0"},
				"west": {"uv": [10.5, 10.25, 10.625, 10.375], "texture": "#0"},
				"up": {"uv": [10.5, 5, 9.25, 4.875], "texture": "#0"},
				"down": {"uv": [10.5, 5, 9.25, 5.125], "texture": "#0"}
			}
		},
		{
			"from": [-1, 0, 19],
			"to": [17, 2, 20],
			"rotation": {"angle": 0, "axis": "y", "origin": [12, 1, 12]},
			"faces": {
				"north": {"uv": [7.75, 4.375, 10, 4.625], "texture": "#0"},
				"east": {"uv": [10.375, 3.875, 10.5, 4.125], "texture": "#0"},
				"south": {"uv": [7.75, 4.625, 10, 4.875], "texture": "#0"},
				"west": {"uv": [4, 10.375, 4.125, 10.625], "texture": "#0"},
				"up": {"uv": [11, 5.375, 8.75, 5.25], "texture": "#0"},
				"down": {"uv": [11, 5.375, 8.75, 5.5], "texture": "#0"}
			}
		},
		{
			"from": [-6, 1, -1],
			"to": [-4, 3, 17],
			"faces": {
				"north": {"uv": [3.5, 8.125, 3.75, 8.375], "texture": "#0"},
				"east": {"uv": [0, 7.5, 2.25, 7.75], "texture": "#0"},
				"south": {"uv": [8.125, 9.625, 8.375, 9.875], "texture": "#0"},
				"west": {"uv": [2.25, 7.5, 4.5, 7.75], "texture": "#0"},
				"up": {"uv": [4.75, 9.75, 4.5, 7.5], "texture": "#0"},
				"down": {"uv": [5, 7.5, 4.75, 9.75], "texture": "#0"}
			}
		},
		{
			"from": [20, 1, 8],
			"to": [22, 3, 17],
			"faces": {
				"north": {"uv": [8.375, 9.625, 8.625, 9.875], "texture": "#0"},
				"east": {"uv": [1.25, 7, 2.375, 7.25], "texture": "#0"},
				"south": {"uv": [8.625, 9.625, 8.875, 9.875], "texture": "#0"},
				"west": {"uv": [0.75, 8.625, 1.875, 8.875], "texture": "#0"},
				"up": {"uv": [2.125, 9.75, 1.875, 8.625], "texture": "#0"},
				"down": {"uv": [5.875, 8.625, 5.625, 9.75], "texture": "#0"}
			}
		},
		{
			"from": [20, 2, -1],
			"to": [22, 4, 8],
			"faces": {
				"north": {"uv": [9.875, 1.25, 10.125, 1.5], "texture": "#0"},
				"east": {"uv": [8.875, 6.25, 10, 6.5], "texture": "#0"},
				"south": {"uv": [5, 9.875, 5.25, 10.125], "texture": "#0"},
				"west": {"uv": [8.875, 6.5, 10, 6.75], "texture": "#0"},
				"up": {"uv": [5.25, 9.875, 5, 8.75], "texture": "#0"},
				"down": {"uv": [5.5, 8.75, 5.25, 9.875], "texture": "#0"}
			}
		},
		{
			"from": [-1, 1, 20],
			"to": [17, 3, 22],
			"faces": {
				"north": {"uv": [5, 7.5, 7.25, 7.75], "texture": "#0"},
				"east": {"uv": [9.625, 9.375, 9.875, 9.625], "texture": "#0"},
				"south": {"uv": [7.25, 7.5, 9.5, 7.75], "texture": "#0"},
				"west": {"uv": [9.625, 9.625, 9.875, 9.875], "texture": "#0"},
				"up": {"uv": [2.25, 8, 0, 7.75], "texture": "#0"},
				"down": {"uv": [10, 1.75, 7.75, 2], "texture": "#0"}
			}
		},
		{
			"from": [-1, 1, -6],
			"to": [8, 3, -4],
			"faces": {
				"north": {"uv": [8.625, 1.5, 9.75, 1.75], "texture": "#0"},
				"east": {"uv": [9.75, 1.5, 10, 1.75], "texture": "#0"},
				"south": {"uv": [8.625, 8.25, 9.75, 8.5], "texture": "#0"},
				"west": {"uv": [1.875, 9.75, 2.125, 10], "texture": "#0"},
				"up": {"uv": [9.75, 8.75, 8.625, 8.5], "texture": "#0"},
				"down": {"uv": [3.25, 8.75, 2.125, 9], "texture": "#0"}
			}
		},
		{
			"from": [-3, 1, -5],
			"to": [-1, 3, -3],
			"faces": {
				"north": {"uv": [9.875, 8.25, 10.125, 8.5], "texture": "#0"},
				"east": {"uv": [8.375, 9.875, 8.625, 10.125], "texture": "#0"},
				"south": {"uv": [9.875, 8.5, 10.125, 8.75], "texture": "#0"},
				"west": {"uv": [8.625, 9.875, 8.875, 10.125], "texture": "#0"},
				"up": {"uv": [10.125, 9.5, 9.875, 9.25], "texture": "#0"},
				"down": {"uv": [10.125, 9.5, 9.875, 9.75], "texture": "#0"}
			}
		},
		{
			"from": [-5, 1, -3],
			"to": [-3, 3, -1],
			"faces": {
				"north": {"uv": [9.625, 9.875, 9.875, 10.125], "texture": "#0"},
				"east": {"uv": [9.875, 9.75, 10.125, 10], "texture": "#0"},
				"south": {"uv": [10, 1.5, 10.25, 1.75], "texture": "#0"},
				"west": {"uv": [10, 1.75, 10.25, 2], "texture": "#0"},
				"up": {"uv": [2.125, 10.25, 1.875, 10], "texture": "#0"},
				"down": {"uv": [3.625, 10, 3.375, 10.25], "texture": "#0"}
			}
		},
		{
			"from": [-5, 1, 17],
			"to": [-3, 4, 19],
			"faces": {
				"north": {"uv": [7.125, 9.5, 7.375, 9.875], "texture": "#0"},
				"east": {"uv": [3.375, 9.625, 3.625, 10], "texture": "#0"},
				"south": {"uv": [9.625, 5.5, 9.875, 5.875], "texture": "#0"},
				"west": {"uv": [9.625, 5.875, 9.875, 6.25], "texture": "#0"},
				"up": {"uv": [10.25, 7, 10, 6.75], "texture": "#0"},
				"down": {"uv": [10.25, 7, 10, 7.25], "texture": "#0"}
			}
		},
		{
			"from": [-3, 1, 19],
			"to": [-1, 4, 21],
			"faces": {
				"north": {"uv": [7.375, 9.625, 7.625, 10], "texture": "#0"},
				"east": {"uv": [7.625, 9.625, 7.875, 10], "texture": "#0"},
				"south": {"uv": [9.625, 7.75, 9.875, 8.125], "texture": "#0"},
				"west": {"uv": [7.875, 9.625, 8.125, 10], "texture": "#0"},
				"up": {"uv": [7.625, 10.25, 7.375, 10], "texture": "#0"},
				"down": {"uv": [7.875, 10, 7.625, 10.25], "texture": "#0"}
			}
		},
		{
			"from": [-5, 3, 19],
			"to": [-3, 5, 21],
			"faces": {
				"north": {"uv": [7.875, 10, 8.125, 10.25], "texture": "#0"},
				"east": {"uv": [9.875, 10, 10.125, 10.25], "texture": "#0"},
				"south": {"uv": [10.125, 0, 10.375, 0.25], "texture": "#0"},
				"west": {"uv": [10.125, 0.25, 10.375, 0.5], "texture": "#0"},
				"up": {"uv": [10.375, 1.5, 10.125, 1.25], "texture": "#0"},
				"down": {"uv": [4.25, 10.125, 4, 10.375], "texture": "#0"}
			}
		},
		{
			"from": [17, 1, 19],
			"to": [19, 3, 21],
			"faces": {
				"north": {"uv": [5, 10.125, 5.25, 10.375], "texture": "#0"},
				"east": {"uv": [5.25, 10.125, 5.5, 10.375], "texture": "#0"},
				"south": {"uv": [10.125, 5.5, 10.375, 5.75], "texture": "#0"},
				"west": {"uv": [10.125, 5.75, 10.375, 6], "texture": "#0"},
				"up": {"uv": [10.375, 6.25, 10.125, 6], "texture": "#0"},
				"down": {"uv": [6.375, 10.125, 6.125, 10.375], "texture": "#0"}
			}
		},
		{
			"from": [19, 1, 17],
			"to": [21, 3, 19],
			"faces": {
				"north": {"uv": [6.375, 10.125, 6.625, 10.375], "texture": "#0"},
				"east": {"uv": [7.125, 10.125, 7.375, 10.375], "texture": "#0"},
				"south": {"uv": [10.125, 7.5, 10.375, 7.75], "texture": "#0"},
				"west": {"uv": [10.125, 7.75, 10.375, 8], "texture": "#0"},
				"up": {"uv": [8.375, 10.375, 8.125, 10.125], "texture": "#0"},
				"down": {"uv": [10.375, 8.25, 10.125, 8.5], "texture": "#0"}
			}
		},
		{
			"from": [19, 2, 19],
			"to": [21, 4, 21],
			"faces": {
				"north": {"uv": [8.375, 10.125, 8.625, 10.375], "texture": "#0"},
				"east": {"uv": [10.125, 8.5, 10.375, 8.75], "texture": "#0"},
				"south": {"uv": [8.625, 10.125, 8.875, 10.375], "texture": "#0"},
				"west": {"uv": [10.125, 9.25, 10.375, 9.5], "texture": "#0"},
				"up": {"uv": [10.375, 9.75, 10.125, 9.5], "texture": "#0"},
				"down": {"uv": [9.875, 10.125, 9.625, 10.375], "texture": "#0"}
			}
		},
		{
			"from": [19, 1, 19],
			"to": [20, 2, 20],
			"faces": {
				"north": {"uv": [4.125, 10.625, 4.25, 10.75], "texture": "#0"},
				"east": {"uv": [10.625, 4.125, 10.75, 4.25], "texture": "#0"},
				"south": {"uv": [4.375, 10.625, 4.5, 10.75], "texture": "#0"},
				"west": {"uv": [10.625, 4.375, 10.75, 4.5], "texture": "#0"},
				"up": {"uv": [10.75, 4.625, 10.625, 4.5], "texture": "#0"},
				"down": {"uv": [10.75, 4.625, 10.625, 4.75], "texture": "#0"}
			}
		},
		{
			"from": [-5, 2, -5],
			"to": [-3, 4, -3],
			"faces": {
				"north": {"uv": [10, 3.875, 10.25, 4.125], "texture": "#0"},
				"east": {"uv": [10, 4.125, 10.25, 4.375], "texture": "#0"},
				"south": {"uv": [10, 4.375, 10.25, 4.625], "texture": "#0"},
				"west": {"uv": [10, 4.625, 10.25, 4.875], "texture": "#0"},
				"up": {"uv": [10.25, 6.5, 10, 6.25], "texture": "#0"},
				"down": {"uv": [10.25, 6.5, 10, 6.75], "texture": "#0"}
			}
		},
		{
			"from": [-4, 1, -4],
			"to": [-3, 2, -3],
			"faces": {
				"north": {"uv": [10.625, 2.5, 10.75, 2.625], "texture": "#0"},
				"east": {"uv": [10.625, 2.625, 10.75, 2.75], "texture": "#0"},
				"south": {"uv": [10.625, 2.75, 10.75, 2.875], "texture": "#0"},
				"west": {"uv": [10.625, 2.875, 10.75, 3], "texture": "#0"},
				"up": {"uv": [3.125, 10.75, 3, 10.625], "texture": "#0"},
				"down": {"uv": [10.75, 3, 10.625, 3.125], "texture": "#0"}
			}
		},
		{
			"from": [-4, 2, 19],
			"to": [-3, 3, 20],
			"faces": {
				"north": {"uv": [3.125, 10.625, 3.25, 10.75], "texture": "#0"},
				"east": {"uv": [10.625, 3.125, 10.75, 3.25], "texture": "#0"},
				"south": {"uv": [3.25, 10.625, 3.375, 10.75], "texture": "#0"},
				"west": {"uv": [10.625, 3.25, 10.75, 3.375], "texture": "#0"},
				"up": {"uv": [10.75, 3.5, 10.625, 3.375], "texture": "#0"},
				"down": {"uv": [10.75, 3.5, 10.625, 3.625], "texture": "#0"}
			}
		},
		{
			"from": [-5, 5, 20],
			"to": [-4, 6, 21],
			"faces": {
				"north": {"uv": [3.625, 10.625, 3.75, 10.75], "texture": "#0"},
				"east": {"uv": [10.625, 3.625, 10.75, 3.75], "texture": "#0"},
				"south": {"uv": [10.625, 3.75, 10.75, 3.875], "texture": "#0"},
				"west": {"uv": [10.625, 3.875, 10.75, 4], "texture": "#0"},
				"up": {"uv": [4.125, 10.75, 4, 10.625], "texture": "#0"},
				"down": {"uv": [10.75, 4, 10.625, 4.125], "texture": "#0"}
			}
		},
		{
			"from": [8, 2, -6],
			"to": [17, 4, -4],
			"faces": {
				"north": {"uv": [8.875, 6.75, 10, 7], "texture": "#0"},
				"east": {"uv": [5.25, 9.875, 5.5, 10.125], "texture": "#0"},
				"south": {"uv": [8.875, 7, 10, 7.25], "texture": "#0"},
				"west": {"uv": [9.875, 5.5, 10.125, 5.75], "texture": "#0"},
				"up": {"uv": [10.125, 0.25, 9, 0], "texture": "#0"},
				"down": {"uv": [10.125, 0.25, 9, 0.5], "texture": "#0"}
			}
		},
		{
			"from": [17, 2, -5],
			"to": [20, 4, -3],
			"faces": {
				"north": {"uv": [9.5, 1.25, 9.875, 1.5], "texture": "#0"},
				"east": {"uv": [9.875, 5.75, 10.125, 6], "texture": "#0"},
				"south": {"uv": [9.5, 7.5, 9.875, 7.75], "texture": "#0"},
				"west": {"uv": [9.875, 6, 10.125, 6.25], "texture": "#0"},
				"up": {"uv": [9.25, 9.75, 8.875, 9.5], "texture": "#0"},
				"down": {"uv": [9.625, 9.5, 9.25, 9.75], "texture": "#0"}
			}
		},
		{
			"from": [18, 4, -5],
			"to": [21, 5, -4],
			"faces": {
				"north": {"uv": [10.25, 8.125, 10.625, 8.25], "texture": "#0"},
				"east": {"uv": [10.625, 1, 10.75, 1.125], "texture": "#0"},
				"south": {"uv": [8.875, 10.25, 9.25, 10.375], "texture": "#0"},
				"west": {"uv": [10.625, 1.125, 10.75, 1.25], "texture": "#0"},
				"up": {"uv": [9.625, 10.375, 9.25, 10.25], "texture": "#0"},
				"down": {"uv": [10.25, 10.25, 9.875, 10.375], "texture": "#0"}
			}
		},
		{
			"from": [20, 3, -4],
			"to": [21, 4, -3],
			"faces": {
				"north": {"uv": [10.625, 1.75, 10.75, 1.875], "texture": "#0"},
				"east": {"uv": [10.625, 1.875, 10.75, 2], "texture": "#0"},
				"south": {"uv": [10.625, 2, 10.75, 2.125], "texture": "#0"},
				"west": {"uv": [10.625, 2.125, 10.75, 2.25], "texture": "#0"},
				"up": {"uv": [10.75, 2.375, 10.625, 2.25], "texture": "#0"},
				"down": {"uv": [10.75, 2.375, 10.625, 2.5], "texture": "#0"}
			}
		},
		{
			"from": [19, 5, -5],
			"to": [21, 6, -4],
			"faces": {
				"north": {"uv": [10.375, 4.75, 10.625, 4.875], "texture": "#0"},
				"east": {"uv": [10.625, 1.5, 10.75, 1.625], "texture": "#0"},
				"south": {"uv": [5.125, 10.375, 5.375, 10.5], "texture": "#0"},
				"west": {"uv": [10.625, 1.625, 10.75, 1.75], "texture": "#0"},
				"up": {"uv": [10.625, 5.625, 10.375, 5.5], "texture": "#0"},
				"down": {"uv": [10.625, 5.625, 10.375, 5.75], "texture": "#0"}
			}
		},
		{
			"from": [20, 4, -4],
			"to": [21, 5, -2],
			"faces": {
				"north": {"uv": [10.625, 1.25, 10.75, 1.375], "texture": "#0"},
				"east": {"uv": [3.25, 8.75, 3.5, 8.875], "texture": "#0"},
				"south": {"uv": [10.625, 1.375, 10.75, 1.5], "texture": "#0"},
				"west": {"uv": [10.375, 4.375, 10.625, 4.5], "texture": "#0"},
				"up": {"uv": [10.5, 4.75, 10.375, 4.5], "texture": "#0"},
				"down": {"uv": [5.125, 10.375, 5, 10.625], "texture": "#0"}
			}
		},
		{
			"from": [16, 2, -3],
			"to": [19, 3, -2],
			"faces": {
				"north": {"uv": [9.875, 8, 10.25, 8.125], "texture": "#0"},
				"east": {"uv": [10.625, 0.5, 10.75, 0.625], "texture": "#0"},
				"south": {"uv": [10.25, 7, 10.625, 7.125], "texture": "#0"},
				"west": {"uv": [10.625, 0.625, 10.75, 0.75], "texture": "#0"},
				"up": {"uv": [10.625, 7.25, 10.25, 7.125], "texture": "#0"},
				"down": {"uv": [10.625, 8, 10.25, 8.125], "texture": "#0"}
			}
		},
		{
			"from": [18, 2, -2],
			"to": [19, 3, 0],
			"faces": {
				"north": {"uv": [10.625, 0.75, 10.75, 0.875], "texture": "#0"},
				"east": {"uv": [0.75, 8.5, 1, 8.625], "texture": "#0"},
				"south": {"uv": [10.625, 0.875, 10.75, 1], "texture": "#0"},
				"west": {"uv": [6.125, 8.625, 6.375, 8.75], "texture": "#0"},
				"up": {"uv": [4.25, 10.625, 4.125, 10.375], "texture": "#0"},
				"down": {"uv": [10.5, 4.125, 10.375, 4.375], "texture": "#0"}
			}
		},
		{
			"from": [19, 2, -3],
			"to": [21, 4, -1],
			"faces": {
				"north": {"uv": [6.125, 9.875, 6.375, 10.125], "texture": "#0"},
				"east": {"uv": [6.375, 9.875, 6.625, 10.125], "texture": "#0"},
				"south": {"uv": [7.125, 9.875, 7.375, 10.125], "texture": "#0"},
				"west": {"uv": [9.875, 7.5, 10.125, 7.75], "texture": "#0"},
				"up": {"uv": [10.125, 8, 9.875, 7.75], "texture": "#0"},
				"down": {"uv": [8.375, 9.875, 8.125, 10.125], "texture": "#0"}
			}
		},
		{
			"from": [1, 2, 1],
			"to": [15, 6, 15],
			"faces": {
				"north": {"uv": [6, 4.25, 7.75, 4.75], "texture": "#0"},
				"east": {"uv": [6, 4.75, 7.75, 5.25], "texture": "#0"},
				"south": {"uv": [6, 5.25, 7.75, 5.75], "texture": "#0"},
				"west": {"uv": [6.25, 0, 8, 0.5], "texture": "#0"},
				"up": {"uv": [4.5, 1.75, 2.75, 0], "texture": "#0"},
				"down": {"uv": [4.5, 1.75, 2.75, 3.5], "texture": "#0"}
			}
		},
		{
			"from": [2, 2, 15],
			"to": [14, 5, 16],
			"faces": {
				"north": {"uv": [7.75, 2, 9.25, 2.375], "texture": "#0"},
				"east": {"uv": [4.75, 10.25, 4.875, 10.625], "texture": "#0"},
				"south": {"uv": [2.25, 7.75, 3.75, 8.125], "texture": "#0"},
				"west": {"uv": [4.875, 10.25, 5, 10.625], "texture": "#0"},
				"up": {"uv": [7.625, 9.25, 6.125, 9.125], "texture": "#0"},
				"down": {"uv": [9.125, 9.125, 7.625, 9.25], "texture": "#0"}
			}
		},
		{
			"from": [2, 2, 0],
			"to": [14, 5, 1],
			"faces": {
				"north": {"uv": [7.75, 2.375, 9.25, 2.75], "texture": "#0"},
				"east": {"uv": [5.5, 10.25, 5.625, 10.625], "texture": "#0"},
				"south": {"uv": [7.75, 2.75, 9.25, 3.125], "texture": "#0"},
				"west": {"uv": [5.625, 10.25, 5.75, 10.625], "texture": "#0"},
				"up": {"uv": [10.625, 8.875, 9.125, 8.75], "texture": "#0"},
				"down": {"uv": [10.625, 8.875, 9.125, 9], "texture": "#0"}
			}
		},
		{
			"from": [0, 2, 2],
			"to": [1, 5, 14],
			"faces": {
				"north": {"uv": [5.75, 10.25, 5.875, 10.625], "texture": "#0"},
				"east": {"uv": [7.75, 3.125, 9.25, 3.5], "texture": "#0"},
				"south": {"uv": [10.25, 6.25, 10.375, 6.625], "texture": "#0"},
				"west": {"uv": [7.75, 3.5, 9.25, 3.875], "texture": "#0"},
				"up": {"uv": [5.625, 10.25, 5.5, 8.75], "texture": "#0"},
				"down": {"uv": [1.625, 8.875, 1.5, 10.375], "texture": "#0"}
			}
		},
		{
			"from": [2, 6, 2],
			"to": [14, 14, 14],
			"faces": {
				"north": {"uv": [4.5, 4.75, 6, 5.75], "texture": "#0"},
				"east": {"uv": [2.75, 5.25, 4.25, 6.25], "texture": "#0"},
				"south": {"uv": [0, 5.5, 1.5, 6.5], "texture": "#0"},
				"west": {"uv": [4.25, 5.75, 5.75, 6.75], "texture": "#0"},
				"up": {"uv": [6, 3.25, 4.5, 1.75], "texture": "#0"},
				"down": {"uv": [6, 3.25, 4.5, 4.75], "texture": "#0"}
			}
		},
		{
			"from": [1, 14, 1],
			"to": [15, 19, 15],
			"faces": {
				"north": {"uv": [6, 1.75, 7.75, 2.375], "texture": "#0"},
				"east": {"uv": [6, 2.375, 7.75, 3], "texture": "#0"},
				"south": {"uv": [6, 3, 7.75, 3.625], "texture": "#0"},
				"west": {"uv": [6, 3.625, 7.75, 4.25], "texture": "#0"},
				"up": {"uv": [4.5, 5.25, 2.75, 3.5], "texture": "#0"},
				"down": {"uv": [6.25, 0, 4.5, 1.75], "texture": "#0"}
			}
		},
		{
			"from": [4, 10, 1],
			"to": [12, 14, 2],
			"faces": {
				"north": {"uv": [7.75, 5.25, 8.75, 5.75], "texture": "#0"},
				"east": {"uv": [4.125, 6.25, 4.25, 6.75], "texture": "#0"},
				"south": {"uv": [6.5, 7.75, 7.5, 8.25], "texture": "#0"},
				"west": {"uv": [5.625, 6.75, 5.75, 7.25], "texture": "#0"},
				"up": {"uv": [3.125, 9.125, 2.125, 9], "texture": "#0"},
				"down": {"uv": [3.125, 9.125, 2.125, 9.25], "texture": "#0"}
			}
		},
		{
			"from": [1, 10, 4],
			"to": [2, 14, 12],
			"faces": {
				"north": {"uv": [3.625, 9.625, 3.75, 10.125], "texture": "#0"},
				"east": {"uv": [7.5, 7.75, 8.5, 8.25], "texture": "#0"},
				"south": {"uv": [4.5, 9.75, 4.625, 10.25], "texture": "#0"},
				"west": {"uv": [7.875, 5.75, 8.875, 6.25], "texture": "#0"},
				"up": {"uv": [3.875, 10.25, 3.75, 9.25], "texture": "#0"},
				"down": {"uv": [4, 9.25, 3.875, 10.25], "texture": "#0"}
			}
		},
		{
			"from": [3, 15, 0],
			"to": [13, 19, 1],
			"faces": {
				"north": {"uv": [2.375, 6.25, 3.625, 6.75], "texture": "#0"},
				"east": {"uv": [4.625, 9.75, 4.75, 10.25], "texture": "#0"},
				"south": {"uv": [0, 6.5, 1.25, 7], "texture": "#0"},
				"west": {"uv": [4.75, 9.75, 4.875, 10.25], "texture": "#0"},
				"up": {"uv": [10.375, 9.125, 9.125, 9], "texture": "#0"},
				"down": {"uv": [10.375, 9.125, 9.125, 9.25], "texture": "#0"}
			}
		},
		{
			"from": [3, 5, 0],
			"to": [13, 6, 1],
			"faces": {
				"north": {"uv": [9.25, 2, 10.5, 2.125], "texture": "#0"},
				"east": {"uv": [6.375, 8.125, 6.5, 8.25], "texture": "#0"},
				"south": {"uv": [2.125, 9.25, 3.375, 9.375], "texture": "#0"},
				"west": {"uv": [2.125, 8.625, 2.25, 8.75], "texture": "#0"},
				"up": {"uv": [10.5, 2.25, 9.25, 2.125], "texture": "#0"},
				"down": {"uv": [10.5, 2.25, 9.25, 2.375], "texture": "#0"}
			}
		},
		{
			"from": [0, 5, 3],
			"to": [1, 6, 13],
			"faces": {
				"north": {"uv": [10.5, 9.125, 10.625, 9.25], "texture": "#0"},
				"east": {"uv": [9.25, 2.375, 10.5, 2.5], "texture": "#0"},
				"south": {"uv": [9.75, 10.5, 9.875, 10.625], "texture": "#0"},
				"west": {"uv": [9.25, 2.5, 10.5, 2.625], "texture": "#0"},
				"up": {"uv": [4.125, 10.125, 4, 8.875], "texture": "#0"},
				"down": {"uv": [4.25, 8.875, 4.125, 10.125], "texture": "#0"}
			}
		},
		{
			"from": [3, 5, 15],
			"to": [13, 6, 16],
			"faces": {
				"north": {"uv": [9.25, 2.625, 10.5, 2.75], "texture": "#0"},
				"east": {"uv": [9.875, 10.5, 10, 10.625], "texture": "#0"},
				"south": {"uv": [9.25, 2.75, 10.5, 2.875], "texture": "#0"},
				"west": {"uv": [10.5, 9.875, 10.625, 10], "texture": "#0"},
				"up": {"uv": [10.5, 3, 9.25, 2.875], "texture": "#0"},
				"down": {"uv": [10.5, 3, 9.25, 3.125], "texture": "#0"}
			}
		},
		{
			"from": [15, 2, 2],
			"to": [16, 5, 14],
			"faces": {
				"north": {"uv": [6.625, 10.25, 6.75, 10.625], "texture": "#0"},
				"east": {"uv": [7.75, 4.875, 9.25, 5.25], "texture": "#0"},
				"south": {"uv": [10.25, 6.625, 10.375, 7], "texture": "#0"},
				"west": {"uv": [5, 7.75, 6.5, 8.125], "texture": "#0"},
				"up": {"uv": [1.75, 10.375, 1.625, 8.875], "texture": "#0"},
				"down": {"uv": [1.875, 8.875, 1.75, 10.375], "texture": "#0"}
			}
		},
		{
			"from": [15, 5, 3],
			"to": [16, 6, 13],
			"faces": {
				"north": {"uv": [10, 10.5, 10.125, 10.625], "texture": "#0"},
				"east": {"uv": [9.25, 3.125, 10.5, 3.25], "texture": "#0"},
				"south": {"uv": [10.5, 10, 10.625, 10.125], "texture": "#0"},
				"west": {"uv": [9.25, 3.25, 10.5, 3.375], "texture": "#0"},
				"up": {"uv": [0.625, 10.25, 0.5, 9], "texture": "#0"},
				"down": {"uv": [0.75, 9, 0.625, 10.25], "texture": "#0"}
			}
		},
		{
			"from": [3, 15, 15],
			"to": [13, 19, 16],
			"faces": {
				"north": {"uv": [6.625, 5.75, 7.875, 6.25], "texture": "#0"},
				"east": {"uv": [4.875, 9.75, 5, 10.25], "texture": "#0"},
				"south": {"uv": [6.625, 6.25, 7.875, 6.75], "texture": "#0"},
				"west": {"uv": [5.625, 9.75, 5.75, 10.25], "texture": "#0"},
				"up": {"uv": [10.5, 3.5, 9.25, 3.375], "texture": "#0"},
				"down": {"uv": [10.5, 3.5, 9.25, 3.625], "texture": "#0"}
			}
		},
		{
			"from": [0, 15, 3],
			"to": [1, 19, 13],
			"faces": {
				"north": {"uv": [5.75, 9.75, 5.875, 10.25], "texture": "#0"},
				"east": {"uv": [2.375, 6.75, 3.625, 7.25], "texture": "#0"},
				"south": {"uv": [9.75, 8.25, 9.875, 8.75], "texture": "#0"},
				"west": {"uv": [3.625, 6.75, 4.875, 7.25], "texture": "#0"},
				"up": {"uv": [0.875, 10.5, 0.75, 9.25], "texture": "#0"},
				"down": {"uv": [1, 9.25, 0.875, 10.5], "texture": "#0"}
			}
		},
		{
			"from": [15, 15, 3],
			"to": [16, 19, 13],
			"faces": {
				"north": {"uv": [8.875, 9.75, 9, 10.25], "texture": "#0"},
				"east": {"uv": [6.625, 6.75, 7.875, 7.25], "texture": "#0"},
				"south": {"uv": [9, 9.75, 9.125, 10.25], "texture": "#0"},
				"west": {"uv": [0, 7, 1.25, 7.5], "texture": "#0"},
				"up": {"uv": [1.125, 10.5, 1, 9.25], "texture": "#0"},
				"down": {"uv": [1.25, 9.25, 1.125, 10.5], "texture": "#0"}
			}
		},
		{
			"from": [5, 12, 0],
			"to": [11, 15, 1],
			"faces": {
				"north": {"uv": [6.125, 8.75, 6.875, 9.125], "texture": "#0"},
				"east": {"uv": [6.75, 10.25, 6.875, 10.625], "texture": "#0"},
				"south": {"uv": [6.875, 8.75, 7.625, 9.125], "texture": "#0"},
				"west": {"uv": [6.875, 10.25, 7, 10.625], "texture": "#0"},
				"up": {"uv": [7.375, 9.5, 6.625, 9.375], "texture": "#0"},
				"down": {"uv": [9.625, 9.375, 8.875, 9.5], "texture": "#0"}
			}
		},
		{
			"from": [5, 12, 15],
			"to": [11, 15, 16],
			"faces": {
				"north": {"uv": [7.625, 8.75, 8.375, 9.125], "texture": "#0"},
				"east": {"uv": [7, 10.25, 7.125, 10.625], "texture": "#0"},
				"south": {"uv": [8.375, 8.75, 9.125, 9.125], "texture": "#0"},
				"west": {"uv": [7.375, 10.25, 7.5, 10.625], "texture": "#0"},
				"up": {"uv": [10.25, 0.625, 9.5, 0.5], "texture": "#0"},
				"down": {"uv": [10.25, 0.625, 9.5, 0.75], "texture": "#0"}
			}
		},
		{
			"from": [0, 12, 5],
			"to": [1, 15, 11],
			"faces": {
				"north": {"uv": [7.5, 10.25, 7.625, 10.625], "texture": "#0"},
				"east": {"uv": [0.75, 8.875, 1.5, 9.25], "texture": "#0"},
				"south": {"uv": [7.625, 10.25, 7.75, 10.625], "texture": "#0"},
				"west": {"uv": [3.25, 8.875, 4, 9.25], "texture": "#0"},
				"up": {"uv": [0.125, 10.25, 0, 9.5], "texture": "#0"},
				"down": {"uv": [0.25, 9.5, 0.125, 10.25], "texture": "#0"}
			}
		},
		{
			"from": [15, 12, 5],
			"to": [16, 15, 11],
			"faces": {
				"north": {"uv": [7.75, 10.25, 7.875, 10.625], "texture": "#0"},
				"east": {"uv": [8.875, 5.5, 9.625, 5.875], "texture": "#0"},
				"south": {"uv": [7.875, 10.25, 8, 10.625], "texture": "#0"},
				"west": {"uv": [8.875, 5.875, 9.625, 6.25], "texture": "#0"},
				"up": {"uv": [0.375, 10.25, 0.25, 9.5], "texture": "#0"},
				"down": {"uv": [0.5, 9.5, 0.375, 10.25], "texture": "#0"}
			}
		},
		{
			"from": [5, 6, 1],
			"to": [11, 10, 2],
			"faces": {
				"north": {"uv": [4.875, 6.75, 5.625, 7.25], "texture": "#0"},
				"east": {"uv": [9.125, 9.75, 9.25, 10.25], "texture": "#0"},
				"south": {"uv": [5.625, 8.125, 6.375, 8.625], "texture": "#0"},
				"west": {"uv": [9.25, 9.75, 9.375, 10.25], "texture": "#0"},
				"up": {"uv": [10.25, 0.875, 9.5, 0.75], "texture": "#0"},
				"down": {"uv": [10.25, 0.875, 9.5, 1], "texture": "#0"}
			}
		},
		{
			"from": [1, 6, 5],
			"to": [2, 10, 11],
			"faces": {
				"north": {"uv": [9.375, 9.75, 9.5, 10.25], "texture": "#0"},
				"east": {"uv": [6.375, 8.25, 7.125, 8.75], "texture": "#0"},
				"south": {"uv": [9.5, 9.75, 9.625, 10.25], "texture": "#0"},
				"west": {"uv": [7.125, 8.25, 7.875, 8.75], "texture": "#0"},
				"up": {"uv": [6.75, 10.25, 6.625, 9.5], "texture": "#0"},
				"down": {"uv": [6.875, 9.5, 6.75, 10.25], "texture": "#0"}
			}
		},
		{
			"from": [4, 10, 14],
			"to": [12, 14, 15],
			"faces": {
				"north": {"uv": [7.875, 6.25, 8.875, 6.75], "texture": "#0"},
				"east": {"uv": [2.375, 9.875, 2.5, 10.375], "texture": "#0"},
				"south": {"uv": [7.875, 6.75, 8.875, 7.25], "texture": "#0"},
				"west": {"uv": [2.5, 9.875, 2.625, 10.375], "texture": "#0"},
				"up": {"uv": [10.25, 8.25, 9.25, 8.125], "texture": "#0"},
				"down": {"uv": [9.875, 9.25, 8.875, 9.375], "texture": "#0"}
			}
		},
		{
			"from": [5, 6, 14],
			"to": [11, 10, 15],
			"faces": {
				"north": {"uv": [7.875, 8.25, 8.625, 8.75], "texture": "#0"},
				"east": {"uv": [2.625, 9.875, 2.75, 10.375], "texture": "#0"},
				"south": {"uv": [3.5, 8.375, 4.25, 8.875], "texture": "#0"},
				"west": {"uv": [2.75, 9.875, 2.875, 10.375], "texture": "#0"},
				"up": {"uv": [10.25, 1.125, 9.5, 1], "texture": "#0"},
				"down": {"uv": [10.25, 1.125, 9.5, 1.25], "texture": "#0"}
			}
		},
		{
			"from": [14, 10, 4],
			"to": [15, 14, 12],
			"faces": {
				"north": {"uv": [2.875, 9.875, 3, 10.375], "texture": "#0"},
				"east": {"uv": [0, 8, 1, 8.5], "texture": "#0"},
				"south": {"uv": [3, 9.875, 3.125, 10.375], "texture": "#0"},
				"west": {"uv": [8, 0, 9, 0.5], "texture": "#0"},
				"up": {"uv": [2.25, 10.375, 2.125, 9.375], "texture": "#0"},
				"down": {"uv": [2.375, 9.375, 2.25, 10.375], "texture": "#0"}
			}
		},
		{
			"from": [14, 6, 5],
			"to": [15, 10, 11],
			"faces": {
				"north": {"uv": [3.125, 9.875, 3.25, 10.375], "texture": "#0"},
				"east": {"uv": [0, 8.5, 0.75, 9], "texture": "#0"},
				"south": {"uv": [3.25, 9.875, 3.375, 10.375], "texture": "#0"},
				"west": {"uv": [8.5, 7.75, 9.25, 8.25], "texture": "#0"},
				"up": {"uv": [7, 10.25, 6.875, 9.5], "texture": "#0"},
				"down": {"uv": [7.125, 9.5, 7, 10.25], "texture": "#0"}
			}
		},
		{
			"from": [-3, 2, -2],
			"to": [2, 7, 3],
			"rotation": {"angle": 22.5, "axis": "y", "origin": [0, 0, 0]},
			"faces": {
				"north": {"uv": [3.75, 7.75, 4.375, 8.375], "texture": "#0"},
				"east": {"uv": [1, 8, 1.625, 8.625], "texture": "#0"},
				"south": {"uv": [1.625, 8, 2.25, 8.625], "texture": "#0"},
				"west": {"uv": [2.25, 8.125, 2.875, 8.75], "texture": "#0"},
				"up": {"uv": [3.5, 8.75, 2.875, 8.125], "texture": "#0"},
				"down": {"uv": [5.625, 8.125, 5, 8.75], "texture": "#0"}
			}
		},
		{
			"from": [-2, 3, -3],
			"to": [1, 6, -2],
			"rotation": {"angle": 22.5, "axis": "y", "origin": [0, 0, 0]},
			"faces": {
				"north": {"uv": [2.375, 5.5, 2.75, 5.875], "texture": "#0"},
				"east": {"uv": [8, 10.25, 8.125, 10.625], "texture": "#0"},
				"south": {"uv": [2.375, 5.875, 2.75, 6.25], "texture": "#0"},
				"west": {"uv": [10.25, 10.25, 10.375, 10.625], "texture": "#0"},
				"up": {"uv": [10.75, 0.125, 10.375, 0], "texture": "#0"},
				"down": {"uv": [10.75, 0.125, 10.375, 0.25], "texture": "#0"}
			}
		},
		{
			"from": [-3, 3.5, -3],
			"to": [-2, 5.5, -2],
			"rotation": {"angle": 22.5, "axis": "y", "origin": [0, 0, 0]},
			"faces": {
				"north": {"uv": [10.375, 9.875, 10.5, 10.125], "texture": "#0"},
				"east": {"uv": [10.125, 10.375, 10.25, 10.625], "texture": "#0"},
				"south": {"uv": [10.375, 10.125, 10.5, 10.375], "texture": "#0"},
				"west": {"uv": [10.375, 10.375, 10.5, 10.625], "texture": "#0"},
				"up": {"uv": [10.75, 6.25, 10.625, 6.125], "texture": "#0"},
				"down": {"uv": [6.375, 10.625, 6.25, 10.75], "texture": "#0"}
			}
		},
		{
			"from": [1, 3.5, -3],
			"to": [2, 5.5, -2],
			"rotation": {"angle": 22.5, "axis": "y", "origin": [0, 0, 0]},
			"faces": {
				"north": {"uv": [0, 10.5, 0.125, 10.75], "texture": "#0"},
				"east": {"uv": [0.125, 10.5, 0.25, 10.75], "texture": "#0"},
				"south": {"uv": [0.25, 10.5, 0.375, 10.75], "texture": "#0"},
				"west": {"uv": [0.375, 10.5, 0.5, 10.75], "texture": "#0"},
				"up": {"uv": [10.75, 6.375, 10.625, 6.25], "texture": "#0"},
				"down": {"uv": [6.5, 10.625, 6.375, 10.75], "texture": "#0"}
			}
		},
		{
			"from": [2, 3.5, -2],
			"to": [3, 5.5, -1],
			"rotation": {"angle": 22.5, "axis": "y", "origin": [0, 0, 0]},
			"faces": {
				"north": {"uv": [0.5, 10.5, 0.625, 10.75], "texture": "#0"},
				"east": {"uv": [10.5, 0.5, 10.625, 0.75], "texture": "#0"},
				"south": {"uv": [0.625, 10.5, 0.75, 10.75], "texture": "#0"},
				"west": {"uv": [0.75, 10.5, 0.875, 10.75], "texture": "#0"},
				"up": {"uv": [10.75, 6.5, 10.625, 6.375], "texture": "#0"},
				"down": {"uv": [6.625, 10.625, 6.5, 10.75], "texture": "#0"}
			}
		},
		{
			"from": [2, 3.5, 2],
			"to": [3, 5.5, 3],
			"rotation": {"angle": 22.5, "axis": "y", "origin": [0, 0, 0]},
			"faces": {
				"north": {"uv": [10.5, 0.75, 10.625, 1], "texture": "#0"},
				"east": {"uv": [0.875, 10.5, 1, 10.75], "texture": "#0"},
				"south": {"uv": [1, 10.5, 1.125, 10.75], "texture": "#0"},
				"west": {"uv": [10.5, 1, 10.625, 1.25], "texture": "#0"},
				"up": {"uv": [10.75, 6.625, 10.625, 6.5], "texture": "#0"},
				"down": {"uv": [6.75, 10.625, 6.625, 10.75], "texture": "#0"}
			}
		},
		{
			"from": [1, 3.5, 3],
			"to": [2, 5.5, 4],
			"rotation": {"angle": 22.5, "axis": "y", "origin": [0, 0, 0]},
			"faces": {
				"north": {"uv": [1.125, 10.5, 1.25, 10.75], "texture": "#0"},
				"east": {"uv": [1.25, 10.5, 1.375, 10.75], "texture": "#0"},
				"south": {"uv": [10.5, 1.25, 10.625, 1.5], "texture": "#0"},
				"west": {"uv": [1.375, 10.5, 1.5, 10.75], "texture": "#0"},
				"up": {"uv": [10.75, 6.75, 10.625, 6.625], "texture": "#0"},
				"down": {"uv": [6.875, 10.625, 6.75, 10.75], "texture": "#0"}
			}
		},
		{
			"from": [-3, 3.5, 3],
			"to": [-2, 5.5, 4],
			"rotation": {"angle": 22.5, "axis": "y", "origin": [0, 0, 0]},
			"faces": {
				"north": {"uv": [10.5, 1.5, 10.625, 1.75], "texture": "#0"},
				"east": {"uv": [10.5, 1.75, 10.625, 2], "texture": "#0"},
				"south": {"uv": [10.5, 2, 10.625, 2.25], "texture": "#0"},
				"west": {"uv": [10.5, 2.25, 10.625, 2.5], "texture": "#0"},
				"up": {"uv": [7, 10.75, 6.875, 10.625], "texture": "#0"},
				"down": {"uv": [7.125, 10.625, 7, 10.75], "texture": "#0"}
			}
		},
		{
			"from": [-4, 3.5, 2],
			"to": [-3, 5.5, 3],
			"rotation": {"angle": 22.5, "axis": "y", "origin": [0, 0, 0]},
			"faces": {
				"north": {"uv": [10.5, 2.5, 10.625, 2.75], "texture": "#0"},
				"east": {"uv": [10.5, 2.75, 10.625, 3], "texture": "#0"},
				"south": {"uv": [10.5, 3, 10.625, 3.25], "texture": "#0"},
				"west": {"uv": [10.5, 3.25, 10.625, 3.5], "texture": "#0"},
				"up": {"uv": [10.75, 7.125, 10.625, 7], "texture": "#0"},
				"down": {"uv": [7.25, 10.625, 7.125, 10.75], "texture": "#0"}
			}
		},
		{
			"from": [-4, 3.5, -2],
			"to": [-3, 5.5, -1],
			"rotation": {"angle": 22.5, "axis": "y", "origin": [0, 0, 0]},
			"faces": {
				"north": {"uv": [10.5, 3.5, 10.625, 3.75], "texture": "#0"},
				"east": {"uv": [10.5, 3.75, 10.625, 4], "texture": "#0"},
				"south": {"uv": [10.5, 4, 10.625, 4.25], "texture": "#0"},
				"west": {"uv": [10.5, 4.5, 10.625, 4.75], "texture": "#0"},
				"up": {"uv": [10.75, 7.25, 10.625, 7.125], "texture": "#0"},
				"down": {"uv": [7.375, 10.625, 7.25, 10.75], "texture": "#0"}
			}
		},
		{
			"from": [-2, 3, 3],
			"to": [1, 6, 4],
			"rotation": {"angle": 22.5, "axis": "y", "origin": [0, 0, 0]},
			"faces": {
				"north": {"uv": [3.375, 9.25, 3.75, 9.625], "texture": "#0"},
				"east": {"uv": [1.5, 10.375, 1.625, 10.75], "texture": "#0"},
				"south": {"uv": [7.375, 9.25, 7.75, 9.625], "texture": "#0"},
				"west": {"uv": [1.625, 10.375, 1.75, 10.75], "texture": "#0"},
				"up": {"uv": [10.75, 0.375, 10.375, 0.25], "texture": "#0"},
				"down": {"uv": [10.75, 0.375, 10.375, 0.5], "texture": "#0"}
			}
		},
		{
			"from": [2, 3, -1],
			"to": [3, 6, 2],
			"rotation": {"angle": 22.5, "axis": "y", "origin": [0, 0, 0]},
			"faces": {
				"north": {"uv": [1.75, 10.375, 1.875, 10.75], "texture": "#0"},
				"east": {"uv": [7.75, 9.25, 8.125, 9.625], "texture": "#0"},
				"south": {"uv": [2.125, 10.375, 2.25, 10.75], "texture": "#0"},
				"west": {"uv": [9.25, 7.75, 9.625, 8.125], "texture": "#0"},
				"up": {"uv": [2.375, 10.75, 2.25, 10.375], "texture": "#0"},
				"down": {"uv": [2.5, 10.375, 2.375, 10.75], "texture": "#0"}
			}
		},
		{
			"from": [-4, 3, -1],
			"to": [-3, 6, 2],
			"rotation": {"angle": 22.5, "axis": "y", "origin": [0, 0, 0]},
			"faces": {
				"north": {"uv": [2.5, 10.375, 2.625, 10.75], "texture": "#0"},
				"east": {"uv": [8.125, 9.25, 8.5, 9.625], "texture": "#0"},
				"south": {"uv": [2.625, 10.375, 2.75, 10.75], "texture": "#0"},
				"west": {"uv": [8.5, 9.25, 8.875, 9.625], "texture": "#0"},
				"up": {"uv": [2.875, 10.75, 2.75, 10.375], "texture": "#0"},
				"down": {"uv": [3, 10.375, 2.875, 10.75], "texture": "#0"}
			}
		},
		{
			"from": [-1.5, 6, -3],
			"to": [0.5, 7, -2],
			"rotation": {"angle": 22.5, "axis": "y", "origin": [0, 0, 0]},
			"faces": {
				"north": {"uv": [10.375, 5.75, 10.625, 5.875], "texture": "#0"},
				"east": {"uv": [4.75, 10.625, 4.875, 10.75], "texture": "#0"},
				"south": {"uv": [10.375, 5.875, 10.625, 6], "texture": "#0"},
				"west": {"uv": [10.625, 4.75, 10.75, 4.875], "texture": "#0"},
				"up": {"uv": [10.625, 6.125, 10.375, 6], "texture": "#0"},
				"down": {"uv": [6.375, 10.375, 6.125, 10.5], "texture": "#0"}
			}
		},
		{
			"from": [-1.5, 2, -3],
			"to": [0.5, 3, -2],
			"rotation": {"angle": 22.5, "axis": "y", "origin": [0, 0, 0]},
			"faces": {
				"north": {"uv": [6.125, 10.5, 6.375, 10.625], "texture": "#0"},
				"east": {"uv": [8.5, 10.625, 8.625, 10.75], "texture": "#0"},
				"south": {"uv": [6.375, 10.5, 6.625, 10.625], "texture": "#0"},
				"west": {"uv": [10.625, 8.5, 10.75, 8.625], "texture": "#0"},
				"up": {"uv": [10.75, 6.875, 10.5, 6.75], "texture": "#0"},
				"down": {"uv": [10.75, 6.875, 10.5, 7], "texture": "#0"}
			}
		},
		{
			"from": [-1.5, 6, 3],
			"to": [0.5, 7, 4],
			"rotation": {"angle": 22.5, "axis": "y", "origin": [0, 0, 0]},
			"faces": {
				"north": {"uv": [10.375, 6.125, 10.625, 6.25], "texture": "#0"},
				"east": {"uv": [4.875, 10.625, 5, 10.75], "texture": "#0"},
				"south": {"uv": [10.375, 6.25, 10.625, 6.375], "texture": "#0"},
				"west": {"uv": [5, 10.625, 5.125, 10.75], "texture": "#0"},
				"up": {"uv": [6.625, 10.5, 6.375, 10.375], "texture": "#0"},
				"down": {"uv": [10.625, 6.375, 10.375, 6.5], "texture": "#0"}
			}
		},
		{
			"from": [-1.5, 2, 3],
			"to": [0.5, 3, 4],
			"rotation": {"angle": 22.5, "axis": "y", "origin": [0, 0, 0]},
			"faces": {
				"north": {"uv": [10.5, 7.75, 10.75, 7.875], "texture": "#0"},
				"east": {"uv": [10.625, 8.75, 10.75, 8.875], "texture": "#0"},
				"south": {"uv": [8.375, 10.5, 8.625, 10.625], "texture": "#0"},
				"west": {"uv": [8.875, 10.625, 9, 10.75], "texture": "#0"},
				"up": {"uv": [9.25, 10.625, 9, 10.5], "texture": "#0"},
				"down": {"uv": [10.75, 9, 10.5, 9.125], "texture": "#0"}
			}
		},
		{
			"from": [-4, 6, -0.5],
			"to": [-3, 7, 1.5],
			"rotation": {"angle": 22.5, "axis": "y", "origin": [0, 0, 0]},
			"faces": {
				"north": {"uv": [10.625, 5, 10.75, 5.125], "texture": "#0"},
				"east": {"uv": [10.375, 6.5, 10.625, 6.625], "texture": "#0"},
				"south": {"uv": [10.625, 5.125, 10.75, 5.25], "texture": "#0"},
				"west": {"uv": [10.375, 6.625, 10.625, 6.75], "texture": "#0"},
				"up": {"uv": [5.5, 10.625, 5.375, 10.375], "texture": "#0"},
				"down": {"uv": [10.5, 6.75, 10.375, 7], "texture": "#0"}
			}
		},
		{
			"from": [-4, 2, -0.5],
			"to": [-3, 3, 1.5],
			"rotation": {"angle": 22.5, "axis": "y", "origin": [0, 0, 0]},
			"faces": {
				"north": {"uv": [8.375, 10.625, 8.5, 10.75], "texture": "#0"},
				"east": {"uv": [10.5, 4.25, 10.75, 4.375], "texture": "#0"},
				"south": {"uv": [10.625, 8.375, 10.75, 8.5], "texture": "#0"},
				"west": {"uv": [10.5, 4.875, 10.75, 5], "texture": "#0"},
				"up": {"uv": [10.625, 5.25, 10.5, 5], "texture": "#0"},
				"down": {"uv": [5.25, 10.5, 5.125, 10.75], "texture": "#0"}
			}
		},
		{
			"from": [2, 6, -0.5],
			"to": [3, 7, 1.5],
			"rotation": {"angle": 22.5, "axis": "y", "origin": [0, 0, 0]},
			"faces": {
				"north": {"uv": [5.375, 10.625, 5.5, 10.75], "texture": "#0"},
				"east": {"uv": [7.125, 10.375, 7.375, 10.5], "texture": "#0"},
				"south": {"uv": [5.5, 10.625, 5.625, 10.75], "texture": "#0"},
				"west": {"uv": [10.375, 7.5, 10.625, 7.625], "texture": "#0"},
				"up": {"uv": [10.5, 7.875, 10.375, 7.625], "texture": "#0"},
				"down": {"uv": [8.25, 10.375, 8.125, 10.625], "texture": "#0"}
			}
		},
		{
			"from": [2, 2, -0.5],
			"to": [3, 3, 1.5],
			"rotation": {"angle": 22.5, "axis": "y", "origin": [0, 0, 0]},
			"faces": {
				"north": {"uv": [10.625, 8.625, 10.75, 8.75], "texture": "#0"},
				"east": {"uv": [7.125, 10.5, 7.375, 10.625], "texture": "#0"},
				"south": {"uv": [8.75, 10.625, 8.875, 10.75], "texture": "#0"},
				"west": {"uv": [10.5, 7.625, 10.75, 7.75], "texture": "#0"},
				"up": {"uv": [5.375, 10.75, 5.25, 10.5], "texture": "#0"},
				"down": {"uv": [8.375, 10.5, 8.25, 10.75], "texture": "#0"}
			}
		},
		{
			"from": [-1.5, 7, -0.5],
			"to": [0.5, 8, 1.5],
			"rotation": {"angle": 22.5, "axis": "y", "origin": [0, 0, 0]},
			"faces": {
				"north": {"uv": [10.375, 7.875, 10.625, 8], "texture": "#0"},
				"east": {"uv": [8.25, 10.375, 8.5, 10.5], "texture": "#0"},
				"south": {"uv": [10.375, 8.25, 10.625, 8.375], "texture": "#0"},
				"west": {"uv": [10.375, 8.375, 10.625, 8.5], "texture": "#0"},
				"up": {"uv": [10.375, 10, 10.125, 9.75], "texture": "#0"},
				"down": {"uv": [10.375, 10, 10.125, 10.25], "texture": "#0"}
			}
		},
		{
			"from": [-1, 8, 0],
			"to": [0, 9, 1],
			"rotation": {"angle": 22.5, "axis": "y", "origin": [0, 0, 0]},
			"faces": {
				"north": {"uv": [7.375, 10.625, 7.5, 10.75], "texture": "#0"},
				"east": {"uv": [7.5, 10.625, 7.625, 10.75], "texture": "#0"},
				"south": {"uv": [10.625, 7.5, 10.75, 7.625], "texture": "#0"},
				"west": {"uv": [7.625, 10.625, 7.75, 10.75], "texture": "#0"},
				"up": {"uv": [7.875, 10.75, 7.75, 10.625], "texture": "#0"},
				"down": {"uv": [8, 10.625, 7.875, 10.75], "texture": "#0"}
			}
		},
		{
			"from": [-1.25, 9, -0.25],
			"to": [-0.25, 10, 0.75],
			"rotation": {"angle": 22.5, "axis": "y", "origin": [0, 0, 0]},
			"faces": {
				"north": {"uv": [10.625, 7.875, 10.75, 8], "texture": "#0"},
				"east": {"uv": [8, 10.625, 8.125, 10.75], "texture": "#0"},
				"south": {"uv": [10.625, 8, 10.75, 8.125], "texture": "#0"},
				"west": {"uv": [8.125, 10.625, 8.25, 10.75], "texture": "#0"},
				"up": {"uv": [10.75, 8.25, 10.625, 8.125], "texture": "#0"},
				"down": {"uv": [10.75, 8.25, 10.625, 8.375], "texture": "#0"}
			}
		},
		{
			"from": [-2.5, 7, -0.5],
			"to": [-1.5, 8, 1.5],
			"rotation": {"angle": 22.5, "axis": "y", "origin": [0, 0, 0]},
			"faces": {
				"north": {"uv": [10.625, 5.5, 10.75, 5.625], "texture": "#0"},
				"east": {"uv": [8.5, 10.375, 8.75, 10.5], "texture": "#0"},
				"south": {"uv": [5.625, 10.625, 5.75, 10.75], "texture": "#0"},
				"west": {"uv": [10.375, 8.5, 10.625, 8.625], "texture": "#0"},
				"up": {"uv": [8.875, 10.625, 8.75, 10.375], "texture": "#0"},
				"down": {"uv": [9, 10.375, 8.875, 10.625], "texture": "#0"}
			}
		},
		{
			"from": [0.5, 7, -0.5],
			"to": [1.5, 8, 1.5],
			"rotation": {"angle": 22.5, "axis": "y", "origin": [0, 0, 0]},
			"faces": {
				"north": {"uv": [10.625, 5.625, 10.75, 5.75], "texture": "#0"},
				"east": {"uv": [10.375, 8.625, 10.625, 8.75], "texture": "#0"},
				"south": {"uv": [5.75, 10.625, 5.875, 10.75], "texture": "#0"},
				"west": {"uv": [9, 10.375, 9.25, 10.5], "texture": "#0"},
				"up": {"uv": [10.5, 9.25, 10.375, 9], "texture": "#0"},
				"down": {"uv": [9.375, 10.375, 9.25, 10.625], "texture": "#0"}
			}
		},
		{
			"from": [-1.5, 7, 1.5],
			"to": [0.5, 8, 2.5],
			"rotation": {"angle": 22.5, "axis": "y", "origin": [0, 0, 0]},
			"faces": {
				"north": {"uv": [10.375, 9.25, 10.625, 9.375], "texture": "#0"},
				"east": {"uv": [10.625, 5.75, 10.75, 5.875], "texture": "#0"},
				"south": {"uv": [9.375, 10.375, 9.625, 10.5], "texture": "#0"},
				"west": {"uv": [10.625, 5.875, 10.75, 6], "texture": "#0"},
				"up": {"uv": [10.625, 9.5, 10.375, 9.375], "texture": "#0"},
				"down": {"uv": [10.625, 9.5, 10.375, 9.625], "texture": "#0"}
			}
		},
		{
			"from": [-1.5, 7, -1.5],
			"to": [0.5, 8, -0.5],
			"rotation": {"angle": 22.5, "axis": "y", "origin": [0, 0, 0]},
			"faces": {
				"north": {"uv": [9.625, 10.375, 9.875, 10.5], "texture": "#0"},
				"east": {"uv": [10.625, 6, 10.75, 6.125], "texture": "#0"},
				"south": {"uv": [10.375, 9.625, 10.625, 9.75], "texture": "#0"},
				"west": {"uv": [6.125, 10.625, 6.25, 10.75], "texture": "#0"},
				"up": {"uv": [10.625, 9.875, 10.375, 9.75], "texture": "#0"},
				"down": {"uv": [10.125, 10.375, 9.875, 10.5], "texture": "#0"}
			}
		},
		{
			"name": "web",
			"from": [-5, 2, 15],
			"to": [-5, 14, 23],
			"rotation": {"angle": -45, "axis": "y", "origin": [0, 4, 23]},
			"faces": {
				"north": {"uv": [0, 0, 0, 1.5], "texture": "#0"},
				"east": {"uv": [11, 3.875, 11.875, 5.375], "texture": "#0"},
				"south": {"uv": [0, 0, 0, 1.5], "texture": "#0"},
				"west": {"uv": [11, 2.25, 11.875, 3.75], "texture": "#0"},
				"up": {"uv": [0, 0.875, 0, 0], "texture": "#0"},
				"down": {"uv": [0, 0, 0, 0.875], "texture": "#0"}
			}
		},
		{
			"name": "web",
			"from": [5, 2, 15.5],
			"to": [5, 14, 23.5],
			"rotation": {"angle": 22.5, "axis": "y", "origin": [0, 4, 23]},
			"faces": {
				"north": {"uv": [0, 0, 0, 1.5], "texture": "#0"},
				"east": {"uv": [11, 3.875, 11.875, 5.375], "texture": "#0"},
				"south": {"uv": [0, 0, 0, 1.5], "texture": "#0"},
				"west": {"uv": [11, 2.25, 11.875, 3.75], "texture": "#0"},
				"up": {"uv": [0, 0.875, 0, 0], "texture": "#0"},
				"down": {"uv": [0, 0, 0, 0.875], "texture": "#0"}
			}
		},
		{
			"from": [15, -5, 14],
			"to": [17, -1, 16],
			"rotation": {"angle": 0, "axis": "z", "origin": [16.375, -4, 15]},
			"faces": {
				"north": {"uv": [4.25, 5.25, 4.5, 5.75], "texture": "#0"},
				"east": {"uv": [1.25, 6.5, 1.5, 7], "texture": "#0"},
				"south": {"uv": [2.375, 9.375, 2.625, 9.875], "texture": "#0"},
				"west": {"uv": [2.625, 9.375, 2.875, 9.875], "texture": "#0"},
				"up": {"uv": [0.25, 10.5, 0, 10.25], "texture": "#0"},
				"down": {"uv": [0.5, 10.25, 0.25, 10.5], "texture": "#0"}
			}
		},
		{
			"from": [14.75, -5, 12.25],
			"to": [15.75, -1, 14.25],
			"rotation": {"angle": -22.5, "axis": "y", "origin": [16.375, -4, 15]},
			"faces": {
				"north": {"uv": [3.625, 10.125, 3.75, 10.625], "texture": "#0"},
				"east": {"uv": [2.875, 9.375, 3.125, 9.875], "texture": "#0"},
				"south": {"uv": [4.375, 10.125, 4.5, 10.625], "texture": "#0"},
				"west": {"uv": [3.125, 9.375, 3.375, 9.875], "texture": "#0"},
				"up": {"uv": [8.75, 10.75, 8.625, 10.5], "texture": "#0"},
				"down": {"uv": [9.5, 10.5, 9.375, 10.75], "texture": "#0"}
			}
		},
		{
			"from": [14.75, -5, 15.75],
			"to": [15.75, -1, 17.75],
			"rotation": {"angle": 22.5, "axis": "y", "origin": [16.375, -4, 15]},
			"faces": {
				"north": {"uv": [3.75, 10.25, 3.875, 10.75], "texture": "#0"},
				"east": {"uv": [6.125, 9.375, 6.375, 9.875], "texture": "#0"},
				"south": {"uv": [3.875, 10.25, 4, 10.75], "texture": "#0"},
				"west": {"uv": [6.375, 9.375, 6.625, 9.875], "texture": "#0"},
				"up": {"uv": [9.625, 10.75, 9.5, 10.5], "texture": "#0"},
				"down": {"uv": [9.75, 10.5, 9.625, 10.75], "texture": "#0"}
			}
		},
		{
			"from": [17.75, -4.75, 13],
			"to": [18.75, -0.75, 17],
			"rotation": {"angle": 45, "axis": "y", "origin": [16.375, -4, 15]},
			"faces": {
				"north": {"uv": [1.875, 10.25, 2, 10.75], "texture": "#0"},
				"east": {"uv": [3.625, 6.25, 4.125, 6.75], "texture": "#0"},
				"south": {"uv": [2, 10.25, 2.125, 10.75], "texture": "#0"},
				"west": {"uv": [0, 9, 0.5, 9.5], "texture": "#0"},
				"up": {"uv": [3.5, 10.75, 3.375, 10.25], "texture": "#0"},
				"down": {"uv": [3.625, 10.25, 3.5, 10.75], "texture": "#0"}
			}
		},
		{
			"from": [17.75, -4.75, 13],
			"to": [18.75, -0.75, 17],
			"rotation": {"angle": -45, "axis": "y", "origin": [16.375, -4, 15]},
			"faces": {
				"north": {"uv": [10.25, 3.875, 10.375, 4.375], "texture": "#0"},
				"east": {"uv": [9, 0.5, 9.5, 1], "texture": "#0"},
				"south": {"uv": [10.25, 4.375, 10.375, 4.875], "texture": "#0"},
				"west": {"uv": [9, 1, 9.5, 1.5], "texture": "#0"},
				"up": {"uv": [4.625, 10.75, 4.5, 10.25], "texture": "#0"},
				"down": {"uv": [4.75, 10.25, 4.625, 10.75], "texture": "#0"}
			}
		},
		{
			"from": [15.25, -7, 14],
			"to": [17.25, -5, 16],
			"rotation": {"angle": 0, "axis": "z", "origin": [16.375, -4, 15]},
			"faces": {
				"north": {"uv": [0.5, 10.25, 0.75, 10.5], "texture": "#0"},
				"east": {"uv": [10.25, 0.5, 10.5, 0.75], "texture": "#0"},
				"south": {"uv": [10.25, 0.75, 10.5, 1], "texture": "#0"},
				"west": {"uv": [10.25, 1, 10.5, 1.25], "texture": "#0"},
				"up": {"uv": [10.5, 1.75, 10.25, 1.5], "texture": "#0"},
				"down": {"uv": [10.5, 1.75, 10.25, 2], "texture": "#0"}
			}
		},
		{
			"from": [16.75, -6, 14.5],
			"to": [17.75, -5, 15.5],
			"rotation": {"angle": 0, "axis": "z", "origin": [16.375, -4, 15]},
			"faces": {
				"north": {"uv": [10.625, 10.125, 10.75, 10.25], "texture": "#0"},
				"east": {"uv": [10.25, 10.625, 10.375, 10.75], "texture": "#0"},
				"south": {"uv": [10.625, 10.25, 10.75, 10.375], "texture": "#0"},
				"west": {"uv": [10.375, 10.625, 10.5, 10.75], "texture": "#0"},
				"up": {"uv": [10.75, 10.5, 10.625, 10.375], "texture": "#0"},
				"down": {"uv": [10.625, 10.625, 10.5, 10.75], "texture": "#0"}
			}
		},
		{
			"from": [15.5, -1, 15],
			"to": [16.5, 0, 16],
			"rotation": {"angle": 0, "axis": "z", "origin": [16.375, -4, 15]},
			"faces": {
				"north": {"uv": [10.625, 8.875, 10.75, 9], "texture": "#0"},
				"east": {"uv": [9, 10.625, 9.125, 10.75], "texture": "#0"},
				"south": {"uv": [9.125, 10.625, 9.25, 10.75], "texture": "#0"},
				"west": {"uv": [10.625, 9.125, 10.75, 9.25], "texture": "#0"},
				"up": {"uv": [9.375, 10.75, 9.25, 10.625], "texture": "#0"},
				"down": {"uv": [10.75, 9.25, 10.625, 9.375], "texture": "#0"}
			}
		},
		{
			"from": [15.5, -1, 14],
			"to": [16.5, 0, 15],
			"rotation": {"angle": 0, "axis": "z", "origin": [16.375, -4, 15]},
			"faces": {
				"north": {"uv": [10.625, 9.375, 10.75, 9.5], "texture": "#0"},
				"east": {"uv": [10.625, 9.5, 10.75, 9.625], "texture": "#0"},
				"south": {"uv": [10.625, 9.625, 10.75, 9.75], "texture": "#0"},
				"west": {"uv": [9.75, 10.625, 9.875, 10.75], "texture": "#0"},
				"up": {"uv": [10.75, 9.875, 10.625, 9.75], "texture": "#0"},
				"down": {"uv": [10, 10.625, 9.875, 10.75], "texture": "#0"}
			}
		},
		{
			"from": [14.75, -1.75, 14.5],
			"to": [14.75, -0.75, 15.5],
			"rotation": {"angle": 22.5, "axis": "z", "origin": [14.5, -1, 15]},
			"faces": {
				"north": {"uv": [0, 0, 0, 0.125], "texture": "#0"},
				"east": {"uv": [10.625, 10.5, 10.75, 10.625], "texture": "#0"},
				"south": {"uv": [0, 0, 0, 0.125], "texture": "#0"},
				"west": {"uv": [10.625, 10.625, 10.75, 10.75], "texture": "#0"},
				"up": {"uv": [0, 0.125, 0, 0], "texture": "#0"},
				"down": {"uv": [0, 0, 0, 0.125], "texture": "#0"}
			}
		},
		{
			"from": [15.5, -8, 13.75],
			"to": [15.5, -7, 14.75],
			"rotation": {"angle": 0, "axis": "z", "origin": [16.375, -4, 15]},
			"faces": {
				"north": {"uv": [0, 0, 0, 0.125], "texture": "#0"},
				"east": {"uv": [10.625, 9.875, 10.75, 10], "texture": "#0"},
				"south": {"uv": [0, 0, 0, 0.125], "texture": "#0"},
				"west": {"uv": [10, 10.625, 10.125, 10.75], "texture": "#0"},
				"up": {"uv": [0, 0.125, 0, 0], "texture": "#0"},
				"down": {"uv": [0, 0, 0, 0.125], "texture": "#0"}
			}
		},
		{
			"from": [15.5, -8, 15.25],
			"to": [15.5, -7, 16.25],
			"rotation": {"angle": 0, "axis": "z", "origin": [16.375, -4, 15]},
			"faces": {
				"north": {"uv": [0, 0, 0, 0.125], "texture": "#0"},
				"east": {"uv": [10.625, 10, 10.75, 10.125], "texture": "#0"},
				"south": {"uv": [0, 0, 0, 0.125], "texture": "#0"},
				"west": {"uv": [10.125, 10.625, 10.25, 10.75], "texture": "#0"},
				"up": {"uv": [0, 0.125, 0, 0], "texture": "#0"},
				"down": {"uv": [0, 0, 0, 0.125], "texture": "#0"}
			}
		}
	],
	"display": {
		"thirdperson_righthand": {
			"rotation": [32, 0, 0],
			"translation": [0, 3.25, 0],
			"scale": [0.5, 0.5, 0.5]
		},
		"thirdperson_lefthand": {
			"rotation": [32, 0, 0],
			"translation": [0, 3.25, 0],
			"scale": [0.5, 0.5, 0.5]
		},
		"firstperson_righthand": {
			"rotation": [3, 0, 12.25],
			"translation": [1.5, 0, 0],
			"scale": [0.5, 0.5, 0.5]
		},
		"firstperson_lefthand": {
			"rotation": [3, 0, 12.25],
			"translation": [1.5, 0, 0],
			"scale": [0.5, 0.5, 0.5]
		},
		"ground": {
			"scale": [0.5, 0.5, 0.5]
		},
		"gui": {
			"rotation": [34.28, 26.99, -10.8],
			"translation": [0.75, 0.75, 0],
			"scale": [0.5, 0.5, 0.5]
		},
		"head": {
			"rotation": [0.98, -0.51, 2.3],
			"translation": [-0.75, 11.25, 1],
			"scale": [1.12, 1.12, 1.12]
		},
		"fixed": {
			"rotation": [-41.25, 0, 0],
			"translation": [0, 0, -7],
			"scale": [0.76, 0.76, 0.76]
		}
	},
	"groups": [
		{
			"name": "base",
			"origin": [12, 1, 12],
			"color": 0,
			"children": [0, 1, 2, 3, 4, 5, 6, 7, 8, 9, 10, 11, 12, 13, 14, 15, 16, 17, 18, 19, 20, 21, 22, 23, 24, 25, 26, 27, 28, 29, 30, 31, 32, 33]
		},
		{
			"name": "top",
			"origin": [0, 0, 0],
			"color": 0,
			"children": [34, 35, 36, 37, 38, 39, 40, 41, 42, 43, 44, 45, 46, 47, 48, 49, 50, 51, 52, 53, 54, 55, 56, 57, 58, 59, 60]
		},
		{
			"name": "pumpkin",
			"origin": [0, 0, 0],
			"color": 0,
			"children": [61, 62, 63, 64, 65, 66, 67, 68, 69, 70, 71, 72, 73, 74, 75, 76, 77, 78, 79, 80, 81, 82, 83, 84, 85, 86, 87, 88]
		},
		89,
		90,
		{
			"name": "bat",
			"origin": [0, 0, 0],
			"color": 0,
			"children": [
				91,
				{
					"name": "wings",
					"origin": [16.375, -4, 15],
					"color": 0,
					"children": [92, 93, 94, 95]
				},
				96,
				97,
				98,
				99,
				100,
				101,
				102
			]
		}
	]
}