{
	"credit": "Made with Blockbench",
	"textures": {
		"9": "block/lava_still",
		"10": "block/campfire_fire",
		"14": "block/redblackstone",
		"15": "block/basalt_side",
		"particle": "block/yellow_concrete"
	},
	"elements": [
		{
			"from": [7, 3, 7],
			"to": [9, 12, 9],
			"faces": {
				"north": {"uv": [1, 0, 3, 9], "texture": "#15"},
				"east": {"uv": [1, 0, 3, 9], "texture": "#15"},
				"south": {"uv": [1, 0, 3, 9], "texture": "#15"},
				"west": {"uv": [1, 0, 3, 9], "texture": "#15"},
				"up": {"uv": [1, 0, 3, 2], "texture": "#15"},
				"down": {"uv": [1, 0, 3, 2], "texture": "#15"}
			}
		},
		{
			"from": [6.5, 0, 6.5],
			"to": [9.5, 3, 9.5],
			"faces": {
				"north": {"uv": [3, 7, 6, 10], "texture": "#9"},
				"east": {"uv": [10, 8, 13, 11], "texture": "#9"},
				"south": {"uv": [2, 2, 5, 5], "texture": "#9"},
				"west": {"uv": [4, 3, 7, 6], "texture": "#9"},
				"up": {"uv": [6, 6, 9, 9], "texture": "#9"},
				"down": {"uv": [4, 5, 7, 8], "texture": "#9"}
			}
		},
		{
			"from": [7.25, 18.75, 1],
			"to": [8.75, 20.25, 5],
			"rotation": {"angle": -45, "axis": "x", "origin": [8, 13, 8]},
			"faces": {
				"north": {"uv": [5, 12, 6.5, 13.5], "rotation": 180, "texture": "#14"},
				"east": {"uv": [3, 9, 4.5, 13], "rotation": 90, "texture": "#14"},
				"south": {"uv": [11, 0, 12.5, 1.5], "texture": "#14"},
				"west": {"uv": [3, 9, 4.5, 13], "rotation": 270, "texture": "#14"},
				"up": {"uv": [3, 10, 4.5, 14], "texture": "#14"},
				"down": {"uv": [12, 1, 13.5, 5], "rotation": 180, "texture": "#14"}
			}
		},
		{
			"from": [6.75, 12, 3],
			"to": [9.25, 14.5, 8],
			"rotation": {"angle": 22.5, "axis": "x", "origin": [8, 13, 8]},
			"faces": {
				"north": {"uv": [3, 11, 5.5, 13.5], "rotation": 180, "texture": "#14"},
				"east": {"uv": [3, 10, 5.5, 15], "rotation": 90, "texture": "#14"},
				"south": {"uv": [11, 2, 13.5, 4.5], "texture": "#14"},
				"west": {"uv": [11, 1, 13.5, 6], "rotation": 270, "texture": "#14"},
				"up": {"uv": [10, 2, 12.5, 7], "texture": "#14"},
				"down": {"uv": [3, 10, 5.5, 15], "rotation": 180, "texture": "#14"}
			}
		},
		{
			"from": [7, 14, 0.5],
			"to": [9, 16, 4.5],
			"rotation": {"angle": 0, "axis": "x", "origin": [8, 13, 8]},
			"faces": {
				"north": {"uv": [0, 0, 2, 2], "rotation": 180, "texture": "#14"},
				"east": {"uv": [12, 2, 14, 6], "rotation": 90, "texture": "#14"},
				"south": {"uv": [3, 12, 5, 14], "texture": "#14"},
				"west": {"uv": [11, 2, 13, 6], "rotation": 270, "texture": "#14"},
				"up": {"uv": [1, 10, 3, 14], "texture": "#14"},
				"down": {"uv": [4, 10, 6, 14], "rotation": 180, "texture": "#14"}
			}
		},
		{
			"from": [6.5, 10, 6.5],
			"to": [9.5, 14, 9.5],
			"rotation": {"angle": -45, "axis": "x", "origin": [8, 13, 8]},
			"faces": {
				"north": {"uv": [0, 0, 3, 4], "texture": "#14"},
				"east": {"uv": [12, 2, 15, 6], "texture": "#14"},
				"south": {"uv": [10, 0, 13, 4], "texture": "#14"},
				"west": {"uv": [4, 11, 7, 15], "texture": "#14"},
				"up": {"uv": [4, 12, 7, 15], "texture": "#14"},
				"down": {"uv": [11, 2, 14, 5], "texture": "#14"}
			}
		},
		{
			"from": [6.65, 12, 7.5],
			"to": [9.35, 16, 10.5],
			"rotation": {"angle": 0, "axis": "x", "origin": [8, 13, 8]},
			"faces": {
				"north": {"uv": [0, 0, 2.7, 4], "texture": "#14"},
				"east": {"uv": [0, 0, 3, 4], "texture": "#14"},
				"south": {"uv": [0, 0, 2.7, 4], "texture": "#14"},
				"west": {"uv": [0, 0, 3, 4], "texture": "#14"},
				"up": {"uv": [0, 0, 2.7, 3], "texture": "#14"},
				"down": {"uv": [0, 0, 2.7, 3], "texture": "#14"}
			}
		},
		{
			"from": [6.75, 14, 9],
			"to": [7.75, 15, 15],
			"rotation": {"angle": -22.5, "axis": "y", "origin": [6.75, 15, 9]},
			"faces": {
				"north": {"uv": [0, 0, 1, 1], "rotation": 180, "texture": "#9"},
				"east": {"uv": [0, 0, 1, 6], "rotation": 270, "texture": "#9"},
				"south": {"uv": [0, 0, 1, 1], "texture": "#9"},
				"west": {"uv": [0, 0, 1, 6], "rotation": 90, "texture": "#9"},
				"up": {"uv": [0, 0, 1, 6], "rotation": 180, "texture": "#9"},
				"down": {"uv": [0, 0, 1, 6], "texture": "#9"}
			}
		},
		{
			"from": [8.25, 14, 9],
			"to": [9.25, 15, 15],
			"rotation": {"angle": 22.5, "axis": "y", "origin": [8.25, 15, 9]},
			"faces": {
				"north": {"uv": [0, 0, 1, 1], "rotation": 180, "texture": "#9"},
				"east": {"uv": [0, 0, 1, 6], "rotation": 270, "texture": "#9"},
				"south": {"uv": [0, 0, 1, 1], "texture": "#9"},
				"west": {"uv": [0, 0, 1, 6], "rotation": 90, "texture": "#9"},
				"up": {"uv": [0, 0, 1, 6], "rotation": 180, "texture": "#9"},
				"down": {"uv": [0, 0, 1, 6], "texture": "#9"}
			}
		},
		{
			"from": [7.5, 14.25, 9],
			"to": [8.5, 15.25, 15],
			"rotation": {"angle": -22.5, "axis": "x", "origin": [7.5, 15.25, 9]},
			"faces": {
				"north": {"uv": [0, 0, 1, 1], "rotation": 180, "texture": "#9"},
				"east": {"uv": [0, 0, 1, 6], "rotation": 270, "texture": "#9"},
				"south": {"uv": [0, 0, 1, 1], "texture": "#9"},
				"west": {"uv": [0, 0, 1, 6], "rotation": 90, "texture": "#9"},
				"up": {"uv": [0, 0, 1, 6], "rotation": 180, "texture": "#9"},
				"down": {"uv": [0, 0, 1, 6], "texture": "#9"}
			}
		},
		{
			"from": [7.5, 13.75, 9],
			"to": [8.5, 14.75, 15],
			"rotation": {"angle": 22.5, "axis": "x", "origin": [7.5, 14.75, 9]},
			"faces": {
				"north": {"uv": [0, 0, 1, 1], "rotation": 180, "texture": "#9"},
				"east": {"uv": [0, 0, 1, 6], "rotation": 270, "texture": "#9"},
				"south": {"uv": [0, 0, 1, 1], "texture": "#9"},
				"west": {"uv": [0, 0, 1, 6], "rotation": 90, "texture": "#9"},
				"up": {"uv": [0, 0, 1, 6], "rotation": 180, "texture": "#9"},
				"down": {"uv": [0, 0, 1, 6], "texture": "#9"}
			}
		},
		{
			"from": [8, 11.5, 10],
			"to": [8, 16.5, 16],
			"rotation": {"angle": 0, "axis": "x", "origin": [7, 16.5, 10]},
			"faces": {
				"north": {"uv": [0, 0, 0, 5], "rotation": 180, "texture": "#10"},
				"east": {"uv": [0, 0, 16, 16], "rotation": 270, "texture": "#10"},
				"south": {"uv": [0, 0, 0, 5], "texture": "#10"},
				"west": {"uv": [0, 0, 16, 16], "rotation": 90, "texture": "#10"},
				"up": {"uv": [0, 0, 16, 16], "rotation": 180, "texture": "#10"},
				"down": {"uv": [0, 0, 0, 7], "texture": "#10"}
			}
		},
		{
			"from": [8, 11.5, 10],
			"to": [8, 16.5, 16],
			"rotation": {"angle": 22.5, "axis": "y", "origin": [7, 16.5, 10]},
			"faces": {
				"north": {"uv": [0, 0, 0, 5], "rotation": 180, "texture": "#10"},
				"east": {"uv": [0, 0, 16, 16], "rotation": 270, "texture": "#10"},
				"south": {"uv": [0, 0, 0, 5], "texture": "#10"},
				"west": {"uv": [0, 0, 16, 16], "rotation": 90, "texture": "#10"},
				"up": {"uv": [0, 0, 16, 16], "rotation": 180, "texture": "#10"},
				"down": {"uv": [0, 0, 0, 7], "texture": "#10"}
			}
		},
		{
			"from": [8, 11.5, 10],
			"to": [8, 16.5, 16],
			"rotation": {"angle": -22.5, "axis": "y", "origin": [7, 16.5, 10]},
			"faces": {
				"north": {"uv": [0, 0, 0, 5], "rotation": 180, "texture": "#10"},
				"east": {"uv": [0, 0, 16, 16], "rotation": 270, "texture": "#10"},
				"south": {"uv": [0, 0, 0, 5], "texture": "#10"},
				"west": {"uv": [0, 0, 16, 16], "rotation": 90, "texture": "#10"},
				"up": {"uv": [0, 0, 16, 16], "rotation": 180, "texture": "#10"},
				"down": {"uv": [0, 0, 0, 7], "texture": "#10"}
			}
		}
	],
	"display": {
		"thirdperson_righthand": {
			"translation": [0, 2.75, 0],
			"scale": [1.25, 1.51, 1.25]
		},
		"thirdperson_lefthand": {
			"translation": [0, 0.25, 0]
		},
		"firstperson_righthand": {
			"rotation": [-28, 0, 0],
			"translation": [1, 2.5, 0]
		},
		"firstperson_lefthand": {
			"translation": [1, 2.5, 0]
		},
		"ground": {
			"rotation": [23, 0, 0],
			"translation": [0, 6.25, 0]
		},
		"gui": {
			"rotation": [0, 121, 30],
			"translation": [0, -0.25, 0],
			"scale": [0.88, 0.88, 0.88]
		},
		"head": {
			"scale": [1.66, 1.66, 1.66]
		},
		"fixed": {
			"translation": [-1, 0, 0],
			"scale": [3.66, 1, 1]
		}
	},
	"groups": [
		0,
		1,
		{
			"name": "group",
			"origin": [8, 13, 8],
			"color": 0,
			"children": [2, 3, 4, 5, 6]
		},
		7,
		8,
		9,
		10,
		11,
		12,
		13
	]
}