{
	"credit": "Made with Blockbench",
	"textures": {
		"0": "block/stripped_birch_log",
		"1": "block/stripped_dark_oak_log",
		"3": "block/brown_terracotta",
		"4": "block/brown_mushroom_block",
		"5": "block/honey_block_bottom",
		"particle": "block/stripped_birch_log"
	},
	"elements": [
		{
			"from": [6.5, 0, 6.5],
			"to": [9.5, 3, 9.5],
			"faces": {
				"north": {"uv": [0, 0, 3, 3], "texture": "#1"},
				"east": {"uv": [0, 0, 3, 3], "texture": "#1"},
				"south": {"uv": [0, 0, 3, 3], "texture": "#1"},
				"west": {"uv": [0, 0, 3, 3], "texture": "#1"},
				"up": {"uv": [0, 0, 3, 3], "texture": "#1"},
				"down": {"uv": [0, 0, 3, 3], "texture": "#1"}
			}
		},
		{
			"from": [7, 3, 7],
			"to": [9, 13, 9],
			"faces": {
				"north": {"uv": [0, 0, 2, 10], "texture": "#0"},
				"east": {"uv": [0, 0, 2, 10], "texture": "#0"},
				"south": {"uv": [0, 0, 2, 10], "texture": "#0"},
				"west": {"uv": [0, 0, 2, 10], "texture": "#0"},
				"up": {"uv": [0, 0, 2, 2], "texture": "#0"},
				"down": {"uv": [0, 0, 2, 2], "texture": "#0"}
			}
		},
		{
			"from": [5.5, 18, 5.5],
			"to": [10.5, 19, 10.5],
			"faces": {
				"north": {"uv": [0, 0, 5, 1], "texture": "#4"},
				"east": {"uv": [0, 0, 5, 1], "texture": "#4"},
				"south": {"uv": [0, 0, 5, 1], "texture": "#4"},
				"west": {"uv": [0, 0, 5, 1], "texture": "#4"},
				"up": {"uv": [0, 0, 5, 5], "texture": "#4"},
				"down": {"uv": [0, 0, 5, 5], "texture": "#4"}
			}
		},
		{
			"from": [5.5, 17, 5.5],
			"to": [10.5, 18, 10.5],
			"faces": {
				"north": {"uv": [0, 0, 5, 1], "texture": "#3"},
				"east": {"uv": [0, 0, 5, 1], "texture": "#3"},
				"south": {"uv": [0, 0, 5, 1], "texture": "#3"},
				"west": {"uv": [0, 0, 5, 1], "texture": "#3"},
				"up": {"uv": [0, 0, 5, 5], "texture": "#3"},
				"down": {"uv": [0, 0, 5, 5], "texture": "#3"}
			}
		},
		{
			"from": [5.5, 16, 5.5],
			"to": [10.5, 17, 10.5],
			"faces": {
				"north": {"uv": [0, 0, 5, 1], "texture": "#4"},
				"east": {"uv": [0, 0, 5, 1], "texture": "#4"},
				"south": {"uv": [0, 0, 5, 1], "texture": "#4"},
				"west": {"uv": [0, 0, 5, 1], "texture": "#4"},
				"up": {"uv": [0, 0, 5, 5], "texture": "#4"},
				"down": {"uv": [0, 0, 5, 5], "texture": "#4"}
			}
		},
		{
			"from": [5.5, 15, 5.5],
			"to": [10.5, 16, 10.5],
			"faces": {
				"north": {"uv": [0, 0, 5, 1], "texture": "#3"},
				"east": {"uv": [0, 0, 5, 1], "texture": "#3"},
				"south": {"uv": [0, 0, 5, 1], "texture": "#3"},
				"west": {"uv": [0, 0, 5, 1], "texture": "#3"},
				"up": {"uv": [0, 0, 5, 5], "texture": "#3"},
				"down": {"uv": [0, 0, 5, 5], "texture": "#3"}
			}
		},
		{
			"from": [5.5, 14, 5.5],
			"to": [10.5, 15, 10.5],
			"faces": {
				"north": {"uv": [0, 0, 5, 1], "texture": "#4"},
				"east": {"uv": [0, 0, 5, 1], "texture": "#4"},
				"south": {"uv": [0, 0, 5, 1], "texture": "#4"},
				"west": {"uv": [0, 0, 5, 1], "texture": "#4"},
				"up": {"uv": [0, 0, 5, 5], "texture": "#4"},
				"down": {"uv": [0, 0, 5, 5], "texture": "#4"}
			}
		},
		{
			"from": [6.5, 13, 6.5],
			"to": [9.5, 14, 9.5],
			"faces": {
				"north": {"uv": [0, 0, 3, 1], "texture": "#3"},
				"east": {"uv": [0, 0, 3, 1], "texture": "#3"},
				"south": {"uv": [0, 0, 3, 1], "texture": "#3"},
				"west": {"uv": [0, 0, 3, 1], "texture": "#3"},
				"up": {"uv": [0, 0, 3, 3], "texture": "#3"},
				"down": {"uv": [0, 0, 3, 3], "texture": "#3"}
			}
		},
		{
			"from": [5.5, 19, 5.5],
			"to": [10.5, 20, 10.5],
			"faces": {
				"north": {"uv": [0, 0, 5, 1], "texture": "#3"},
				"east": {"uv": [0, 0, 5, 1], "texture": "#3"},
				"south": {"uv": [0, 0, 5, 1], "texture": "#3"},
				"west": {"uv": [0, 0, 5, 1], "texture": "#3"},
				"up": {"uv": [0, 0, 5, 5], "texture": "#3"},
				"down": {"uv": [0, 0, 5, 5], "texture": "#3"}
			}
		},
		{
			"from": [6.5, 21, 6.5],
			"to": [9.5, 22, 9.5],
			"faces": {
				"north": {"uv": [0, 0, 3, 1], "texture": "#3"},
				"east": {"uv": [0, 0, 3, 1], "texture": "#3"},
				"south": {"uv": [0, 0, 3, 1], "texture": "#3"},
				"west": {"uv": [0, 0, 3, 1], "texture": "#3"},
				"up": {"uv": [0, 0, 3, 3], "texture": "#3"},
				"down": {"uv": [0, 0, 3, 3], "texture": "#3"}
			}
		},
		{
			"from": [6, 20, 6],
			"to": [10, 21, 10],
			"faces": {
				"north": {"uv": [0, 0, 4, 1], "texture": "#4"},
				"east": {"uv": [0, 0, 4, 1], "texture": "#4"},
				"south": {"uv": [0, 0, 4, 1], "texture": "#4"},
				"west": {"uv": [0, 0, 4, 1], "texture": "#4"},
				"up": {"uv": [0, 0, 4, 4], "texture": "#4"},
				"down": {"uv": [0, 0, 4, 4], "texture": "#4"}
			}
		},
		{
			"from": [5.75, 12.25, 5.75],
			"to": [10.25, 14.25, 10.25],
			"faces": {
				"north": {"uv": [0, 0, 4.5, 2], "texture": "#5"},
				"east": {"uv": [0, 0, 4.5, 2], "texture": "#5"},
				"south": {"uv": [0, 0, 4.5, 2], "texture": "#5"},
				"west": {"uv": [0, 0, 4.5, 2], "texture": "#5"},
				"up": {"uv": [0, 0, 4.5, 4.5], "texture": "#5"},
				"down": {"uv": [0, 0, 4.5, 4.5], "texture": "#5"}
			}
		},
		{
			"from": [4.5, 13.25, 4.5],
			"to": [11.5, 20.25, 11.5],
			"faces": {
				"north": {"uv": [0, 0, 7, 7], "texture": "#5"},
				"east": {"uv": [0, 0, 7, 7], "texture": "#5"},
				"south": {"uv": [0, 0, 7, 7], "texture": "#5"},
				"west": {"uv": [0, 0, 7, 7], "texture": "#5"},
				"up": {"uv": [0, 0, 7, 7], "texture": "#5"},
				"down": {"uv": [0, 0, 7, 7], "texture": "#5"}
			}
		},
		{
			"from": [5.75, 21.25, 5.75],
			"to": [10.25, 22.5, 10.25],
			"faces": {
				"north": {"uv": [0, 0, 4.5, 1.25], "texture": "#5"},
				"east": {"uv": [0, 0, 4.5, 1.25], "texture": "#5"},
				"south": {"uv": [0, 0, 4.5, 1.25], "texture": "#5"},
				"west": {"uv": [0, 0, 4.5, 1.25], "texture": "#5"},
				"up": {"uv": [0, 0, 4.5, 4.5], "texture": "#5"},
				"down": {"uv": [0, 0, 4.5, 4.5], "texture": "#5"}
			}
		},
		{
			"from": [5, 20.25, 5],
			"to": [11, 21.25, 11],
			"faces": {
				"north": {"uv": [0, 0, 6, 1], "texture": "#5"},
				"east": {"uv": [0, 0, 6, 1], "texture": "#5"},
				"south": {"uv": [0, 0, 6, 1], "texture": "#5"},
				"west": {"uv": [0, 0, 6, 1], "texture": "#5"},
				"up": {"uv": [0, 0, 6, 6], "texture": "#5"},
				"down": {"uv": [0, 0, 6, 6], "texture": "#5"}
			}
		}
	],
	"display": {
		"thirdperson_righthand": {
			"translation": [0, 0.5, 1.25]
		},
		"thirdperson_lefthand": {
			"translation": [0, 0.5, 1.25]
		},
		"firstperson_righthand": {
			"rotation": [-5, 0, 0],
			"translation": [0.75, 2, 0],
			"scale": [0.75, 0.75, 0.75]
		},
		"firstperson_lefthand": {
			"rotation": [-5, 0, 0],
			"translation": [0.75, 2, 0],
			"scale": [0.75, 0.75, 0.75]
		},
		"ground": {
			"rotation": [-15, 0, 0],
			"translation": [0, 6.75, 0]
		},
		"gui": {
			"rotation": [-30, -30, -30],
			"translation": [0, -2, 0],
			"scale": [0.6, 0.75, 0.62]
		},
		"head": {
			"translation": [0, -3, 0],
			"scale": [1.84, 1.84, 1.84]
		}
	},
	"groups": [
		0,
		1,
		{
			"name": "Dipper",
			"origin": [8, 8, 8],
			"color": 0,
			"children": [2, 3, 4, 5, 6, 7, 8, 9, 10]
		},
		{
			"name": "Honey Dipper",
			"origin": [8, 8, 8],
			"color": 0,
			"children": [11, 12, 13, 14]
		}
	]
}