{
	"credit": "Made with Blockbench",
	"texture_size": [32, 32],
	"textures": {
		"1": "block/hat/fox_head"
	},
	"elements": [
		{
			"name": "head",
			"from": [0, 0, 0],
			"to": [8, 8, 8],
			"faces": {
				"north": {"uv": [0, 0, 4, 4], "texture": "#1"},
				"east": {"uv": [0, 4, 4, 8], "texture": "#1"},
				"south": {"uv": [4, 0, 8, 4], "texture": "#1"},
				"west": {"uv": [4, 4, 8, 8], "texture": "#1"},
				"up": {"uv": [4, 12, 0, 8], "texture": "#1"},
				"down": {"uv": [12, 0, 8, 4], "texture": "#1"}
			}
		},
		{
			"name": "nose",
			"from": [2, 0, -3],
			"to": [6, 3, 0],
			"faces": {
				"north": {"uv": [4, 8, 6, 9.5], "texture": "#1"},
				"east": {"uv": [8, 7, 9.5, 8.5], "texture": "#1"},
				"south": {"uv": [8, 4, 10, 5.5], "texture": "#1"},
				"west": {"uv": [8, 8.5, 9.5, 10], "texture": "#1"},
				"up": {"uv": [10, 7, 8, 5.5], "texture": "#1"},
				"down": {"uv": [8, 8, 6, 9.5], "texture": "#1"}
			}
		},
		{
			"name": "earR",
			"from": [5.5, 8, 1],
			"to": [7.5, 11, 2],
			"faces": {
				"north": {"uv": [4, 9.5, 5, 11], "texture": "#1"},
				"east": {"uv": [9.5, 7, 10, 8.5], "texture": "#1"},
				"south": {"uv": [5, 9.5, 6, 11], "texture": "#1"},
				"west": {"uv": [9.5, 8.5, 10, 10], "texture": "#1"},
				"up": {"uv": [11, 7.5, 10, 7], "texture": "#1"},
				"down": {"uv": [11, 7.5, 10, 8], "texture": "#1"}
			}
		},
		{
			"name": "earL",
			"from": [0.5, 8, 1],
			"to": [2.5, 11, 2],
			"faces": {
				"north": {"uv": [6, 9.5, 7, 11], "texture": "#1"},
				"east": {"uv": [10, 4, 10.5, 5.5], "texture": "#1"},
				"south": {"uv": [7, 9.5, 8, 11], "texture": "#1"},
				"west": {"uv": [10, 5.5, 10.5, 7], "texture": "#1"},
				"up": {"uv": [9, 10.5, 8, 10], "texture": "#1"},
				"down": {"uv": [11, 8, 10, 8.5], "texture": "#1"}
			}
		}
	],
	"display": {
		"thirdperson_righthand": {
			"translation": [2, 0, 0],
			"scale": [0.5, 0.5, 0.5]
		},
		"thirdperson_lefthand": {
			"translation": [-2, 0, 0],
			"scale": [0.5, 0.5, 0.5]
		},
		"firstperson_righthand": {
			"translation": [6.5, 0, 0.5]
		},
		"firstperson_lefthand": {
			"translation": [0, 0.75, 2.75]
		},
		"ground": {
			"translation": [0, 5.75, 0]
		},
		"gui": {
			"rotation": [1, -160, 0],
			"translation": [-4.5, 2.25, 0]
		},
		"head": {
			"translation": [7, 6.75, 7],
			"scale": [1.75, 1.75, 1.75]
		},
		"fixed": {
			"rotation": [-90, 0, 0],
			"translation": [6.75, 6.5, -14.5],
			"scale": [1.75, 1.75, 1.75]
		}
	},
	"groups": [
		{
			"name": "fox",
			"origin": [8, 8, 8],
			"color": 0,
			"children": [0, 1, 2, 3]
		}
	]
}