{"textures":{"0":"modelengine:entity/inferno"},"elements":[{"from":[3.4285712,4.5714283,9.142858],"to":[4.5714283,11.428572,10.285714],"rotation":{"angle":0.0,"axis":"y","origin":[4.0,8.0,9.714286]},"faces":{"east":{"uv":[1.0,4.0,1.5,6.5],"rotation":0,"texture":"#0","tintindex":0},"south":{"uv":[0.75,4.0,1.25,6.5],"rotation":0,"texture":"#0","tintindex":0},"north":{"uv":[1.25,4.0,1.75,6.5],"rotation":0,"texture":"#0","tintindex":0},"west":{"uv":[1.0,4.0,1.5,6.5],"rotation":0,"texture":"#0","tintindex":0},"up":{"uv":[1.0,4.0,1.5,4.5],"rotation":0,"texture":"#0","tintindex":0},"down":{"uv":[1.0,6.0,1.5,6.5],"rotation":0,"texture":"#0","tintindex":0}}},{"from":[5.142857,7.428571,5.142857],"to":[6.285714,13.142858,6.285714],"rotation":{"angle":0.0,"axis":"y","origin":[5.714286,10.285714,5.714286]},"faces":{"east":{"uv":[0.0,4.0,0.5,6.5],"rotation":0,"texture":"#0","tintindex":0},"south":{"uv":[1.0,4.0,1.5,6.5],"rotation":0,"texture":"#0","tintindex":0},"north":{"uv":[1.5,4.0,2.0,6.5],"rotation":0,"texture":"#0","tintindex":0},"west":{"uv":[0.5,4.0,1.0,6.5],"rotation":0,"texture":"#0","tintindex":0},"up":{"uv":[1.5,4.0,2.0,4.5],"rotation":0,"texture":"#0","tintindex":0},"down":{"uv":[1.5,6.0,2.0,6.5],"rotation":0,"texture":"#0","tintindex":0}}},{"from":[9.714286,4.0,9.714286],"to":[10.857143,9.714286,10.857143],"rotation":{"angle":0.0,"axis":"y","origin":[10.285714,6.857143,10.285714]},"faces":{"east":{"uv":[0.75,4.0,1.25,6.5],"rotation":0,"texture":"#0","tintindex":0},"south":{"uv":[1.25,4.0,1.75,6.5],"rotation":0,"texture":"#0","tintindex":0},"north":{"uv":[0.0,4.0,0.5,6.5],"rotation":0,"texture":"#0","tintindex":0},"west":{"uv":[0.25,4.0,0.75,6.5],"rotation":0,"texture":"#0","tintindex":0},"up":{"uv":[0.75,4.0,1.25,4.5],"rotation":0,"texture":"#0","tintindex":0},"down":{"uv":[0.75,6.0,1.25,6.5],"rotation":0,"texture":"#0","tintindex":0}}},{"from":[10.285714,11.428572,10.285714],"to":[11.142858,14.285715,11.142858],"rotation":{"angle":0.0,"axis":"y","origin":[10.714286,12.857143,10.714286]},"faces":{"east":{"uv":[1.5,4.75,2.0,6.25],"rotation":0,"texture":"#0","tintindex":0},"south":{"uv":[0.5,4.75,1.0,6.25],"rotation":0,"texture":"#0","tintindex":0},"north":{"uv":[0.0,4.75,0.5,6.25],"rotation":0,"texture":"#0","tintindex":0},"west":{"uv":[1.0,4.75,1.5,6.25],"rotation":0,"texture":"#0","tintindex":0},"up":{"uv":[0.0,4.75,0.5,5.25],"rotation":0,"texture":"#0","tintindex":0},"down":{"uv":[0.0,5.75,0.5,6.25],"rotation":0,"texture":"#0","tintindex":0}}},{"from":[5.714286,0.0,10.057143],"to":[6.5714283,2.8571424,10.914286],"rotation":{"angle":0.0,"axis":"y","origin":[6.142857,1.4285712,10.485714]},"faces":{"east":{"uv":[0.75,4.5,1.25,6.5],"rotation":0,"texture":"#0","tintindex":0},"south":{"uv":[0.5,4.5,1.0,6.5],"rotation":0,"texture":"#0","tintindex":0},"north":{"uv":[0.5,4.5,1.0,6.5],"rotation":0,"texture":"#0","tintindex":0},"west":{"uv":[0.25,4.5,0.75,6.5],"rotation":0,"texture":"#0","tintindex":0},"up":{"uv":[0.5,4.5,1.0,5.0],"rotation":0,"texture":"#0","tintindex":0},"down":{"uv":[0.5,6.0,1.0,6.5],"rotation":0,"texture":"#0","tintindex":0}}},{"from":[10.857143,0.5714283,4.5714283],"to":[12.0,7.428571,5.714286],"rotation":{"angle":0.0,"axis":"y","origin":[11.428572,4.0,5.142857]},"faces":{"east":{"uv":[0.5,4.0,1.0,6.5],"rotation":0,"texture":"#0","tintindex":0},"south":{"uv":[0.0,4.0,0.5,6.5],"rotation":0,"texture":"#0","tintindex":0},"north":{"uv":[0.0,4.0,0.5,6.5],"rotation":0,"texture":"#0","tintindex":0},"west":{"uv":[1.0,4.0,1.5,6.5],"rotation":0,"texture":"#0","tintindex":0},"up":{"uv":[0.0,4.0,0.5,4.5],"rotation":0,"texture":"#0","tintindex":0},"down":{"uv":[0.0,6.0,0.5,6.5],"rotation":0,"texture":"#0","tintindex":0}}}],"display":{"head":{"translation":[0.0,-6.4,0.0],"scale":[4.0,4.0,4.0]}}}