{
	"credit": "Made with Blockbench",
	"texture_size": [32, 32],
	"textures": {
		"0": "item/pets/zoo/butterfly"
	},
	"elements": [
		{
			"name": "torso",
			"from": [6, 8.5, 4],
			"to": [10, 13.5, 8],
			"rotation": {"angle": 0, "axis": "y", "origin": [8, 0, 8]},
			"faces": {
				"north": {"uv": [10, 6.5, 12, 9], "texture": "#0"},
				"east": {"uv": [8, 6.5, 10, 9], "texture": "#0"},
				"south": {"uv": [14, 6.5, 16, 9], "texture": "#0"},
				"west": {"uv": [12, 6.5, 14, 9], "texture": "#0"},
				"up": {"uv": [12, 6.5, 10, 4.5], "texture": "#0"},
				"down": {"uv": [14, 4.5, 12, 6.5], "texture": "#0"}
			}
		},
		{
			"name": "antennas",
			"from": [5, 12.5, 6],
			"to": [11, 19.5, 6],
			"rotation": {"angle": 0, "axis": "y", "origin": [8, 0, 8]},
			"faces": {
				"north": {"uv": [8, 9, 11, 12.5], "texture": "#0"},
				"east": {"uv": [8, 9, 8, 12.5], "texture": "#0"},
				"south": {"uv": [11, 9, 8, 12.5], "texture": "#0"},
				"west": {"uv": [11, 9, 11, 12.5], "texture": "#0"},
				"up": {"uv": [11, 9, 8, 9], "texture": "#0"},
				"down": {"uv": [14, 9, 11, 9], "texture": "#0"}
			}
		},
		{
			"name": "body2",
			"from": [6.05, 1.7, 5.55],
			"to": [9.95, 9.7, 9.55],
			"rotation": {"angle": 0, "axis": "y", "origin": [8, 0, 8]},
			"faces": {
				"north": {"uv": [2, 8.5, 3.5, 12.5], "texture": "#0"},
				"east": {"uv": [0, 8.5, 2, 12.5], "texture": "#0"},
				"south": {"uv": [5.5, 8.5, 7, 12.5], "texture": "#0"},
				"west": {"uv": [3.5, 8.5, 5.5, 12.5], "texture": "#0"},
				"up": {"uv": [3.5, 8.5, 2, 6.5], "texture": "#0"},
				"down": {"uv": [5, 6.5, 3.5, 8.5], "texture": "#0"}
			}
		},
		{
			"name": "wings",
			"from": [-4, -0.18085, 8.57358],
			"to": [6, 12.81915, 8.57358],
			"rotation": {"angle": 0, "axis": "y", "origin": [8, 0, 8]},
			"faces": {
				"north": {"uv": [0, 0, 5, 6.5], "texture": "#0"},
				"east": {"uv": [0, 0, 0, 6.5], "texture": "#0"},
				"south": {"uv": [5, 0, 0, 6.5], "texture": "#0"},
				"west": {"uv": [5, 0, 5, 6.5], "texture": "#0"},
				"up": {"uv": [5, 0, 0, 0], "texture": "#0"},
				"down": {"uv": [10, 0, 5, 0], "texture": "#0"}
			}
		},
		{
			"name": "torso_sub_3",
			"from": [10, -0.18085, 8.57358],
			"to": [20, 12.81915, 8.57358],
			"rotation": {"angle": 0, "axis": "y", "origin": [8, 0, 8]},
			"faces": {
				"north": {"uv": [5, 0, 0, 6.5], "texture": "#0"},
				"east": {"uv": [5, 0, 5, 6.5], "texture": "#0"},
				"south": {"uv": [0, 0, 5, 6.5], "texture": "#0"},
				"west": {"uv": [0, 0, 0, 6.5], "texture": "#0"},
				"up": {"uv": [0, 0, 5, 0], "texture": "#0"},
				"down": {"uv": [5, 0, 10, 0], "texture": "#0"}
			}
		}
	],
	"display": {
		"thirdperson_righthand": {
			"scale": [0.57, 0.62, 0.62]
		},
		"thirdperson_lefthand": {
			"scale": [0.57, 0.62, 0.62]
		},
		"firstperson_righthand": {
			"translation": [0, 3.25, 0],
			"scale": [0.86, 1, 1]
		},
		"firstperson_lefthand": {
			"scale": [0.86, 1, 1]
		},
		"ground": {
			"translation": [0, 8, 0],
			"scale": [0.87, 1, 1]
		},
		"gui": {
			"rotation": [30, -150, 0],
			"translation": [0.25, 0.5, 0],
			"scale": [1.3, 1.7, 1.7]
		},
		"head": {
			"translation": [0, -15, 0],
			"scale": [2.62, 4, 0]
		}
	},
	"groups": [
		{
			"name": "body",
			"origin": [8, 0, 8],
			"color": 0,
			"children": []
		},
		{
			"name": "left_wing",
			"origin": [6.5, 9, 5],
			"color": 0,
			"children": []
		},
		{
			"name": "right_wing",
			"origin": [9.5, 9, 5],
			"color": 0,
			"children": []
		},
		{
			"name": "front_legs",
			"origin": [6.5, 2, 6],
			"color": 0,
			"children": []
		},
		{
			"name": "middle_legs",
			"origin": [6.5, 2, 8],
			"color": 0,
			"children": []
		},
		{
			"name": "back_legs",
			"origin": [6.5, 2, 10],
			"color": 0,
			"children": []
		},
		{
			"name": "left_antenna",
			"origin": [8, 7, 3],
			"color": 0,
			"children": []
		},
		{
			"name": "stinger",
			"origin": [8, 5, 8],
			"color": 0,
			"children": []
		},
		{
			"name": "right_antenna",
			"origin": [8, 7, 3],
			"color": 0,
			"children": []
		},
		{
			"name": "torso",
			"origin": [8, 5, 8],
			"color": 0,
			"children": [
				0,
				{
					"name": "antennas",
					"origin": [9, 10.5, 1],
					"color": 0,
					"children": [1]
				},
				{
					"name": "body2",
					"origin": [8, 5, 10],
					"color": 0,
					"children": [
						2,
						{
							"name": "wings",
							"origin": [8, 8, 10],
							"color": 0,
							"children": [
								3,
								{
									"name": "torso_sub_3",
									"origin": [8, 8, 10],
									"color": 0,
									"children": [4]
								}
							]
						}
					]
				}
			]
		}
	]
}