{
	"credit": "Made with Blockbench",
	"texture_size": [32, 32],
	"textures": {
		"0": "block/equipment/mondo_belt",
		"1": "block/equipment/mondo_belt1",
		"particle": "block/equipment/mondo_belt"
	},
	"elements": [
		{
			"from": [11.74326, 4.98851, 8.2],
			"to": [14.54326, 5.38851, 8.8],
			"rotation": {"angle": 22.5, "axis": "z", "origin": [13.54326, 5.43851, 8.5]},
			"faces": {
				"north": {"uv": [0, 4.5, 1.5, 4.75], "texture": "#1"},
				"east": {"uv": [9.5, 0.5, 9.75, 0.75], "texture": "#1"},
				"south": {"uv": [4.5, 0, 6, 0.25], "texture": "#1"},
				"west": {"uv": [1, 9.5, 1.25, 9.75], "texture": "#1"},
				"up": {"uv": [6, 0.75, 4.5, 0.5], "texture": "#1"},
				"down": {"uv": [3, 4.5, 1.5, 4.75], "texture": "#1"}
			}
		},
		{
			"from": [14.5874, 5.70529, 8.2],
			"to": [14.9074, 5.94529, 8.8],
			"rotation": {"angle": 45, "axis": "z", "origin": [15.0074, 5.60529, 8.5]},
			"faces": {
				"north": {"uv": [9.5, 5.5, 9.75, 5.75], "texture": "#1"},
				"east": {"uv": [6, 9.5, 6.25, 9.75], "texture": "#1"},
				"south": {"uv": [9.5, 6, 9.75, 6.25], "texture": "#1"},
				"west": {"uv": [6.5, 9.5, 6.75, 9.75], "texture": "#1"},
				"up": {"uv": [9.75, 6.75, 9.5, 6.5], "texture": "#1"},
				"down": {"uv": [7.25, 9.5, 7, 9.75], "texture": "#1"}
			}
		},
		{
			"from": [14.48638, 5.4451, 8.2001],
			"to": [14.69618, 5.7749, 8.7999],
			"rotation": {"angle": 0, "axis": "y", "origin": [14.70628, 5.345, 8.5]},
			"faces": {
				"north": {"uv": [9.5, 7, 9.75, 7.25], "texture": "#1"},
				"east": {"uv": [7.5, 9.5, 7.75, 9.75], "texture": "#1"},
				"south": {"uv": [9.5, 7.5, 9.75, 7.75], "texture": "#1"},
				"west": {"uv": [8, 9.5, 8.25, 9.75], "texture": "#1"},
				"up": {"uv": [9.75, 8.25, 9.5, 8], "texture": "#1"},
				"down": {"uv": [8.75, 9.5, 8.5, 9.75], "texture": "#1"}
			}
		},
		{
			"from": [14.66603, 2.53147, 8.2],
			"to": [14.92603, 2.80147, 8.8],
			"rotation": {"angle": 45, "axis": "z", "origin": [14.46603, 2.58147, 8.5]},
			"faces": {
				"north": {"uv": [9.5, 8.5, 9.75, 8.75], "texture": "#1"},
				"east": {"uv": [9, 9.5, 9.25, 9.75], "texture": "#1"},
				"south": {"uv": [9.5, 9, 9.75, 9.25], "texture": "#1"},
				"west": {"uv": [9.5, 9.5, 9.75, 9.75], "texture": "#1"},
				"up": {"uv": [0.25, 10.25, 0, 10], "texture": "#1"},
				"down": {"uv": [10.25, 0, 10, 0.25], "texture": "#1"}
			}
		},
		{
			"from": [11.74326, 5.18851, 8.2],
			"to": [14.54326, 5.38851, 8.8],
			"rotation": {"angle": 22.5, "axis": "z", "origin": [13.54326, 5.43851, 8.5]},
			"faces": {
				"north": {"uv": [4.5, 2.5, 6, 2.75], "texture": "#1"},
				"east": {"uv": [0.5, 10, 0.75, 10.25], "texture": "#1"},
				"south": {"uv": [3, 4.5, 4.5, 4.75], "texture": "#1"},
				"west": {"uv": [10, 0.5, 10.25, 0.75], "texture": "#1"},
				"up": {"uv": [6, 3.25, 4.5, 3], "texture": "#1"},
				"down": {"uv": [6, 3.5, 4.5, 3.75], "texture": "#1"}
			}
		},
		{
			"from": [12.32035, 4.66847, 8.2],
			"to": [14.82035, 4.86847, 8.8],
			"rotation": {"angle": 45, "axis": "z", "origin": [13.82035, 4.91847, 8.5]},
			"faces": {
				"north": {"uv": [6.5, 1, 7.75, 1.25], "texture": "#1"},
				"east": {"uv": [1, 10, 1.25, 10.25], "texture": "#1"},
				"south": {"uv": [1.5, 6.5, 2.75, 6.75], "texture": "#1"},
				"west": {"uv": [10, 1, 10.25, 1.25], "texture": "#1"},
				"up": {"uv": [7.75, 1.75, 6.5, 1.5], "texture": "#1"},
				"down": {"uv": [7.75, 2, 6.5, 2.25], "texture": "#1"}
			}
		},
		{
			"from": [12.7, 3.04462, 8.2],
			"to": [14.7, 3.24462, 8.8],
			"rotation": {"angle": -22.5, "axis": "z", "origin": [14.2, 3.29462, 8.5]},
			"faces": {
				"north": {"uv": [7.5, 4, 8.5, 4.25], "texture": "#1"},
				"east": {"uv": [1.5, 10, 1.75, 10.25], "texture": "#1"},
				"south": {"uv": [7.5, 4.5, 8.5, 4.75], "texture": "#1"},
				"west": {"uv": [10, 1.5, 10.25, 1.75], "texture": "#1"},
				"up": {"uv": [6, 7.75, 5, 7.5], "texture": "#1"},
				"down": {"uv": [8.5, 5, 7.5, 5.25], "texture": "#1"}
			}
		},
		{
			"from": [11.7, 2.5, 8.2],
			"to": [14.7, 2.7, 8.8],
			"rotation": {"angle": 22.5, "axis": "z", "origin": [14.2, 2.45, 8.5]},
			"faces": {
				"north": {"uv": [4.5, 4, 6, 4.25], "texture": "#1"},
				"east": {"uv": [2, 10, 2.25, 10.25], "texture": "#1"},
				"south": {"uv": [4.5, 4.5, 6, 4.75], "texture": "#1"},
				"west": {"uv": [10, 2, 10.25, 2.25], "texture": "#1"},
				"up": {"uv": [1.5, 5.25, 0, 5], "texture": "#1"},
				"down": {"uv": [6.5, 1, 5, 1.25], "texture": "#1"}
			}
		},
		{
			"from": [11.64218, 2.99067, 8.2],
			"to": [14.44218, 3.49067, 8.8],
			"rotation": {"angle": -22.5, "axis": "z", "origin": [13.14218, 3.39067, 8.5]},
			"faces": {
				"north": {"uv": [1.5, 5, 3, 5.25], "texture": "#1"},
				"east": {"uv": [2.5, 10, 2.75, 10.25], "texture": "#1"},
				"south": {"uv": [5, 1.5, 6.5, 1.75], "texture": "#1"},
				"west": {"uv": [10, 2.5, 10.25, 2.75], "texture": "#1"},
				"up": {"uv": [6.5, 2.25, 5, 2], "texture": "#1"},
				"down": {"uv": [4.5, 5, 3, 5.25], "texture": "#1"}
			}
		},
		{
			"from": [11.64218, 2.29067, 8.2],
			"to": [14.64218, 2.49067, 8.8],
			"rotation": {"angle": 22.5, "axis": "z", "origin": [13.14218, 2.39067, 8.3]},
			"faces": {
				"north": {"uv": [4.5, 5, 6, 5.25], "texture": "#1"},
				"east": {"uv": [3, 10, 3.25, 10.25], "texture": "#1"},
				"south": {"uv": [0, 5.5, 1.5, 5.75], "texture": "#1"},
				"west": {"uv": [10, 3, 10.25, 3.25], "texture": "#1"},
				"up": {"uv": [3, 5.75, 1.5, 5.5], "texture": "#1"},
				"down": {"uv": [4.5, 5.5, 3, 5.75], "texture": "#1"}
			}
		},
		{
			"from": [11.56564, 2.47545, 8.2],
			"to": [13.76564, 3.27545, 8.8],
			"rotation": {"angle": 22.5, "axis": "z", "origin": [13.06564, 2.57545, 8.3]},
			"faces": {
				"north": {"uv": [2, 0.5, 3, 1], "texture": "#1"},
				"east": {"uv": [0, 8.5, 0.25, 9], "texture": "#1"},
				"south": {"uv": [1, 2, 2, 2.5], "texture": "#1"},
				"west": {"uv": [8.5, 0, 8.75, 0.5], "texture": "#1"},
				"up": {"uv": [8.5, 5.75, 7.5, 5.5], "texture": "#1"},
				"down": {"uv": [7, 7.5, 6, 7.75], "texture": "#1"}
			}
		},
		{
			"from": [11.2595, 3.21455, 8.2],
			"to": [13.0595, 4.81455, 8.8],
			"rotation": {"angle": 22.5, "axis": "z", "origin": [12.7595, 3.31455, 8.3]},
			"faces": {
				"north": {"uv": [1, 0, 2, 0.75], "texture": "#1"},
				"east": {"uv": [2, 8, 2.25, 8.75], "texture": "#1"},
				"south": {"uv": [1, 1, 2, 1.75], "texture": "#1"},
				"west": {"uv": [2.5, 8, 2.75, 8.75], "texture": "#1"},
				"up": {"uv": [8.5, 6.25, 7.5, 6], "texture": "#1"},
				"down": {"uv": [8.5, 6.5, 7.5, 6.75], "texture": "#1"}
			}
		},
		{
			"from": [12.17893, 4.80989, 8.2],
			"to": [14.67893, 5.00989, 8.8],
			"rotation": {"angle": 45, "axis": "z", "origin": [13.67893, 5.05989, 8.5]},
			"faces": {
				"north": {"uv": [3, 6.5, 4.25, 6.75], "texture": "#1"},
				"east": {"uv": [3.5, 10, 3.75, 10.25], "texture": "#1"},
				"south": {"uv": [4.5, 6.5, 5.75, 6.75], "texture": "#1"},
				"west": {"uv": [10, 3.5, 10.25, 3.75], "texture": "#1"},
				"up": {"uv": [7.25, 6.75, 6, 6.5], "texture": "#1"},
				"down": {"uv": [1.25, 7, 0, 7.25], "texture": "#1"}
			}
		},
		{
			"from": [12.03751, 4.95131, 8.2],
			"to": [13.53751, 5.35131, 8.8],
			"rotation": {"angle": 45, "axis": "z", "origin": [13.53751, 5.20131, 8.5]},
			"faces": {
				"north": {"uv": [8, 2, 8.75, 2.25], "texture": "#1"},
				"east": {"uv": [4, 10, 4.25, 10.25], "texture": "#1"},
				"south": {"uv": [3, 8, 3.75, 8.25], "texture": "#1"},
				"west": {"uv": [10, 4, 10.25, 4.25], "texture": "#1"},
				"up": {"uv": [4.75, 8.25, 4, 8], "texture": "#1"},
				"down": {"uv": [5.75, 8, 5, 8.25], "texture": "#1"}
			}
		},
		{
			"from": [11.75467, 5.23416, 8.2],
			"to": [12.65467, 5.43416, 8.8],
			"rotation": {"angle": 45, "axis": "z", "origin": [13.25467, 5.48416, 8.5]},
			"faces": {
				"north": {"uv": [0.5, 8.5, 1, 8.75], "texture": "#1"},
				"east": {"uv": [4.5, 10, 4.75, 10.25], "texture": "#1"},
				"south": {"uv": [8.5, 0.5, 9, 0.75], "texture": "#1"},
				"west": {"uv": [10, 4.5, 10.25, 4.75], "texture": "#1"},
				"up": {"uv": [1.5, 8.75, 1, 8.5], "texture": "#1"},
				"down": {"uv": [2, 8.5, 1.5, 8.75], "texture": "#1"}
			}
		},
		{
			"from": [4, 1, 7],
			"to": [12, 5, 10],
			"rotation": {"angle": 0, "axis": "y", "origin": [7, 0, 7]},
			"faces": {
				"north": {"uv": [0, 0, 4, 2], "texture": "#0"},
				"east": {"uv": [3.5, 7, 5, 9], "texture": "#0"},
				"south": {"uv": [0, 2, 4, 4], "texture": "#0"},
				"west": {"uv": [5, 7, 6.5, 9], "texture": "#0"},
				"up": {"uv": [8, 3.5, 4, 2], "texture": "#0"},
				"down": {"uv": [7.5, 4, 3.5, 5.5], "texture": "#0"}
			}
		},
		{
			"from": [4.5001, 3.0001, 6.5001],
			"to": [11.4999, 5.4999, 9.9899],
			"rotation": {"angle": 0, "axis": "y", "origin": [7, 0.5, 6.5]},
			"faces": {
				"north": {"uv": [3.5, 5.5, 7, 6.75], "texture": "#0"},
				"east": {"uv": [0, 7.5, 1.75, 8.75], "texture": "#0"},
				"south": {"uv": [0, 6, 3.5, 7.25], "texture": "#0"},
				"west": {"uv": [7.5, 0, 9.25, 1.25], "texture": "#0"},
				"up": {"uv": [3.5, 5.75, 0, 4], "texture": "#0"},
				"down": {"uv": [7.5, 0, 4, 1.75], "texture": "#0"}
			}
		},
		{
			"from": [5.0001, 2.5001, 6.4001],
			"to": [10.9999, 3.2999, 7.8999],
			"rotation": {"angle": 0, "axis": "y", "origin": [7, -1.7, 6.4]},
			"faces": {
				"north": {"uv": [4, 3.5, 7, 4], "texture": "#0"},
				"east": {"uv": [7, 6.5, 7.75, 7], "texture": "#0"},
				"south": {"uv": [7, 3.5, 10, 4], "texture": "#0"},
				"west": {"uv": [7.5, 1.5, 8.25, 2], "texture": "#0"},
				"up": {"uv": [10, 6.25, 7, 5.5], "texture": "#0"},
				"down": {"uv": [9.5, 7, 6.5, 7.75], "texture": "#0"}
			}
		},
		{
			"from": [1.45674, 4.98851, 8.2],
			"to": [4.25674, 5.38851, 8.8],
			"rotation": {"angle": -22.5, "axis": "z", "origin": [2.45674, 5.43851, 8.5]},
			"faces": {
				"north": {"uv": [2, 1, 3.5, 1.25], "texture": "#1"},
				"east": {"uv": [8.5, 2.5, 8.75, 2.75], "texture": "#1"},
				"south": {"uv": [2, 1.5, 3.5, 1.75], "texture": "#1"},
				"west": {"uv": [3, 8.5, 3.25, 8.75], "texture": "#1"},
				"up": {"uv": [3.5, 2.25, 2, 2], "texture": "#1"},
				"down": {"uv": [1.5, 2.5, 0, 2.75], "texture": "#1"}
			}
		},
		{
			"from": [1.0926, 5.70529, 8.2],
			"to": [1.4126, 5.94529, 8.8],
			"rotation": {"angle": -45, "axis": "z", "origin": [0.9926, 5.60529, 8.5]},
			"faces": {
				"north": {"uv": [0, 9, 0.25, 9.25], "texture": "#1"},
				"east": {"uv": [9, 0, 9.25, 0.25], "texture": "#1"},
				"south": {"uv": [0.5, 9, 0.75, 9.25], "texture": "#1"},
				"west": {"uv": [9, 0.5, 9.25, 0.75], "texture": "#1"},
				"up": {"uv": [1.25, 9.25, 1, 9], "texture": "#1"},
				"down": {"uv": [9.25, 1, 9, 1.25], "texture": "#1"}
			}
		},
		{
			"from": [1.30382, 5.4451, 8.2001],
			"to": [1.51362, 5.7749, 8.7999],
			"rotation": {"angle": 0, "axis": "y", "origin": [1.29372, 5.345, 8.5]},
			"faces": {
				"north": {"uv": [1.5, 9, 1.75, 9.25], "texture": "#1"},
				"east": {"uv": [9, 1.5, 9.25, 1.75], "texture": "#1"},
				"south": {"uv": [2, 9, 2.25, 9.25], "texture": "#1"},
				"west": {"uv": [9, 2, 9.25, 2.25], "texture": "#1"},
				"up": {"uv": [2.75, 9.25, 2.5, 9], "texture": "#1"},
				"down": {"uv": [9.25, 2.5, 9, 2.75], "texture": "#1"}
			}
		},
		{
			"from": [1.07397, 2.53147, 8.2],
			"to": [1.33397, 2.80147, 8.8],
			"rotation": {"angle": -45, "axis": "z", "origin": [1.53397, 2.58147, 8.5]},
			"faces": {
				"north": {"uv": [3, 9, 3.25, 9.25], "texture": "#1"},
				"east": {"uv": [9, 3, 9.25, 3.25], "texture": "#1"},
				"south": {"uv": [3.5, 9, 3.75, 9.25], "texture": "#1"},
				"west": {"uv": [9, 3.5, 9.25, 3.75], "texture": "#1"},
				"up": {"uv": [4.25, 9.25, 4, 9], "texture": "#1"},
				"down": {"uv": [9.25, 4, 9, 4.25], "texture": "#1"}
			}
		},
		{
			"from": [1.45674, 5.18851, 8.2],
			"to": [4.25674, 5.38851, 8.8],
			"rotation": {"angle": -22.5, "axis": "z", "origin": [2.45674, 5.43851, 8.5]},
			"faces": {
				"north": {"uv": [1.5, 2.5, 3, 2.75], "texture": "#1"},
				"east": {"uv": [4.5, 9, 4.75, 9.25], "texture": "#1"},
				"south": {"uv": [0, 3, 1.5, 3.25], "texture": "#1"},
				"west": {"uv": [9, 4.5, 9.25, 4.75], "texture": "#1"},
				"up": {"uv": [4.5, 0.25, 3, 0], "texture": "#1"},
				"down": {"uv": [4.5, 0.5, 3, 0.75], "texture": "#1"}
			}
		},
		{
			"from": [1.17965, 4.66847, 8.2],
			"to": [3.67965, 4.86847, 8.8],
			"rotation": {"angle": -45, "axis": "z", "origin": [2.17965, 4.91847, 8.5]},
			"faces": {
				"north": {"uv": [1.5, 6, 2.75, 6.25], "texture": "#1"},
				"east": {"uv": [5, 9, 5.25, 9.25], "texture": "#1"},
				"south": {"uv": [6, 2.5, 7.25, 2.75], "texture": "#1"},
				"west": {"uv": [9, 5, 9.25, 5.25], "texture": "#1"},
				"up": {"uv": [4.25, 6.25, 3, 6], "texture": "#1"},
				"down": {"uv": [7.25, 3, 6, 3.25], "texture": "#1"}
			}
		},
		{
			"from": [1.3, 3.04462, 8.2],
			"to": [3.3, 3.24462, 8.8],
			"rotation": {"angle": 22.5, "axis": "z", "origin": [1.8, 3.29462, 8.5]},
			"faces": {
				"north": {"uv": [5.5, 7, 6.5, 7.25], "texture": "#1"},
				"east": {"uv": [5.5, 9, 5.75, 9.25], "texture": "#1"},
				"south": {"uv": [6.5, 7, 7.5, 7.25], "texture": "#1"},
				"west": {"uv": [9, 5.5, 9.25, 5.75], "texture": "#1"},
				"up": {"uv": [1, 7.75, 0, 7.5], "texture": "#1"},
				"down": {"uv": [8.5, 0, 7.5, 0.25], "texture": "#1"}
			}
		},
		{
			"from": [1.3, 2.5, 8.2],
			"to": [4.3, 2.7, 8.8],
			"rotation": {"angle": -22.5, "axis": "z", "origin": [1.8, 2.45, 8.5]},
			"faces": {
				"north": {"uv": [1.5, 3, 3, 3.25], "texture": "#1"},
				"east": {"uv": [6, 9, 6.25, 9.25], "texture": "#1"},
				"south": {"uv": [3, 2.5, 4.5, 2.75], "texture": "#1"},
				"west": {"uv": [9, 6, 9.25, 6.25], "texture": "#1"},
				"up": {"uv": [4.5, 3.25, 3, 3], "texture": "#1"},
				"down": {"uv": [1.5, 3.5, 0, 3.75], "texture": "#1"}
			}
		},
		{
			"from": [1.55782, 2.99067, 8.2],
			"to": [4.35782, 3.49067, 8.8],
			"rotation": {"angle": 22.5, "axis": "z", "origin": [2.85782, 3.39067, 8.5]},
			"faces": {
				"north": {"uv": [3.5, 1, 5, 1.25], "texture": "#1"},
				"east": {"uv": [6.5, 9, 6.75, 9.25], "texture": "#1"},
				"south": {"uv": [1.5, 3.5, 3, 3.75], "texture": "#1"},
				"west": {"uv": [9, 6.5, 9.25, 6.75], "texture": "#1"},
				"up": {"uv": [5, 1.75, 3.5, 1.5], "texture": "#1"},
				"down": {"uv": [5, 2, 3.5, 2.25], "texture": "#1"}
			}
		},
		{
			"from": [1.35782, 2.29067, 8.2],
			"to": [4.35782, 2.49067, 8.8],
			"rotation": {"angle": -22.5, "axis": "z", "origin": [2.85782, 2.39067, 8.3]},
			"faces": {
				"north": {"uv": [3, 3.5, 4.5, 3.75], "texture": "#1"},
				"east": {"uv": [7, 9, 7.25, 9.25], "texture": "#1"},
				"south": {"uv": [0, 4, 1.5, 4.25], "texture": "#1"},
				"west": {"uv": [9, 7, 9.25, 7.25], "texture": "#1"},
				"up": {"uv": [3, 4.25, 1.5, 4], "texture": "#1"},
				"down": {"uv": [4.5, 4, 3, 4.25], "texture": "#1"}
			}
		},
		{
			"from": [2.23436, 2.47545, 8.2],
			"to": [4.43436, 3.27545, 8.8],
			"rotation": {"angle": -22.5, "axis": "z", "origin": [2.93436, 2.57545, 8.3]},
			"faces": {
				"north": {"uv": [0, 2, 1, 2.5], "texture": "#1"},
				"east": {"uv": [6, 8, 6.25, 8.5], "texture": "#1"},
				"south": {"uv": [2, 0, 3, 0.5], "texture": "#1"},
				"west": {"uv": [6.5, 8, 6.75, 8.5], "texture": "#1"},
				"up": {"uv": [8.5, 0.75, 7.5, 0.5], "texture": "#1"},
				"down": {"uv": [2, 7.5, 1, 7.75], "texture": "#1"}
			}
		},
		{
			"from": [2.9405, 3.21455, 8.2],
			"to": [4.7405, 4.81455, 8.8],
			"rotation": {"angle": -22.5, "axis": "z", "origin": [3.2405, 3.31455, 8.3]},
			"faces": {
				"north": {"uv": [0, 0, 1, 0.75], "texture": "#1"},
				"east": {"uv": [7, 7.5, 7.25, 8.25], "texture": "#1"},
				"south": {"uv": [0, 1, 1, 1.75], "texture": "#1"},
				"west": {"uv": [7.5, 7, 7.75, 7.75], "texture": "#1"},
				"up": {"uv": [3, 7.75, 2, 7.5], "texture": "#1"},
				"down": {"uv": [8.5, 2.5, 7.5, 2.75], "texture": "#1"}
			}
		},
		{
			"from": [1.32107, 4.80989, 8.2],
			"to": [3.82107, 5.00989, 8.8],
			"rotation": {"angle": -45, "axis": "z", "origin": [2.32107, 5.05989, 8.5]},
			"faces": {
				"north": {"uv": [6, 3.5, 7.25, 3.75], "texture": "#1"},
				"east": {"uv": [7.5, 9, 7.75, 9.25], "texture": "#1"},
				"south": {"uv": [6, 4, 7.25, 4.25], "texture": "#1"},
				"west": {"uv": [9, 7.5, 9.25, 7.75], "texture": "#1"},
				"up": {"uv": [5.75, 6.25, 4.5, 6], "texture": "#1"},
				"down": {"uv": [7.25, 4.5, 6, 4.75], "texture": "#1"}
			}
		},
		{
			"from": [2.46249, 4.95131, 8.2],
			"to": [3.96249, 5.35131, 8.8],
			"rotation": {"angle": -45, "axis": "z", "origin": [2.46249, 5.20131, 8.5]},
			"faces": {
				"north": {"uv": [0, 8, 0.75, 8.25], "texture": "#1"},
				"east": {"uv": [8, 9, 8.25, 9.25], "texture": "#1"},
				"south": {"uv": [1, 8, 1.75, 8.25], "texture": "#1"},
				"west": {"uv": [9, 8, 9.25, 8.25], "texture": "#1"},
				"up": {"uv": [8.75, 1.25, 8, 1], "texture": "#1"},
				"down": {"uv": [8.75, 1.5, 8, 1.75], "texture": "#1"}
			}
		},
		{
			"from": [3.34533, 5.23416, 8.2],
			"to": [4.24533, 5.43416, 8.8],
			"rotation": {"angle": -45, "axis": "z", "origin": [2.74533, 5.48416, 8.5]},
			"faces": {
				"north": {"uv": [8, 7, 8.5, 7.25], "texture": "#1"},
				"east": {"uv": [8.5, 9, 8.75, 9.25], "texture": "#1"},
				"south": {"uv": [7.5, 8, 8, 8.25], "texture": "#1"},
				"west": {"uv": [9, 8.5, 9.25, 8.75], "texture": "#1"},
				"up": {"uv": [8.5, 7.75, 8, 7.5], "texture": "#1"},
				"down": {"uv": [8.5, 8, 8, 8.25], "texture": "#1"}
			}
		}
	],
	"display": {
		"thirdperson_righthand": {
			"translation": [0, 1, -1],
			"scale": [0.58, 0.58, 0.58]
		},
		"ground": {
			"translation": [0, 5, 0]
		},
		"gui": {
			"rotation": [30, -150, 0],
			"translation": [0.25, 4.5, 0],
			"scale": [1.32, 1.32, 1.32]
		},
		"head": {
			"translation": [0, -17.5, -5.75]
		}
	},
	"groups": [
		{
			"name": "right_thing",
			"origin": [13.25467, 5.48416, 8.5],
			"color": 0,
			"children": [0, 1, 2, 3, 4, 5, 6, 7, 8, 9, 10, 11, 12, 13, 14]
		},
		{
			"name": "belt",
			"origin": [7, -1.7, 6.4],
			"color": 0,
			"children": [15, 16, 17]
		},
		{
			"name": "left_thing",
			"origin": [13.25467, 5.48416, 8.5],
			"color": 0,
			"children": [18, 19, 20, 21, 22, 23, 24, 25, 26, 27, 28, 29, 30, 31, 32]
		}
	]
}