{
    "parent": "item/handheld",
    "textures": {
        "layer0": "minecraft:item/emerald"
    },
    "overrides": [
        {"predicate": {"custom_model_data":1}, "model": "item/emerald/1"},
        {"predicate": {"custom_model_data":2}, "model": "item/emerald/2"},
        {"predicate": {"custom_model_data":3}, "model": "item/emerald/3"},
        {"predicate": {"custom_model_data":4}, "model": "item/emerald/4"},
        {"predicate": {"custom_model_data":5}, "model": "item/emerald/5"},
        {"predicate": {"custom_model_data":6}, "model": "item/emerald/6"},
        {"predicate": {"custom_model_data":7}, "model": "item/emerald/7"},
        {"predicate": {"custom_model_data":8}, "model": "item/emerald/8"},
        {"predicate": {"custom_model_data":9}, "model": "item/emerald/9"},
        {"predicate": {"custom_model_data":10}, "model": "item/emerald/10"},
        {"predicate": {"custom_model_data":11}, "model": "item/emerald/11"},
        {"predicate": {"custom_model_data":12}, "model": "item/emerald/12"},
        {"predicate": {"custom_model_data":13}, "model": "item/emerald/13"},
        {"predicate": {"custom_model_data":14}, "model": "item/emerald/14"},
        {"predicate": {"custom_model_data":15}, "model": "item/emerald/15"},
        {"predicate": {"custom_model_data":16}, "model": "item/emerald/16"},
        {"predicate": {"custom_model_data":17}, "model": "item/emerald/17"},
        {"predicate": {"custom_model_data":18}, "model": "item/emerald/18"},
        {"predicate": {"custom_model_data":19}, "model": "item/emerald/19"},
        {"predicate": {"custom_model_data":20}, "model": "item/emerald/20"},
        {"predicate": {"custom_model_data":21}, "model": "item/emerald/21"},
        {"predicate": {"custom_model_data":22}, "model": "item/emerald/22"},
        {"predicate": {"custom_model_data":23}, "model": "item/emerald/23"},
        {"predicate": {"custom_model_data":24}, "model": "item/emerald/24"},
        {"predicate": {"custom_model_data":25}, "model": "item/emerald/25"},
        {"predicate": {"custom_model_data":26}, "model": "item/emerald/26"},
        {"predicate": {"custom_model_data":27}, "model": "item/emerald/27"},
        {"predicate": {"custom_model_data":28}, "model": "item/emerald/28"},
        {"predicate": {"custom_model_data":29}, "model": "item/emerald/29"},
        {"predicate": {"custom_model_data":30}, "model": "item/emerald/30"},
        {"predicate": {"custom_model_data":31}, "model": "item/emerald/31"},
        {"predicate": {"custom_model_data":32}, "model": "item/emerald/32"},
        {"predicate": {"custom_model_data":33}, "model": "item/emerald/33"},
        {"predicate": {"custom_model_data":34}, "model": "item/emerald/34"},
        {"predicate": {"custom_model_data":35}, "model": "item/emerald/35"},
        {"predicate": {"custom_model_data":36}, "model": "item/emerald/36"},
        {"predicate": {"custom_model_data":37}, "model": "item/emerald/37"},
        {"predicate": {"custom_model_data":38}, "model": "item/emerald/38"},
        {"predicate": {"custom_model_data":39}, "model": "item/emerald/39"},
        {"predicate": {"custom_model_data":40}, "model": "item/emerald/40"},
        {"predicate": {"custom_model_data":41}, "model": "item/emerald/41"},
        {"predicate": {"custom_model_data":42}, "model": "item/emerald/42"},
        {"predicate": {"custom_model_data":43}, "model": "item/emerald/43"},
        {"predicate": {"custom_model_data":44}, "model": "item/emerald/44"},
        {"predicate": {"custom_model_data":45}, "model": "item/emerald/45"},
        {"predicate": {"custom_model_data":46}, "model": "item/emerald/46"},
        {"predicate": {"custom_model_data":47}, "model": "item/emerald/47"},
        {"predicate": {"custom_model_data":48}, "model": "item/emerald/48"},
        {"predicate": {"custom_model_data":49}, "model": "item/emerald/49"},
        {"predicate": {"custom_model_data":50}, "model": "item/emerald/50"}
        ]
}
