{
	"parent": "item/handheld",
	"textures": {
		"layer0": "item/honeycomb/0"
	},
	
	"overrides": [
		{"predicate": {"custom_model_data":1}, "model": "item/honeycomb/1"},
		{"predicate": {"custom_model_data":2}, "model": "item/honeycomb/2"},
		{"predicate": {"custom_model_data":3}, "model": "item/honeycomb/3"},
		{"predicate": {"custom_model_data":4}, "model": "item/honeycomb/4"},
		{"predicate": {"custom_model_data":5}, "model": "item/honeycomb/5"},
		{"predicate": {"custom_model_data":6}, "model": "item/honeycomb/6"},
		{"predicate": {"custom_model_data":7}, "model": "item/honeycomb/7"},
		{"predicate": {"custom_model_data":8}, "model": "item/honeycomb/8"},
		{"predicate": {"custom_model_data":9}, "model": "item/honeycomb/9"},
		{"predicate": {"custom_model_data":10}, "model": "item/honeycomb/10"},
		{"predicate": {"custom_model_data":11}, "model": "item/honeycomb/11"},
		{"predicate": {"custom_model_data":12}, "model": "item/honeycomb/12"},
		{"predicate": {"custom_model_data":13}, "model": "item/honeycomb/13"},
		{"predicate": {"custom_model_data":14}, "model": "item/honeycomb/14"},
		{"predicate": {"custom_model_data":15}, "model": "item/honeycomb/15"},
		{"predicate": {"custom_model_data":16}, "model": "item/honeycomb/16"},
		{"predicate": {"custom_model_data":17}, "model": "item/honeycomb/17"},
		{"predicate": {"custom_model_data":18}, "model": "item/honeycomb/18"},
		{"predicate": {"custom_model_data":19}, "model": "item/honeycomb/19"},
		{"predicate": {"custom_model_data":20}, "model": "item/honeycomb/20"},
		{"predicate": {"custom_model_data":21}, "model": "item/honeycomb/21"},
		{"predicate": {"custom_model_data":22}, "model": "item/honeycomb/22"},
		{"predicate": {"custom_model_data":23}, "model": "item/honeycomb/23"},
		{"predicate": {"custom_model_data":24}, "model": "item/honeycomb/24"},
		{"predicate": {"custom_model_data":25}, "model": "item/honeycomb/25"},
		{"predicate": {"custom_model_data":26}, "model": "item/honeycomb/26"},
		{"predicate": {"custom_model_data":27}, "model": "item/honeycomb/27"},
		{"predicate": {"custom_model_data":28}, "model": "item/honeycomb/28"},
		{"predicate": {"custom_model_data":29}, "model": "item/honeycomb/29"},
		{"predicate": {"custom_model_data":30}, "model": "item/honeycomb/30"},
		{"predicate": {"custom_model_data":31}, "model": "item/honeycomb/31"},
		{"predicate": {"custom_model_data":32}, "model": "item/honeycomb/32"},
		{"predicate": {"custom_model_data":100}, "model": "item/honeycomb/100"}

	]
}