{"textures":{"0":"modelengine:entity/acacia_log"},"elements":[{"from":[1.0,9.0,5.2543297],"to":[3.0,10.0,8.00433],"faces":{"east":{"uv":[12.125,11.25,13.5,11.75],"tintindex":0,"rotation":0,"texture":"#0"},"south":{"uv":[0.0,0.0,1.0,0.5],"tintindex":0,"rotation":0,"texture":"#0"},"north":{"uv":[0.0,0.0,1.0,0.5],"tintindex":0,"rotation":0,"texture":"#0"},"west":{"uv":[0.0,0.0,1.375,0.5],"tintindex":0,"rotation":0,"texture":"#0"},"up":{"uv":[0.0,0.0,1.0,1.375],"tintindex":0,"rotation":0,"texture":"#0"},"down":{"uv":[0.0,0.0,1.0,1.375],"tintindex":0,"rotation":0,"texture":"#0"}}},{"from":[1.0,8.0,5.2543297],"to":[3.0,8.5,8.00433],"faces":{"east":{"uv":[4.375,2.375,3.375,3.375],"tintindex":0,"rotation":0,"texture":"#0"},"south":{"uv":[4.375,2.375,3.375,3.375],"tintindex":0,"rotation":0,"texture":"#0"},"north":{"uv":[4.375,2.375,3.375,3.375],"tintindex":0,"rotation":0,"texture":"#0"},"west":{"uv":[4.375,2.375,3.375,3.375],"tintindex":0,"rotation":0,"texture":"#0"},"up":{"uv":[4.375,2.375,3.375,3.375],"tintindex":0,"rotation":0,"texture":"#0"},"down":{"uv":[4.375,2.375,3.375,3.375],"tintindex":0,"rotation":0,"texture":"#0"}}},{"from":[1.0,8.0,8.00433],"to":[3.0,10.0,9.25433],"faces":{"east":{"uv":[12.875,11.25,13.5,12.25],"tintindex":0,"rotation":0,"texture":"#0"},"south":{"uv":[0.0,0.0,1.0,1.0],"tintindex":0,"rotation":0,"texture":"#0"},"north":{"uv":[0.0,0.0,1.0,1.0],"tintindex":0,"rotation":0,"texture":"#0"},"west":{"uv":[0.0,0.0,0.625,1.0],"tintindex":0,"rotation":0,"texture":"#0"},"up":{"uv":[0.0,0.0,1.0,0.625],"tintindex":0,"rotation":0,"texture":"#0"},"down":{"uv":[0.0,0.0,1.0,0.625],"tintindex":0,"rotation":0,"texture":"#0"}}},{"from":[0.0,8.25,11.00433],"to":[6.0,9.25,12.00433],"faces":{"east":{"uv":[13.0,11.625,13.5,12.125],"tintindex":0,"rotation":0,"texture":"#0"},"south":{"uv":[0.0,0.0,3.0,0.5],"tintindex":0,"rotation":0,"texture":"#0"},"north":{"uv":[0.0,0.0,3.0,0.5],"tintindex":0,"rotation":0,"texture":"#0"},"west":{"uv":[0.0,0.0,0.5,0.5],"tintindex":0,"rotation":0,"texture":"#0"},"up":{"uv":[0.0,0.0,3.0,0.5],"tintindex":0,"rotation":0,"texture":"#0"},"down":{"uv":[0.0,0.0,3.0,0.5],"tintindex":0,"rotation":0,"texture":"#0"}},"rotation":{"origin":[8.0,8.0,14.75433],"angle":-22.5,"axis":"y"}}],"display":{"gui":{"rotation":[30,225,0]}}}