{"textures":{"0":"modelengine:entity/acacia_log"},"elements":[{"from":[5.25,8.1,2.75],"to":[10.75,12.0,12.0],"faces":{"east":{"uv":[8.875,10.25,13.5,12.2],"tintindex":0,"rotation":0,"texture":"#0"},"south":{"uv":[3.5,9.5,6.5,12.0],"tintindex":0,"rotation":0,"texture":"#0"},"north":{"uv":[9.5,0.0,12.5,2.5],"tintindex":0,"rotation":0,"texture":"#0"},"west":{"uv":[3.5,7.0,7.5,9.5],"tintindex":0,"rotation":0,"texture":"#0"},"up":{"uv":[3.0,4.0,0.0,0.0],"tintindex":0,"rotation":0,"texture":"#0"},"down":{"uv":[6.0,0.0,3.0,4.0],"tintindex":0,"rotation":0,"texture":"#0"}}}],"display":{"gui":{"rotation":[30,225,0]}}}