{"textures":{"0":"modelengine:entity/acacia_log"},"elements":[{"from":[7.2,13.6,21.5],"to":[8.8,18.0,23.25],"faces":{"east":{"uv":[6.872835,12.3,9.247835,13.0],"tintindex":0,"rotation":0,"texture":"#0"},"south":{"uv":[3.5,9.5,6.5,12.0],"tintindex":0,"rotation":0,"texture":"#0"},"north":{"uv":[9.5,0.0,12.5,2.5],"tintindex":0,"rotation":0,"texture":"#0"},"west":{"uv":[3.5,7.0,7.5,9.5],"tintindex":0,"rotation":0,"texture":"#0"},"up":{"uv":[3.0,4.0,0.0,0.0],"tintindex":0,"rotation":0,"texture":"#0"},"down":{"uv":[6.0,0.0,3.0,4.0],"tintindex":0,"rotation":0,"texture":"#0"}},"rotation":{"origin":[8.0,8.0,8.0],"angle":-22.5,"axis":"x"}},{"from":[6.5,5.6,15.25],"to":[9.5,7.5,20.0],"faces":{"east":{"uv":[7.622835,12.05,9.997835,13.0],"tintindex":0,"rotation":0,"texture":"#0"},"south":{"uv":[3.5,9.5,6.5,12.0],"tintindex":0,"rotation":0,"texture":"#0"},"north":{"uv":[9.5,0.0,12.5,2.5],"tintindex":0,"rotation":0,"texture":"#0"},"west":{"uv":[3.5,7.0,7.5,9.5],"tintindex":0,"rotation":0,"texture":"#0"},"up":{"uv":[3.0,4.0,0.0,0.0],"tintindex":0,"rotation":0,"texture":"#0"},"down":{"uv":[6.0,0.0,3.0,4.0],"tintindex":0,"rotation":0,"texture":"#0"}},"rotation":{"origin":[8.0,8.0,8.0],"angle":-45.0,"axis":"x"}},{"from":[6.95,18.1,13.0],"to":[9.05,23.0,14.75],"faces":{"east":{"uv":[6.497835,12.05,8.872835,13.0],"tintindex":0,"rotation":0,"texture":"#0"},"south":{"uv":[3.5,9.5,6.5,12.0],"tintindex":0,"rotation":0,"texture":"#0"},"north":{"uv":[9.5,0.0,12.5,2.5],"tintindex":0,"rotation":0,"texture":"#0"},"west":{"uv":[3.5,7.0,7.5,9.5],"tintindex":0,"rotation":0,"texture":"#0"},"up":{"uv":[3.0,4.0,0.0,0.0],"tintindex":0,"rotation":0,"texture":"#0"},"down":{"uv":[6.0,0.0,3.0,4.0],"tintindex":0,"rotation":0,"texture":"#0"}},"rotation":{"origin":[8.0,8.0,8.0],"angle":22.5,"axis":"x"}},{"from":[6.25,8.1,11.25],"to":[9.75,10.0,17.0],"faces":{"east":{"uv":[9.122835,11.75,11.997835,12.7],"tintindex":0,"rotation":0,"texture":"#0"},"south":{"uv":[3.5,9.5,6.5,12.0],"tintindex":0,"rotation":0,"texture":"#0"},"north":{"uv":[9.5,0.0,12.5,2.5],"tintindex":0,"rotation":0,"texture":"#0"},"west":{"uv":[3.5,7.0,7.5,9.5],"tintindex":0,"rotation":0,"texture":"#0"},"up":{"uv":[3.0,4.0,0.0,0.0],"tintindex":0,"rotation":0,"texture":"#0"},"down":{"uv":[6.0,0.0,3.0,4.0],"tintindex":0,"rotation":0,"texture":"#0"}},"rotation":{"origin":[8.0,8.0,8.0],"angle":-22.5,"axis":"x"}}],"display":{"gui":{"rotation":[30,225,0]}}}