{
    "parent": "item/handheld",
    "textures": {
        "layer0": "minecraft:item/mangrove_propagule"
    },
    "overrides": [
        {"predicate": {"custom_model_data":1}, "model": "item/mangrove_propagule/1"},
        {"predicate": {"custom_model_data":2}, "model": "item/mangrove_propagule/2"},
        {"predicate": {"custom_model_data":3}, "model": "item/mangrove_propagule/3"},
        {"predicate": {"custom_model_data":4}, "model": "item/mangrove_propagule/4"},
        {"predicate": {"custom_model_data":5}, "model": "item/mangrove_propagule/5"},
        {"predicate": {"custom_model_data":6}, "model": "item/mangrove_propagule/6"},
        {"predicate": {"custom_model_data":7}, "model": "item/mangrove_propagule/7"},
        {"predicate": {"custom_model_data":8}, "model": "item/mangrove_propagule/8"},
        {"predicate": {"custom_model_data":9}, "model": "item/mangrove_propagule/9"},
        {"predicate": {"custom_model_data":10}, "model": "item/mangrove_propagule/10"},
        {"predicate": {"custom_model_data":11}, "model": "item/mangrove_propagule/11"},
        {"predicate": {"custom_model_data":12}, "model": "item/mangrove_propagule/12"},
        {"predicate": {"custom_model_data":13}, "model": "item/mangrove_propagule/13"},
        {"predicate": {"custom_model_data":14}, "model": "item/mangrove_propagule/14"},
        {"predicate": {"custom_model_data":15}, "model": "item/mangrove_propagule/15"},
        {"predicate": {"custom_model_data":16}, "model": "item/mangrove_propagule/16"},
        {"predicate": {"custom_model_data":17}, "model": "item/mangrove_propagule/17"},
        {"predicate": {"custom_model_data":18}, "model": "item/mangrove_propagule/18"},
        {"predicate": {"custom_model_data":19}, "model": "item/mangrove_propagule/19"},
        {"predicate": {"custom_model_data":20}, "model": "item/mangrove_propagule/20"},
        {"predicate": {"custom_model_data":21}, "model": "item/mangrove_propagule/21"},
        {"predicate": {"custom_model_data":22}, "model": "item/mangrove_propagule/22"},
        {"predicate": {"custom_model_data":23}, "model": "item/mangrove_propagule/23"},
        {"predicate": {"custom_model_data":24}, "model": "item/mangrove_propagule/24"},
        {"predicate": {"custom_model_data":25}, "model": "item/mangrove_propagule/25"},
        {"predicate": {"custom_model_data":26}, "model": "item/mangrove_propagule/26"},
        {"predicate": {"custom_model_data":27}, "model": "item/mangrove_propagule/27"},
        {"predicate": {"custom_model_data":28}, "model": "item/mangrove_propagule/28"},
        {"predicate": {"custom_model_data":29}, "model": "item/mangrove_propagule/29"},
        {"predicate": {"custom_model_data":30}, "model": "item/mangrove_propagule/30"},
        {"predicate": {"custom_model_data":31}, "model": "item/mangrove_propagule/31"},
        {"predicate": {"custom_model_data":32}, "model": "item/mangrove_propagule/32"},
        {"predicate": {"custom_model_data":33}, "model": "item/mangrove_propagule/33"},
        {"predicate": {"custom_model_data":100}, "model": "item/mangrove_propagule/100"},
        {"predicate": {"custom_model_data":101}, "model": "item/mangrove_propagule/101"},
        {"predicate": {"custom_model_data":102}, "model": "item/mangrove_propagule/102"},
        {"predicate": {"custom_model_data":103}, "model": "item/mangrove_propagule/103"},
        {"predicate": {"custom_model_data":104}, "model": "item/mangrove_propagule/104"},
        {"predicate": {"custom_model_data":105}, "model": "item/mangrove_propagule/105"},
        {"predicate": {"custom_model_data":106}, "model": "item/mangrove_propagule/106"},
        {"predicate": {"custom_model_data":107}, "model": "item/mangrove_propagule/107"},
        {"predicate": {"custom_model_data":108}, "model": "item/mangrove_propagule/108"},
        {"predicate": {"custom_model_data":109}, "model": "item/mangrove_propagule/109"},
        {"predicate": {"custom_model_data":110}, "model": "item/mangrove_propagule/110"},
        {"predicate": {"custom_model_data":111}, "model": "item/mangrove_propagule/111"},
        {"predicate": {"custom_model_data":112}, "model": "item/mangrove_propagule/112"},
        {"predicate": {"custom_model_data":113}, "model": "item/mangrove_propagule/113"},
        {"predicate": {"custom_model_data":114}, "model": "item/mangrove_propagule/114"}
        ]
}
