{
	"credit": "Made with Blockbench",
	"parent": "block/block",
	"textures": {
		"1": "block/copper_block",
		"2": "block/copper_block",
		"particle": "OneDrive/Old laptop/Desktop/block/copper_block"
	},
	"elements": [
		{
			"from": [6.5, -16, 6.5],
			"to": [9.5, 11, 9.5],
			"faces": {
				"north": {"uv": [2, 0, 0, 15], "texture": "#2"},
				"east": {"uv": [0, 0, 2, 15], "texture": "#2"},
				"south": {"uv": [2, 0, 0, 15], "texture": "#2"},
				"west": {"uv": [0, 0, 2, 15], "texture": "#2"},
				"up": {"uv": [2, 0, 4, 2], "texture": "#2", "cullface": "up"},
				"down": {"uv": [2, 0, 4, 2], "texture": "#2", "cullface": "up"}
			}
		},
		{
			"from": [5, 10.1, 5],
			"to": [11, 12.1, 11],
			"faces": {
				"north": {"uv": [2, 6, 6, 7], "texture": "#1"},
				"east": {"uv": [2, 6, 6, 7], "texture": "#1"},
				"south": {"uv": [2, 6, 6, 7], "texture": "#1"},
				"west": {"uv": [2, 6, 6, 7], "texture": "#1"},
				"up": {"uv": [2, 2, 6, 6], "texture": "#1"},
				"down": {"uv": [6, 6, 2, 2], "texture": "#1", "cullface": "down"}
			}
		}
	],
	"display": {
		"thirdperson_righthand": {
			"translation": [0, 5, 0],
			"scale": [0.41, 0.41, 0.41]
		},
		"firstperson_righthand": {
			"rotation": [-23, 0, 0],
			"translation": [0, 4.5, 0],
			"scale": [0.41, 0.41, 0.41]
		},
		"ground": {
			"translation": [0, 8, 0],
			"scale": [0.7, 0.49, 0.7]
		},
		"gui": {
			"rotation": [30.5, -30, 0],
			"translation": [0, 4.5, 0],
			"scale": [0.64, 0.56, 0.64]
		},
		"head": {
			"rotation": [119, 0, 0],
			"translation": [0, 1, -3.25],
			"scale": [1, 0.5293, 1]
		},
		"fixed": {
			"rotation": [0, 0, -45],
			"translation": [4.75, 5.25, 0],
			"scale": [0.72, 0.72, 0.72]
		}
	},
	"groups": [
		{
			"name": "group",
			"origin": [8, 8, 8],
			"color": 0,
			"children": [0, 1]
		}
	]
}