{
	"parent": "item/handheld",
	"textures": {
		"layer0": "item/stick"
	},
	
	"overrides": [
		{"predicate": {"custom_model_data":1}, "model": "item/stick/1"},
		{"predicate": {"custom_model_data":2}, "model": "item/stick/2"},
		{"predicate": {"custom_model_data":3}, "model": "item/stick/3"},
		{"predicate": {"custom_model_data":4}, "model": "item/stick/4"},
		{"predicate": {"custom_model_data":5}, "model": "item/stick/5"},
		{"predicate": {"custom_model_data":6}, "model": "item/stick/6"},
		{"predicate": {"custom_model_data":7}, "model": "item/stick/7"},
		{"predicate": {"custom_model_data":8}, "model": "item/stick/8"},
		{"predicate": {"custom_model_data":9}, "model": "item/stick/9"},
		{"predicate": {"custom_model_data":10}, "model": "item/stick/10"},
		{"predicate": {"custom_model_data":11}, "model": "item/stick/11"},
		{"predicate": {"custom_model_data":12}, "model": "item/stick/12"},
		{"predicate": {"custom_model_data":13}, "model": "item/stick/13"},
		{"predicate": {"custom_model_data":14}, "model": "item/stick/14"},
		{"predicate": {"custom_model_data":15}, "model": "item/stick/15"},
		{"predicate": {"custom_model_data":16}, "model": "item/stick/16"},
		{"predicate": {"custom_model_data":17}, "model": "item/stick/17"},
		{"predicate": {"custom_model_data":18}, "model": "item/stick/18"},
		{"predicate": {"custom_model_data":19}, "model": "item/stick/19"},
		{"predicate": {"custom_model_data":20}, "model": "item/stick/20"},
		{"predicate": {"custom_model_data":21}, "model": "item/stick/21"},
		{"predicate": {"custom_model_data":22}, "model": "item/stick/22"},
		{"predicate": {"custom_model_data":23}, "model": "item/stick/23"},
		{"predicate": {"custom_model_data":24}, "model": "item/stick/24"},
		{"predicate": {"custom_model_data":25}, "model": "item/stick/25"},
		{"predicate": {"custom_model_data":26}, "model": "item/stick/26"},
		{"predicate": {"custom_model_data":27}, "model": "item/stick/27"},
		{"predicate": {"custom_model_data":28}, "model": "item/stick/28"},
		{"predicate": {"custom_model_data":29}, "model": "item/stick/29"},
		{"predicate": {"custom_model_data":30}, "model": "item/stick/30"},
		{"predicate": {"custom_model_data":31}, "model": "item/stick/31"},
		{"predicate": {"custom_model_data":32}, "model": "item/stick/32"},
		{"predicate": {"custom_model_data":100}, "model": "item/stick/100"}

	]
}