{
	"parent": "item/handheld",
	"textures": {
		"layer0": "item/candle"
	},
	
	"overrides": [
		{"predicate": {"custom_model_data":1}, "model": "item/gray_candle/1"},
		{"predicate": {"custom_model_data":2}, "model": "item/gray_candle/2"},
		{"predicate": {"custom_model_data":3}, "model": "item/gray_candle/3"},
		{"predicate": {"custom_model_data":4}, "model": "item/gray_candle/4"},
		{"predicate": {"custom_model_data":5}, "model": "item/gray_candle/5"},
		{"predicate": {"custom_model_data":6}, "model": "item/gray_candle/6"},
		{"predicate": {"custom_model_data":7}, "model": "item/gray_candle/7"},
		{"predicate": {"custom_model_data":8}, "model": "item/gray_candle/8"}
	]
}