{
	"parent": "item/handheld",
	"textures": {
		"layer0": "block/pink_glazed_terracotta"
	},
	
	"overrides": [
		{"predicate": {"custom_model_data":1}, "model": "item/raw_iron/1"},
		{"predicate": {"custom_model_data":2}, "model": "item/raw_iron/2"},
		{"predicate": {"custom_model_data":3}, "model": "item/raw_iron/3"},
		{"predicate": {"custom_model_data":4}, "model": "item/raw_iron/4"},
		{"predicate": {"custom_model_data":5}, "model": "item/raw_iron/5"},
		{"predicate": {"custom_model_data":6}, "model": "item/raw_iron/6"},
		{"predicate": {"custom_model_data":7}, "model": "item/raw_iron/7"},
		{"predicate": {"custom_model_data":8}, "model": "item/raw_iron/8"},
		{"predicate": {"custom_model_data":9}, "model": "item/raw_iron/9"},
		{"predicate": {"custom_model_data":10}, "model": "item/raw_iron/10"},
		{"predicate": {"custom_model_data":11}, "model": "item/raw_iron/11"},
		{"predicate": {"custom_model_data":12}, "model": "item/raw_iron/12"},
		{"predicate": {"custom_model_data":13}, "model": "item/raw_iron/13"},
		{"predicate": {"custom_model_data":14}, "model": "item/raw_iron/14"},
		{"predicate": {"custom_model_data":15}, "model": "item/raw_iron/15"},
		{"predicate": {"custom_model_data":16}, "model": "item/raw_iron/16"},
		{"predicate": {"custom_model_data":17}, "model": "item/raw_iron/17"},
		{"predicate": {"custom_model_data":18}, "model": "item/raw_iron/18"},
		{"predicate": {"custom_model_data":19}, "model": "item/raw_iron/19"},
		{"predicate": {"custom_model_data":20}, "model": "item/raw_iron/20"}
	]
}