{
	"credit": "Made with Blockbench",
	"texture_size": [64, 64],
	"textures": {
		"3": "item/pets/axolotl/saturn"
	},
	"elements": [
		{
			"name": "body",
			"from": [4, 0, 3],
			"to": [12, 4, 13],
			"rotation": {"angle": 0, "axis": "y", "origin": [8, 0, 8]},
			"faces": {
				"north": {"uv": [2.5, 5.25, 4.5, 6.25], "texture": "#3"},
				"east": {"uv": [0, 5.25, 2.5, 6.25], "texture": "#3"},
				"south": {"uv": [7, 5.25, 9, 6.25], "texture": "#3"},
				"west": {"uv": [4.5, 5.25, 7, 6.25], "texture": "#3"},
				"up": {"uv": [4.5, 5.25, 2.5, 2.75], "texture": "#3"},
				"down": {"uv": [6.5, 2.75, 4.5, 5.25], "texture": "#3"}
			}
		},
		{
			"name": "body",
			"from": [8, 0, 3],
			"to": [8, 5, 12],
			"rotation": {"angle": 0, "axis": "y", "origin": [8, 0, 8]},
			"faces": {
				"north": {"uv": [2.75, 6.5, 2.75, 7.75], "texture": "#3"},
				"east": {"uv": [0.5, 6.5, 2.75, 7.75], "texture": "#3"},
				"south": {"uv": [5, 6.5, 5, 7.75], "texture": "#3"},
				"west": {"uv": [2.75, 6.5, 5, 7.75], "texture": "#3"},
				"up": {"uv": [2.75, 6.5, 2.75, 4.25], "texture": "#3"},
				"down": {"uv": [2.75, 4.25, 2.75, 6.5], "texture": "#3"}
			}
		},
		{
			"name": "right_arm",
			"from": [11, -4, 4],
			"to": [14, 1, 4],
			"rotation": {"angle": 0, "axis": "y", "origin": [8, 0, 8]},
			"faces": {
				"north": {"uv": [0.5, 3.25, 1.25, 4.5], "texture": "#3"},
				"east": {"uv": [0.5, 3.25, 0.5, 4.5], "texture": "#3"},
				"south": {"uv": [1.25, 3.25, 2, 4.5], "texture": "#3"},
				"west": {"uv": [1.25, 3.25, 1.25, 4.5], "texture": "#3"},
				"up": {"uv": [1.25, 3.25, 0.5, 3.25], "texture": "#3"},
				"down": {"uv": [2, 3.25, 1.25, 3.25], "texture": "#3"}
			}
		},
		{
			"name": "right_leg",
			"from": [10, -4, 12],
			"to": [13, 1, 12],
			"rotation": {"angle": 0, "axis": "y", "origin": [8, 0, 8]},
			"faces": {
				"north": {"uv": [0.5, 3.25, 1.25, 4.5], "texture": "#3"},
				"east": {"uv": [0.5, 3.25, 0.5, 4.5], "texture": "#3"},
				"south": {"uv": [1.25, 3.25, 2, 4.5], "texture": "#3"},
				"west": {"uv": [1.25, 3.25, 1.25, 4.5], "texture": "#3"},
				"up": {"uv": [1.25, 3.25, 0.5, 3.25], "texture": "#3"},
				"down": {"uv": [2, 3.25, 1.25, 3.25], "texture": "#3"}
			}
		},
		{
			"name": "left_arm",
			"from": [2, -4, 4],
			"to": [5, 1, 4],
			"rotation": {"angle": 0, "axis": "y", "origin": [8, 0, 8]},
			"faces": {
				"north": {"uv": [0.5, 3.25, 1.25, 4.5], "texture": "#3"},
				"east": {"uv": [0.5, 3.25, 0.5, 4.5], "texture": "#3"},
				"south": {"uv": [1.25, 3.25, 2, 4.5], "texture": "#3"},
				"west": {"uv": [1.25, 3.25, 1.25, 4.5], "texture": "#3"},
				"up": {"uv": [1.25, 3.25, 0.5, 3.25], "texture": "#3"},
				"down": {"uv": [2, 3.25, 1.25, 3.25], "texture": "#3"}
			}
		},
		{
			"name": "left_leg",
			"from": [3, -4, 12],
			"to": [6, 1, 12],
			"rotation": {"angle": 0, "axis": "y", "origin": [8, 0, 8]},
			"faces": {
				"north": {"uv": [0.5, 3.25, 1.25, 4.5], "texture": "#3"},
				"east": {"uv": [0.5, 3.25, 0.5, 4.5], "texture": "#3"},
				"south": {"uv": [1.25, 3.25, 2, 4.5], "texture": "#3"},
				"west": {"uv": [1.25, 3.25, 1.25, 4.5], "texture": "#3"},
				"up": {"uv": [1.25, 3.25, 0.5, 3.25], "texture": "#3"},
				"down": {"uv": [2, 3.25, 1.25, 3.25], "texture": "#3"}
			}
		},
		{
			"name": "tail",
			"from": [8, 0, 12],
			"to": [8, 5, 24],
			"rotation": {"angle": 0, "axis": "y", "origin": [8, 0, 8]},
			"faces": {
				"north": {"uv": [3.5, 7.75, 3.5, 9], "texture": "#3"},
				"east": {"uv": [0.5, 7.75, 3.5, 9], "texture": "#3"},
				"south": {"uv": [6.5, 7.75, 6.5, 9], "texture": "#3"},
				"west": {"uv": [3.5, 7.75, 0.5, 9], "texture": "#3"},
				"up": {"uv": [3.5, 7.75, 3.5, 4.75], "texture": "#3"},
				"down": {"uv": [3.5, 4.75, 3.5, 7.75], "texture": "#3"}
			}
		},
		{
			"name": "head",
			"from": [4, 0, -2],
			"to": [12, 5, 3],
			"rotation": {"angle": 0, "axis": "y", "origin": [8, 0, 8]},
			"faces": {
				"north": {"uv": [1.25, 1.5, 3.25, 2.75], "texture": "#3"},
				"east": {"uv": [0, 1.5, 1.25, 2.75], "texture": "#3"},
				"south": {"uv": [4.5, 1.5, 6.5, 2.75], "texture": "#3"},
				"west": {"uv": [3.25, 1.5, 4.5, 2.75], "texture": "#3"},
				"up": {"uv": [3.25, 1.5, 1.25, 0.25], "texture": "#3"},
				"down": {"uv": [5.25, 0.25, 3.25, 1.5], "texture": "#3"}
			}
		},
		{
			"name": "left_gills",
			"from": [1, 0, 2],
			"to": [4, 7, 2],
			"rotation": {"angle": 0, "axis": "y", "origin": [8, 0, 8]},
			"faces": {
				"north": {"uv": [2.75, 10, 3.5, 11.75], "texture": "#3"},
				"east": {"uv": [2.75, 10, 2.75, 11.75], "texture": "#3"},
				"south": {"uv": [3.5, 10, 2.75, 11.75], "texture": "#3"},
				"west": {"uv": [3.5, 10, 3.5, 11.75], "texture": "#3"},
				"up": {"uv": [3.5, 10, 2.75, 10], "texture": "#3"},
				"down": {"uv": [4.25, 10, 3.5, 10], "texture": "#3"}
			}
		},
		{
			"name": "right_gills",
			"from": [12, 0, 2],
			"to": [15, 7, 2],
			"rotation": {"angle": 0, "axis": "y", "origin": [8, 0, 8]},
			"faces": {
				"north": {"uv": [0, 10, 0.75, 11.75], "texture": "#3"},
				"east": {"uv": [0, 10, 0, 11.75], "texture": "#3"},
				"south": {"uv": [0.75, 10, 0, 11.75], "texture": "#3"},
				"west": {"uv": [0.75, 10, 0.75, 11.75], "texture": "#3"},
				"up": {"uv": [0.75, 10, 0, 10], "texture": "#3"},
				"down": {"uv": [1.5, 10, 0.75, 10], "texture": "#3"}
			}
		},
		{
			"name": "top_gills",
			"from": [4, 5, 2],
			"to": [12, 8, 2],
			"rotation": {"angle": 0, "axis": "y", "origin": [8, 0, 8]},
			"faces": {
				"north": {"uv": [0.75, 9.25, 2.75, 10], "texture": "#3"},
				"east": {"uv": [0.75, 9.25, 0.75, 10], "texture": "#3"},
				"south": {"uv": [0.75, 9.25, 2.75, 10], "texture": "#3"},
				"west": {"uv": [2.75, 9.25, 2.75, 10], "texture": "#3"},
				"up": {"uv": [2.75, 9.25, 0.75, 9.25], "texture": "#3"},
				"down": {"uv": [5, 9.25, 3, 9.25], "texture": "#3"}
			}
		}
	],
	"display": {
		"thirdperson_righthand": {
			"scale": [0.38, 0.38, 0.38]
		},
		"firstperson_righthand": {
			"rotation": [4, 0, 0],
			"translation": [3.25, 3, 0],
			"scale": [0.54, 0.54, 0.54]
		},
		"ground": {
			"translation": [0, 1.75, 0],
			"scale": [0.55, 0.55, 0.55]
		},
		"gui": {
			"rotation": [20, -150, 0],
			"translation": [-0.5, 5.5, 0],
			"scale": [0.87, 0.87, 0.87]
		},
		"head": {
			"translation": [0, 14.25, 0]
		}
	},
	"groups": [
		{
			"name": "root",
			"origin": [0, -4, 0],
			"color": 0,
			"children": [
				{
					"name": "body",
					"origin": [0, 3, 4],
					"color": 0,
					"children": [
						0,
						1,
						{
							"name": "right_arm",
							"origin": [4, 1, -4],
							"color": 0,
							"children": [2]
						},
						{
							"name": "right_leg",
							"origin": [4, 1, 4],
							"color": 0,
							"children": [3]
						},
						{
							"name": "left_arm",
							"origin": [-4, 1, -4],
							"color": 0,
							"children": [4]
						},
						{
							"name": "left_leg",
							"origin": [-4, 1, 4],
							"color": 0,
							"children": [5]
						},
						{
							"name": "tail",
							"origin": [0, 2, 4],
							"color": 0,
							"children": [6]
						},
						{
							"name": "head",
							"origin": [0, 2, -5],
							"color": 0,
							"reset": true,
							"children": [
								7,
								{
									"name": "left_gills",
									"origin": [-4, 2, -6],
									"color": 0,
									"children": [8]
								},
								{
									"name": "right_gills",
									"origin": [4, 2, -6],
									"color": 0,
									"children": [9]
								},
								{
									"name": "top_gills",
									"origin": [0, 5, -6],
									"color": 0,
									"children": [10]
								}
							]
						}
					]
				}
			]
		}
	]
}