{"textures":{"0":"modelengine:entity/piranha_plant"},"elements":[{"from":[7.714286,7.8285713,7.6571426],"to":[8.285714,13.542857,8.228572],"rotation":{"angle":0.0,"axis":"y","origin":[8.0,10.685715,7.9428573]},"faces":{"east":{"uv":[9.75,8.0,10.5,15.5],"rotation":0,"texture":"#0","tintindex":0},"south":{"uv":[9.75,8.0,10.5,15.5],"rotation":0,"texture":"#0","tintindex":0},"north":{"uv":[9.75,8.0,10.5,15.5],"rotation":0,"texture":"#0","tintindex":0},"west":{"uv":[9.75,8.0,10.5,15.5],"rotation":0,"texture":"#0","tintindex":0},"up":{"uv":[11.5,8.0,12.25,9.5],"rotation":0,"texture":"#0","tintindex":0},"down":{"uv":[11.5,8.0,12.25,9.5],"rotation":0,"texture":"#0","tintindex":0}}},{"from":[6.0518923,9.117013,8.0],"to":[7.766178,11.974156,8.057143],"rotation":{"angle":45.0,"axis":"z","origin":[6.909035,10.545585,8.028571]},"faces":{"east":{"uv":[12.75,15.5,14.5,16.0],"rotation":180,"texture":"#0","tintindex":0},"south":{"uv":[12.25,10.0,14.0,15.0],"rotation":180,"texture":"#0","tintindex":0},"north":{"uv":[12.25,10.0,14.0,15.0],"rotation":180,"texture":"#0","tintindex":0},"west":{"uv":[12.75,15.5,14.5,16.0],"rotation":180,"texture":"#0","tintindex":0},"up":{"uv":[13.25,15.5,15.0,16.0],"rotation":180,"texture":"#0","tintindex":0},"down":{"uv":[13.25,15.5,15.0,16.0],"rotation":180,"texture":"#0","tintindex":0}}}],"display":{"head":{"translation":[0.0,-6.4,0.0],"scale":[4.0,4.0,4.0]}}}