{"textures":{"0":"modelengine:entity/piranha_plant"},"elements":[{"from":[6.342857,6.857143,5.3714285],"to":[9.885715,8.0,8.685715],"rotation":{"angle":0.0,"axis":"y","origin":[8.114285,7.428571,7.0857143]},"faces":{"east":{"uv":[1.25,12.0,4.0,14.0],"rotation":180,"texture":"#0","tintindex":0},"south":{"uv":[12.25,2.5,15.75,4.5],"rotation":0,"texture":"#0","tintindex":0},"north":{"uv":[0.75,4.5,4.0,6.5],"rotation":180,"texture":"#0","tintindex":0},"west":{"uv":[0.0,4.5,2.25,6.5],"rotation":180,"texture":"#0","tintindex":0},"up":{"uv":[1.5,5.5,4.0,9.5],"rotation":0,"texture":"#0","tintindex":0},"down":{"uv":[1.25,1.5,3.75,5.5],"rotation":0,"texture":"#0","tintindex":0}}}],"display":{"head":{"translation":[0.0,-6.4,0.0],"scale":[4.0,4.0,4.0]}}}