{"textures":{"0":"modelengine:entity/snail"},"elements":[{"from":[3.75,9.95,14.7],"to":[5.25,11.45,16.2],"faces":{"east":{"uv":[1.0,1.0,1.5,1.5],"tintindex":0,"rotation":0,"texture":"#0"},"south":{"uv":[1.0,1.0,1.5,1.5],"tintindex":0,"rotation":0,"texture":"#0"},"north":{"uv":[1.0,1.0,1.5,1.5],"tintindex":0,"rotation":0,"texture":"#0"},"west":{"uv":[1.0,1.0,1.5,1.5],"tintindex":0,"rotation":0,"texture":"#0"},"up":{"uv":[1.0,1.0,1.5,1.5],"tintindex":0,"rotation":0,"texture":"#0"},"down":{"uv":[1.0,1.0,1.5,1.5],"tintindex":0,"rotation":0,"texture":"#0"}}},{"from":[7.0,3.1999998,15.0],"to":[8.0,10.2,16.0],"faces":{"east":{"uv":[0.75,1.5,1.0,3.25],"tintindex":0,"rotation":0,"texture":"#0"},"south":{"uv":[0.5,1.5,0.75,3.25],"tintindex":0,"rotation":0,"texture":"#0"},"north":{"uv":[1.0,1.5,1.25,3.25],"tintindex":0,"rotation":0,"texture":"#0"},"west":{"uv":[0.25,1.5,0.5,3.25],"tintindex":0,"rotation":0,"texture":"#0"},"up":{"uv":[0.0,0.0,0.25,0.25],"tintindex":0,"rotation":0,"texture":"#0"},"down":{"uv":[0.0,0.0,0.25,0.25],"tintindex":0,"rotation":0,"texture":"#0"}},"rotation":{"origin":[7.0,3.1999998,15.0],"angle":22.5,"axis":"z"}}],"display":{"gui":{"rotation":[30,225,0]}}}