{"textures":{"0":"modelengine:entity/generic_bee"},"elements":[{"from":[7.7,14.9,3.0],"to":[8.7,15.9,4.0],"faces":{"east":{"uv":[0.0,0.0,0.25,0.25],"tintindex":0,"rotation":0,"texture":"#0"},"south":{"uv":[0.0,0.0,0.25,0.25],"tintindex":0,"rotation":0,"texture":"#0"},"north":{"uv":[2.0,1.0,2.25,1.25],"tintindex":0,"rotation":0,"texture":"#0"},"west":{"uv":[0.0,0.0,0.25,0.25],"tintindex":0,"rotation":0,"texture":"#0"},"up":{"uv":[0.0,0.0,0.25,0.25],"tintindex":0,"rotation":0,"texture":"#0"},"down":{"uv":[0.0,0.0,0.25,0.25],"tintindex":0,"rotation":0,"texture":"#0"}},"rotation":{"origin":[8.7,14.9,3.5],"angle":45.0,"axis":"z"}},{"from":[6.0,13.6,4.0],"to":[10.0,15.6,8.0],"faces":{"east":{"uv":[11.75,13.25,13.75,14.25],"tintindex":0,"rotation":0,"texture":"#0"},"south":{"uv":[11.5,13.0,13.5,14.0],"tintindex":0,"rotation":0,"texture":"#0"},"north":{"uv":[11.5,13.0,13.5,14.0],"tintindex":0,"rotation":0,"texture":"#0"},"west":{"uv":[11.5,13.0,13.5,14.0],"tintindex":0,"rotation":0,"texture":"#0"},"up":{"uv":[12.0,12.5,13.5,14.0],"tintindex":0,"rotation":0,"texture":"#0"},"down":{"uv":[1.25,0.75,2.75,2.25],"tintindex":0,"rotation":0,"texture":"#0"}}},{"from":[6.2,13.6,2.0],"to":[9.8,14.3,5.0],"faces":{"east":{"uv":[11.75,13.0,13.0,13.425],"tintindex":0,"rotation":0,"texture":"#0"},"south":{"uv":[0.0,0.0,1.0,0.175],"tintindex":0,"rotation":0,"texture":"#0"},"north":{"uv":[11.75,13.25,13.25,13.675],"tintindex":0,"rotation":0,"texture":"#0"},"west":{"uv":[11.75,13.0,13.0,13.425],"tintindex":0,"rotation":0,"texture":"#0"},"up":{"uv":[12.75,12.75,13.75,13.5],"tintindex":0,"rotation":0,"texture":"#0"},"down":{"uv":[1.5,1.0,2.5,1.75],"tintindex":0,"rotation":0,"texture":"#0"}}},{"from":[5.168,8.0,4.224],"to":[10.832,13.664,11.776],"faces":{"east":{"uv":[4.0,0.0,0.0,3.0],"tintindex":0,"rotation":0,"texture":"#0"},"south":{"uv":[3.0,6.0,0.0,9.0],"tintindex":0,"rotation":0,"texture":"#0"},"north":{"uv":[16.0,0.0,10.0,6.0],"tintindex":0,"rotation":0,"texture":"#0"},"west":{"uv":[4.0,3.0,0.0,6.0],"tintindex":0,"rotation":0,"texture":"#0"},"up":{"uv":[7.0,0.0,4.0,4.0],"tintindex":0,"rotation":0,"texture":"#0"},"down":{"uv":[7.0,8.0,4.0,4.0],"tintindex":0,"rotation":0,"texture":"#0"}}}],"display":{"gui":{"rotation":[30,225,0]}}}