{"textures":{"0":"modelengine:entity/inferno"},"elements":[{"from":[8.057143,-0.45714378,4.5714283],"to":[8.6285715,16.685715,11.428572],"rotation":{"angle":-45.0,"axis":"y","origin":[8.0,8.0,8.0]},"faces":{"east":{"uv":[3.25,8.25,6.25,16.0],"rotation":0,"texture":"#0","tintindex":0},"south":{"uv":[3.0,8.25,3.25,16.0],"rotation":0,"texture":"#0","tintindex":0},"north":{"uv":[3.0,8.25,3.25,16.0],"rotation":0,"texture":"#0","tintindex":0},"west":{"uv":[0.0,8.25,3.0,16.0],"rotation":180,"texture":"#0","tintindex":0},"up":{"uv":[3.25,7.25,6.25,7.5],"rotation":90,"texture":"#0","tintindex":0},"down":{"uv":[2.75,7.75,5.75,8.0],"rotation":90,"texture":"#0","tintindex":0}}}],"display":{"head":{"translation":[0.0,-6.4,0.0],"scale":[4.0,4.0,4.0]}}}