{"file_name":"shield1","texture_size":[64,64],"textures":{"04db00d8-d7f6-9680-baf6-d925b9f8efc8":"modelengine:entity/inferno"},"elements":[{"name":"cube","from":[7.699998,-1.1099443,-4.0421],"to":[8.299997,16.890057,3.1579003],"rotation":{"angle":0.0,"axis":"x","origin":[7.9999976,7.8900557,-0.4420998]},"faces":{"down":{"uv":[2.75,7.75,5.75,8.0],"rotation":90,"texture":"#04db00d8-d7f6-9680-baf6-d925b9f8efc8","tintindex":0},"east":{"uv":[3.25,8.25,6.25,16.0],"rotation":0,"texture":"#04db00d8-d7f6-9680-baf6-d925b9f8efc8","tintindex":0},"north":{"uv":[3.0,8.25,3.25,16.0],"rotation":0,"texture":"#04db00d8-d7f6-9680-baf6-d925b9f8efc8","tintindex":0},"south":{"uv":[3.0,8.25,3.25,16.0],"rotation":0,"texture":"#04db00d8-d7f6-9680-baf6-d925b9f8efc8","tintindex":0},"up":{"uv":[3.25,7.25,6.25,7.5],"rotation":90,"texture":"#04db00d8-d7f6-9680-baf6-d925b9f8efc8","tintindex":0},"west":{"uv":[0.0,8.25,3.0,16.0],"rotation":180,"texture":"#04db00d8-d7f6-9680-baf6-d925b9f8efc8","tintindex":0}}}],"display":{"head":{"translation":[0.0,-6.4,0.0],"rotation":[0.0,0.0,0.0],"scale":[3.8095,3.8095,3.8095]},"gui":{"translation":[0.0,0.0,0.0],"rotation":[35.0,225.0,0.0],"scale":[0.625,0.625,0.625]}}}