{
	"credit": "Made with Blockbench",
	"texture_size": [32, 32],
	"textures": {
		"0": "block/equipment/magnet",
		"particle": "block/equipment/magnet"
	},
	"elements": [
		{
			"from": [7, 0, 7],
			"to": [9, 15, 9],
			"rotation": {"angle": 0, "axis": "y", "origin": [7, 0, 7]},
			"faces": {
				"north": {"uv": [0, 0, 1, 7.5], "texture": "#0"},
				"east": {"uv": [1, 0, 2, 7.5], "texture": "#0"},
				"south": {"uv": [2, 0, 3, 7.5], "texture": "#0"},
				"west": {"uv": [3, 0, 4, 7.5], "texture": "#0"},
				"up": {"uv": [7, 8.5, 6, 7.5], "texture": "#0"},
				"down": {"uv": [8, 7.5, 7, 8.5], "texture": "#0"}
			}
		},
		{
			"from": [5.5, 15, 7],
			"to": [10.5, 17, 9],
			"rotation": {"angle": 0, "axis": "y", "origin": [8, 16, 8]},
			"faces": {
				"north": {"uv": [4, 0, 6.5, 1], "texture": "#0"},
				"east": {"uv": [8, 7.5, 9, 8.5], "texture": "#0"},
				"south": {"uv": [4, 1, 6.5, 2], "texture": "#0"},
				"west": {"uv": [8.5, 5, 9.5, 6], "texture": "#0"},
				"up": {"uv": [6.5, 3, 4, 2], "texture": "#0"},
				"down": {"uv": [6.5, 3, 4, 4], "texture": "#0"}
			}
		},
		{
			"from": [9.06076, 16.47497, 7.0001],
			"to": [14.06056, 18.47477, 8.9999],
			"rotation": {"angle": 45, "axis": "z", "origin": [11.56066, 17.47487, 8]},
			"faces": {
				"north": {"uv": [4, 4, 6.5, 5], "texture": "#0"},
				"east": {"uv": [6, 8.5, 7, 9.5], "texture": "#0"},
				"south": {"uv": [4, 5, 6.5, 6], "texture": "#0"},
				"west": {"uv": [8.5, 6, 9.5, 7], "texture": "#0"},
				"up": {"uv": [6.5, 7, 4, 6], "texture": "#0"},
				"down": {"uv": [9, 0, 6.5, 1], "texture": "#0"}
			}
		},
		{
			"from": [1.93944, 16.47497, 7.0001],
			"to": [6.93924, 18.47477, 8.9999],
			"rotation": {"angle": -45, "axis": "z", "origin": [4.43934, 17.47487, 8]},
			"faces": {
				"north": {"uv": [6.5, 1, 9, 2], "texture": "#0"},
				"east": {"uv": [7, 8.5, 8, 9.5], "texture": "#0"},
				"south": {"uv": [6.5, 2, 9, 3], "texture": "#0"},
				"west": {"uv": [8, 8.5, 9, 9.5], "texture": "#0"},
				"up": {"uv": [9, 4, 6.5, 3], "texture": "#0"},
				"down": {"uv": [9, 4, 6.5, 5], "texture": "#0"}
			}
		},
		{
			"from": [1.96447, 18.53553, 7],
			"to": [3.96447, 23.53553, 9],
			"rotation": {"angle": 0, "axis": "y", "origin": [2.96447, 21.03553, 8]},
			"faces": {
				"north": {"uv": [6.5, 5, 7.5, 7.5], "texture": "#0"},
				"east": {"uv": [4, 7, 5, 9.5], "texture": "#0"},
				"south": {"uv": [5, 7, 6, 9.5], "texture": "#0"},
				"west": {"uv": [0, 7.5, 1, 10], "texture": "#0"},
				"up": {"uv": [10, 1, 9, 0], "texture": "#0"},
				"down": {"uv": [10, 1, 9, 2], "texture": "#0"}
			}
		},
		{
			"from": [12.03553, 18.53553, 7],
			"to": [14.03553, 23.53553, 9],
			"rotation": {"angle": 0, "axis": "y", "origin": [13.03553, 21.03553, 8]},
			"faces": {
				"north": {"uv": [1, 7.5, 2, 10], "texture": "#0"},
				"east": {"uv": [2, 7.5, 3, 10], "texture": "#0"},
				"south": {"uv": [3, 7.5, 4, 10], "texture": "#0"},
				"west": {"uv": [7.5, 5, 8.5, 7.5], "texture": "#0"},
				"up": {"uv": [10, 3, 9, 2], "texture": "#0"},
				"down": {"uv": [10, 3, 9, 4], "texture": "#0"}
			}
		}
	],
	"display": {
		"thirdperson_righthand": {
			"translation": [0, 0, 1.5],
			"scale": [0.53, 0.73, 0.73]
		},
		"firstperson_righthand": {
			"rotation": [-25, 0, 0],
			"scale": [0.57, 0.57, 0.57]
		},
		"ground": {
			"translation": [0, 4.25, 0],
			"scale": [0.45, 0.45, 0.45]
		},
		"gui": {
			"rotation": [30, -150, 0],
			"translation": [0, -2.5, 0],
			"scale": [0.67, 0.67, 0.67]
		}
	}
}