{"textures":{"0":"modelengine:entity/bee_volcano"},"elements":[{"from":[6.5,15.5,6.0],"to":[9.5,16.5,8.75],"faces":{"east":{"uv":[13.25,13.0,14.5,13.5],"tintindex":0,"rotation":0,"texture":"#0"},"south":{"uv":[13.25,13.75,14.5,14.5],"tintindex":0,"rotation":0,"texture":"#0"},"north":{"uv":[12.75,13.5,14.0,14.0],"tintindex":0,"rotation":0,"texture":"#0"},"west":{"uv":[12.75,14.0,14.0,14.5],"tintindex":0,"rotation":0,"texture":"#0"},"up":{"uv":[9.0,13.0,10.25,14.25],"tintindex":0,"rotation":0,"texture":"#0"},"down":{"uv":[13.25,13.25,14.5,14.5],"tintindex":0,"rotation":0,"texture":"#0"}}},{"from":[5.5,13.0,5.5],"to":[10.5,14.25,9.25],"faces":{"east":{"uv":[13.25,13.5,14.5,14.0],"tintindex":0,"rotation":0,"texture":"#0"},"south":{"uv":[13.25,13.5,14.5,14.25],"tintindex":0,"rotation":0,"texture":"#0"},"north":{"uv":[12.25,13.5,14.0,14.0625],"tintindex":0,"rotation":0,"texture":"#0"},"west":{"uv":[13.25,14.25,14.5,14.75],"tintindex":0,"rotation":0,"texture":"#0"},"up":{"uv":[12.25,13.5,13.5,14.75],"tintindex":0,"rotation":0,"texture":"#0"},"down":{"uv":[13.25,13.0,14.5,14.25],"tintindex":0,"rotation":0,"texture":"#0"}}},{"from":[6.0,14.25,5.75],"to":[10.0,15.5,9.0],"faces":{"east":{"uv":[13.25,13.25,14.5,13.75],"tintindex":0,"rotation":0,"texture":"#0"},"south":{"uv":[12.75,13.75,14.0,14.5],"tintindex":0,"rotation":0,"texture":"#0"},"north":{"uv":[12.75,13.25,14.25,13.8125],"tintindex":0,"rotation":0,"texture":"#0"},"west":{"uv":[12.25,14.25,13.5,14.75],"tintindex":0,"rotation":0,"texture":"#0"},"up":{"uv":[12.25,13.5,13.5,14.75],"tintindex":0,"rotation":0,"texture":"#0"},"down":{"uv":[13.25,13.0,14.5,14.25],"tintindex":0,"rotation":0,"texture":"#0"}}}],"display":{"gui":{"rotation":[30,225,0]}}}