{
    "parent": "item/handheld",
    "textures": {
        "layer0": "minecraft:item/golden_axe"
    },
    "overrides": [
        {"predicate": {"custom_model_data":1}, "model": "item/golden_axe/1"},
        {"predicate": {"custom_model_data":2}, "model": "item/golden_axe/2"},
        {"predicate": {"custom_model_data":3}, "model": "item/golden_axe/3"},
        {"predicate": {"custom_model_data":4}, "model": "item/golden_axe/4"},
        {"predicate": {"custom_model_data":5}, "model": "item/golden_axe/5"},
        {"predicate": {"custom_model_data":6}, "model": "item/golden_axe/6"},
        {"predicate": {"custom_model_data":7}, "model": "item/golden_axe/7"},
        {"predicate": {"custom_model_data":8}, "model": "item/golden_axe/8"},
        {"predicate": {"custom_model_data":9}, "model": "item/golden_axe/9"},
        {"predicate": {"custom_model_data":10}, "model": "item/golden_axe/10"},
        {"predicate": {"custom_model_data":11}, "model": "item/golden_axe/11"},
        {"predicate": {"custom_model_data":12}, "model": "item/golden_axe/12"},
        {"predicate": {"custom_model_data":13}, "model": "item/golden_axe/13"},
        {"predicate": {"custom_model_data":14}, "model": "item/golden_axe/14"},
        {"predicate": {"custom_model_data":15}, "model": "item/golden_axe/15"},
        {"predicate": {"custom_model_data":16}, "model": "item/golden_axe/16"},
        {"predicate": {"custom_model_data":17}, "model": "item/golden_axe/17"},
        {"predicate": {"custom_model_data":18}, "model": "item/golden_axe/18"},
        {"predicate": {"custom_model_data":19}, "model": "item/golden_axe/19"},
        {"predicate": {"custom_model_data":20}, "model": "item/golden_axe/20"},
        {"predicate": {"custom_model_data":21}, "model": "item/golden_axe/21"},
        {"predicate": {"custom_model_data":22}, "model": "item/golden_axe/22"},
        {"predicate": {"custom_model_data":23}, "model": "item/golden_axe/23"},
        {"predicate": {"custom_model_data":24}, "model": "item/golden_axe/24"},
        {"predicate": {"custom_model_data":25}, "model": "item/golden_axe/25"},
        {"predicate": {"custom_model_data":26}, "model": "item/golden_axe/26"},
        {"predicate": {"custom_model_data":27}, "model": "item/golden_axe/27"},
        {"predicate": {"custom_model_data":28}, "model": "item/golden_axe/28"},
        {"predicate": {"custom_model_data":29}, "model": "item/golden_axe/29"},
        {"predicate": {"custom_model_data":30}, "model": "item/golden_axe/30"},
        {"predicate": {"custom_model_data":31}, "model": "item/golden_axe/31"},
        {"predicate": {"custom_model_data":32}, "model": "item/golden_axe/32"},
        {"predicate": {"custom_model_data":33}, "model": "item/golden_axe/33"},
        {"predicate": {"custom_model_data":34}, "model": "item/golden_axe/34"},
        {"predicate": {"custom_model_data":35}, "model": "item/golden_axe/35"},
        {"predicate": {"custom_model_data":36}, "model": "item/golden_axe/36"},
        {"predicate": {"custom_model_data":37}, "model": "item/golden_axe/37"},
        {"predicate": {"custom_model_data":38}, "model": "item/golden_axe/38"},
        {"predicate": {"custom_model_data":39}, "model": "item/golden_axe/39"},
        {"predicate": {"custom_model_data":40}, "model": "item/golden_axe/40"},
        {"predicate": {"custom_model_data":41}, "model": "item/golden_axe/41"},
        {"predicate": {"custom_model_data":42}, "model": "item/golden_axe/42"},
        {"predicate": {"custom_model_data":43}, "model": "item/golden_axe/43"},
        {"predicate": {"custom_model_data":44}, "model": "item/golden_axe/44"},
        {"predicate": {"custom_model_data":45}, "model": "item/golden_axe/45"},
        {"predicate": {"custom_model_data":46}, "model": "item/golden_axe/46"},
        {"predicate": {"custom_model_data":47}, "model": "item/golden_axe/47"},
        {"predicate": {"custom_model_data":48}, "model": "item/golden_axe/48"},
        {"predicate": {"custom_model_data":49}, "model": "item/golden_axe/49"},
        {"predicate": {"custom_model_data":50}, "model": "item/golden_axe/50"},
        {"predicate": {"custom_model_data":51}, "model": "item/golden_axe/51"},
        {"predicate": {"custom_model_data":52}, "model": "item/golden_axe/52"},
        {"predicate": {"custom_model_data":53}, "model": "item/golden_axe/53"},
        {"predicate": {"custom_model_data":54}, "model": "item/golden_axe/54"},
        {"predicate": {"custom_model_data":55}, "model": "item/golden_axe/55"},
        {"predicate": {"custom_model_data":56}, "model": "item/golden_axe/56"},
        {"predicate": {"custom_model_data":57}, "model": "item/golden_axe/57"},
        {"predicate": {"custom_model_data":58}, "model": "item/golden_axe/58"},
        {"predicate": {"custom_model_data":59}, "model": "item/golden_axe/59"},
        {"predicate": {"custom_model_data":60}, "model": "item/golden_axe/60"},
        {"predicate": {"custom_model_data":100}, "model": "item/golden_axe/100"},
        {"predicate": {"custom_model_data":101}, "model": "item/golden_axe/101"},
        {"predicate": {"custom_model_data":102}, "model": "item/golden_axe/102"},
        {"predicate": {"custom_model_data":103}, "model": "item/golden_axe/103"},
        {"predicate": {"custom_model_data":104}, "model": "item/golden_axe/104"},
        {"predicate": {"custom_model_data":105}, "model": "item/golden_axe/105"},
        {"predicate": {"custom_model_data":106}, "model": "item/golden_axe/106"},
        {"predicate": {"custom_model_data":107}, "model": "item/golden_axe/107"},
        {"predicate": {"custom_model_data":108}, "model": "item/golden_axe/108"},
        {"predicate": {"custom_model_data":109}, "model": "item/golden_axe/109"},
        {"predicate": {"custom_model_data":110}, "model": "item/golden_axe/110"},
        {"predicate": {"custom_model_data":111}, "model": "item/golden_axe/111"},
        {"predicate": {"custom_model_data":112}, "model": "item/golden_axe/112"},
        {"predicate": {"custom_model_data":113}, "model": "item/golden_axe/113"},
        {"predicate": {"custom_model_data":114}, "model": "item/golden_axe/114"}
        ]
}
