{
	"credit": "Made with Blockbench",
	"textures": {
		"0": "block/butterfly/blackbody",
		"2": "block/butterfly/rainbowbutterfly",
		"particle": "block/butterfly/rainbowbutterfly"
	},
	"elements": [
		{
			"from": [8, 0, 8],
			"to": [9, 8, 8],
			"rotation": {"angle": 0, "axis": "y", "origin": [7, 5, 7]},
			"faces": {
				"north": {"uv": [0, 0, 1, 8], "texture": "#0"},
				"east": {"uv": [0, 0, 0, 8], "texture": "#0"},
				"south": {"uv": [1, 0, 2, 8], "texture": "#0"},
				"west": {"uv": [0, 0, 0, 8], "texture": "#0"},
				"up": {"uv": [1, 0, 0, 0], "texture": "#0"},
				"down": {"uv": [1, 0, 0, 0], "texture": "#0"}
			}
		},
		{
			"from": [3, 0, 8],
			"to": [8, 8, 8],
			"rotation": {"angle": 0, "axis": "y", "origin": [6, 1, 8]},
			"faces": {
				"north": {"uv": [6, 0, 11, 8], "texture": "#2"},
				"east": {"uv": [0, 0, 0, 8], "texture": "#2"},
				"south": {"uv": [11, 0, 6, 8], "texture": "#2"},
				"west": {"uv": [0, 0, 0, 8], "texture": "#2"},
				"up": {"uv": [5, 0, 0, 0], "texture": "#2"},
				"down": {"uv": [5, 0, 0, 0], "texture": "#2"}
			}
		},
		{
			"from": [9, 0, 8],
			"to": [14, 8, 8],
			"rotation": {"angle": 0, "axis": "y", "origin": [13, 1, 8]},
			"faces": {
				"north": {"uv": [11, 0, 6, 8], "texture": "#2"},
				"east": {"uv": [0, 0, 0, 8], "texture": "#2"},
				"south": {"uv": [6, 0, 11, 8], "texture": "#2"},
				"west": {"uv": [0, 0, 0, 8], "texture": "#2"},
				"up": {"uv": [0, 0, 5, 0], "texture": "#2"},
				"down": {"uv": [0, 0, 5, 0], "texture": "#2"}
			}
		},
		{
			"from": [3, 0, 8],
			"to": [8, 8, 8],
			"rotation": {"angle": 22.5, "axis": "y", "origin": [8, 1, 8]},
			"faces": {
				"north": {"uv": [6, 8, 11, 16], "texture": "#2"},
				"east": {"uv": [0, 0, 0, 8], "texture": "#2"},
				"south": {"uv": [11, 8, 6, 16], "texture": "#2"},
				"west": {"uv": [0, 0, 0, 8], "texture": "#2"},
				"up": {"uv": [5, 0, 0, 0], "texture": "#2"},
				"down": {"uv": [5, 0, 0, 0], "texture": "#2"}
			}
		},
		{
			"from": [9, 0, 8],
			"to": [14, 8, 8],
			"rotation": {"angle": -22.5, "axis": "y", "origin": [9, 1, 8]},
			"faces": {
				"north": {"uv": [11, 8, 6, 16], "texture": "#2"},
				"east": {"uv": [0, 0, 0, 8], "texture": "#2"},
				"south": {"uv": [6, 8, 11, 16], "texture": "#2"},
				"west": {"uv": [0, 0, 0, 8], "texture": "#2"},
				"up": {"uv": [0, 0, 5, 0], "texture": "#2"},
				"down": {"uv": [0, 0, 5, 0], "texture": "#2"}
			}
		},
		{
			"from": [8, 0, 8],
			"to": [8, 8, 13],
			"rotation": {"angle": -45, "axis": "y", "origin": [8, 1, 8]},
			"faces": {
				"north": {"uv": [0, 0, 0, 8], "texture": "#2"},
				"east": {"uv": [16, 4, 11, 12], "texture": "#2"},
				"south": {"uv": [0, 0, 0, 8], "texture": "#2"},
				"west": {"uv": [11, 4, 16, 12], "texture": "#2"},
				"up": {"uv": [5, 0, 0, 0], "rotation": 270, "texture": "#2"},
				"down": {"uv": [5, 0, 0, 0], "rotation": 90, "texture": "#2"}
			}
		},
		{
			"from": [9, 0, 8],
			"to": [14, 8, 8],
			"rotation": {"angle": -45, "axis": "y", "origin": [9, 1, 8]},
			"faces": {
				"north": {"uv": [16, 4, 11, 12], "texture": "#2"},
				"east": {"uv": [0, 0, 0, 8], "texture": "#2"},
				"south": {"uv": [11, 4, 16, 12], "texture": "#2"},
				"west": {"uv": [0, 0, 0, 8], "texture": "#2"},
				"up": {"uv": [0, 0, 5, 0], "texture": "#2"},
				"down": {"uv": [0, 0, 5, 0], "texture": "#2"}
			}
		},
		{
			"from": [3, 0, 8],
			"to": [8, 8, 8],
			"rotation": {"angle": -22.5, "axis": "y", "origin": [8, 1, 8]},
			"faces": {
				"north": {"uv": [0, 8, 5, 16], "texture": "#2"},
				"east": {"uv": [0, 0, 0, 8], "texture": "#2"},
				"south": {"uv": [5, 8, 0, 16], "texture": "#2"},
				"west": {"uv": [0, 0, 0, 8], "texture": "#2"},
				"up": {"uv": [5, 0, 0, 0], "texture": "#2"},
				"down": {"uv": [5, 0, 0, 0], "texture": "#2"}
			}
		},
		{
			"from": [9, 0, 8],
			"to": [14, 8, 8],
			"rotation": {"angle": 22.5, "axis": "y", "origin": [9, 1, 8]},
			"faces": {
				"north": {"uv": [5, 8, 0, 16], "texture": "#2"},
				"east": {"uv": [0, 0, 0, 8], "texture": "#2"},
				"south": {"uv": [0, 8, 5, 16], "texture": "#2"},
				"west": {"uv": [0, 0, 0, 8], "texture": "#2"},
				"up": {"uv": [0, 0, 5, 0], "texture": "#2"},
				"down": {"uv": [0, 0, 5, 0], "texture": "#2"}
			}
		},
		{
			"from": [3, 0, 8],
			"to": [8, 8, 8],
			"rotation": {"angle": -45, "axis": "y", "origin": [8, 1, 8]},
			"faces": {
				"north": {"uv": [0, 0, 5, 8], "texture": "#2"},
				"east": {"uv": [0, 0, 0, 8], "texture": "#2"},
				"south": {"uv": [5, 0, 0, 8], "texture": "#2"},
				"west": {"uv": [0, 0, 0, 8], "texture": "#2"},
				"up": {"uv": [5, 0, 0, 0], "texture": "#2"},
				"down": {"uv": [5, 0, 0, 0], "texture": "#2"}
			}
		},
		{
			"from": [9, 0, 8],
			"to": [14, 8, 8],
			"rotation": {"angle": 45, "axis": "y", "origin": [9, 1, 8]},
			"faces": {
				"north": {"uv": [5, 0, 0, 8], "texture": "#2"},
				"east": {"uv": [0, 0, 0, 8], "texture": "#2"},
				"south": {"uv": [0, 0, 5, 8], "texture": "#2"},
				"west": {"uv": [0, 0, 0, 8], "texture": "#2"},
				"up": {"uv": [0, 0, 5, 0], "texture": "#2"},
				"down": {"uv": [0, 0, 5, 0], "texture": "#2"}
			}
		}
	],
	"groups": [
		0,
		{
			"name": "position1",
			"origin": [6, 1, 8],
			"color": 0,
			"children": [1, 2]
		},
		{
			"name": "position2",
			"origin": [6, 1, 8],
			"color": 0,
			"children": [3, 4]
		},
		{
			"name": "position2",
			"origin": [6, 1, 8],
			"color": 0,
			"children": [5, 6]
		},
		{
			"name": "position2",
			"origin": [6, 1, 8],
			"color": 0,
			"children": [7, 8]
		},
		{
			"name": "position2",
			"origin": [6, 1, 8],
			"color": 0,
			"children": [9, 10]
		}
	]
}