{"textures":{"0":"modelengine:entity/enderman"},"elements":[{"from":[7.4428573,-0.11428642,7.428571],"to":[8.585714,9.028571,8.571428],"rotation":{"angle":0.0,"axis":"y","origin":[8.014286,4.457143,8.0]},"faces":{"east":{"uv":[15.5,0.25,16.0,2.25],"rotation":0,"texture":"#0","tintindex":0},"south":{"uv":[14.5,0.25,15.0,2.25],"rotation":0,"texture":"#0","tintindex":0},"north":{"uv":[14.0,0.25,14.5,2.25],"rotation":0,"texture":"#0","tintindex":0},"west":{"uv":[15.0,0.25,15.5,2.25],"rotation":0,"texture":"#0","tintindex":0},"up":{"uv":[14.5,0.0,15.0,0.25],"rotation":0,"texture":"#0","tintindex":0},"down":{"uv":[15.0,0.0,15.5,0.25],"rotation":0,"texture":"#0","tintindex":0}}},{"from":[5.1571426,5.6571426,6.285714],"to":[8.585714,9.085714,9.714286],"rotation":{"angle":0.0,"axis":"y","origin":[6.8714285,7.3714285,8.0]},"faces":{"east":{"uv":[2.0,6.125,3.0,6.625],"rotation":0,"texture":"#0","tintindex":0},"south":{"uv":[2.0,6.125,3.0,6.625],"rotation":0,"texture":"#0","tintindex":0},"north":{"uv":[2.0,6.125,3.0,6.625],"rotation":0,"texture":"#0","tintindex":0},"west":{"uv":[2.0,6.125,3.0,6.625],"rotation":0,"texture":"#0","tintindex":0},"up":{"uv":[2.0,6.125,3.0,6.625],"rotation":0,"texture":"#0","tintindex":0},"down":{"uv":[2.0,6.125,3.0,6.625],"rotation":0,"texture":"#0","tintindex":0}}},{"from":[6.3,3.885714,6.857143],"to":[8.585714,6.1714287,9.142858],"rotation":{"angle":0.0,"axis":"y","origin":[7.4428573,5.028571,8.0]},"faces":{"east":{"uv":[2.0,6.125,3.0,6.625],"rotation":0,"texture":"#0","tintindex":0},"south":{"uv":[2.0,6.125,3.0,6.625],"rotation":0,"texture":"#0","tintindex":0},"north":{"uv":[2.0,6.125,3.0,6.625],"rotation":0,"texture":"#0","tintindex":0},"west":{"uv":[2.0,6.125,3.0,6.625],"rotation":0,"texture":"#0","tintindex":0},"up":{"uv":[2.0,6.125,3.0,6.625],"rotation":0,"texture":"#0","tintindex":0},"down":{"uv":[2.0,6.125,3.0,6.625],"rotation":0,"texture":"#0","tintindex":0}}},{"from":[6.757143,1.0285711,6.857143],"to":[9.042857,3.3142858,9.142858],"rotation":{"angle":0.0,"axis":"y","origin":[7.9,2.1714282,8.0]},"faces":{"east":{"uv":[2.0,6.125,3.0,6.625],"rotation":0,"texture":"#0","tintindex":0},"south":{"uv":[2.0,6.125,3.0,6.625],"rotation":0,"texture":"#0","tintindex":0},"north":{"uv":[2.0,6.125,3.0,6.625],"rotation":0,"texture":"#0","tintindex":0},"west":{"uv":[2.0,6.125,3.0,6.625],"rotation":0,"texture":"#0","tintindex":0},"up":{"uv":[2.0,6.125,3.0,6.625],"rotation":0,"texture":"#0","tintindex":0},"down":{"uv":[2.0,6.125,3.0,6.625],"rotation":0,"texture":"#0","tintindex":0}}},{"from":[4.5857143,6.742857,7.428571],"to":[5.1571426,7.885714,8.571428],"rotation":{"angle":0.0,"axis":"y","origin":[4.8714285,7.3142858,8.0]},"faces":{"east":{"uv":[11.25,6.25,11.75,6.5],"rotation":0,"texture":"#0","tintindex":0},"south":{"uv":[11.25,6.25,11.75,6.5],"rotation":0,"texture":"#0","tintindex":0},"north":{"uv":[11.25,6.25,11.75,6.5],"rotation":0,"texture":"#0","tintindex":0},"west":{"uv":[11.25,6.25,11.75,6.5],"rotation":0,"texture":"#0","tintindex":0},"up":{"uv":[11.25,6.25,11.75,6.5],"rotation":0,"texture":"#0","tintindex":0},"down":{"uv":[11.25,6.25,11.75,6.5],"rotation":0,"texture":"#0","tintindex":0}}},{"from":[6.3,6.742857,5.714286],"to":[7.4428573,7.885714,6.285714],"rotation":{"angle":0.0,"axis":"y","origin":[6.8714285,7.3142858,6.0]},"faces":{"east":{"uv":[11.25,6.25,11.75,6.5],"rotation":0,"texture":"#0","tintindex":0},"south":{"uv":[11.25,6.25,11.75,6.5],"rotation":0,"texture":"#0","tintindex":0},"north":{"uv":[11.25,6.25,11.75,6.5],"rotation":0,"texture":"#0","tintindex":0},"west":{"uv":[11.25,6.25,11.75,6.5],"rotation":0,"texture":"#0","tintindex":0},"up":{"uv":[11.25,6.25,11.75,6.5],"rotation":0,"texture":"#0","tintindex":0},"down":{"uv":[11.25,6.25,11.75,6.5],"rotation":0,"texture":"#0","tintindex":0}}},{"from":[6.3,6.742857,9.714286],"to":[7.4428573,7.885714,10.285714],"rotation":{"angle":0.0,"axis":"y","origin":[6.8714285,7.3142858,10.0]},"faces":{"east":{"uv":[11.25,6.25,11.75,6.5],"rotation":0,"texture":"#0","tintindex":0},"south":{"uv":[11.25,6.25,11.75,6.5],"rotation":0,"texture":"#0","tintindex":0},"north":{"uv":[11.25,6.25,11.75,6.5],"rotation":0,"texture":"#0","tintindex":0},"west":{"uv":[11.25,6.25,11.75,6.5],"rotation":0,"texture":"#0","tintindex":0},"up":{"uv":[11.25,6.25,11.75,6.5],"rotation":0,"texture":"#0","tintindex":0},"down":{"uv":[11.25,6.25,11.75,6.5],"rotation":0,"texture":"#0","tintindex":0}}},{"from":[4.0142856,9.028571,6.857143],"to":[8.014286,9.6,9.142858],"rotation":{"angle":0.0,"axis":"y","origin":[6.0142856,9.314285,8.0]},"faces":{"east":{"uv":[1.0,6.125,3.0,6.25],"rotation":0,"texture":"#0","tintindex":0},"south":{"uv":[2.0,6.125,4.0,6.25],"rotation":0,"texture":"#0","tintindex":0},"north":{"uv":[2.0,6.125,4.0,6.25],"rotation":0,"texture":"#0","tintindex":0},"west":{"uv":[2.5,6.125,3.5,6.25],"rotation":0,"texture":"#0","tintindex":0},"up":{"uv":[2.0,6.125,4.0,6.625],"rotation":0,"texture":"#0","tintindex":0},"down":{"uv":[1.75,6.125,2.5,6.625],"rotation":0,"texture":"#0","tintindex":0}}}],"display":{"head":{"translation":[0.0,-6.4,0.0],"scale":[4.0,4.0,4.0]}}}