{"textures":{"0":"modelengine:entity/bee_butterfly"},"elements":[{"from":[13.664,7.986,5.168],"to":[19.328,7.986,10.832],"faces":{"east":{"uv":[9.0,9.25,12.0,9.5],"tintindex":0,"rotation":0,"texture":"#0"},"south":{"uv":[6.0,9.0,9.0,9.25],"tintindex":0,"rotation":0,"texture":"#0"},"north":{"uv":[6.0,9.25,9.0,9.5],"tintindex":0,"rotation":0,"texture":"#0"},"west":{"uv":[9.0,9.0,12.0,9.25],"tintindex":0,"rotation":0,"texture":"#0"},"up":{"uv":[7.0,3.0,10.0,6.0],"tintindex":0,"rotation":0,"texture":"#0"},"down":{"uv":[7.0,3.0,10.0,6.0],"tintindex":0,"rotation":0,"texture":"#0"}}}],"display":{"gui":{"rotation":[30,225,0]}}}