{"textures":{"0":"modelengine:entity/beesim_kingbeetle"},"elements":[{"from":[8.0,8.38694,6.10433],"to":[8.0,10.73694,6.85433],"faces":{"east":{"uv":[11.0,9.5,11.5,11.5],"tintindex":0,"rotation":0,"texture":"#0"},"south":{"uv":[11.0,9.5,11.5,11.5],"tintindex":0,"rotation":0,"texture":"#0"},"north":{"uv":[11.0,9.5,11.5,11.5],"tintindex":0,"rotation":0,"texture":"#0"},"west":{"uv":[11.0,9.5,11.5,11.5],"tintindex":0,"rotation":0,"texture":"#0"},"up":{"uv":[11.0,9.5,11.5,11.5],"tintindex":0,"rotation":0,"texture":"#0"},"down":{"uv":[11.0,9.5,11.5,11.5],"tintindex":0,"rotation":0,"texture":"#0"}},"rotation":{"origin":[8.0,8.38694,6.4043303],"angle":22.5,"axis":"z"}},{"from":[8.0,8.38694,6.10433],"to":[8.0,10.73694,6.85433],"faces":{"east":{"uv":[11.0,9.5,11.5,11.5],"tintindex":0,"rotation":0,"texture":"#0"},"south":{"uv":[11.0,9.5,11.5,11.5],"tintindex":0,"rotation":0,"texture":"#0"},"north":{"uv":[11.0,9.5,11.5,11.5],"tintindex":0,"rotation":0,"texture":"#0"},"west":{"uv":[11.0,9.5,11.5,11.5],"tintindex":0,"rotation":0,"texture":"#0"},"up":{"uv":[11.0,9.5,11.5,11.5],"tintindex":0,"rotation":0,"texture":"#0"},"down":{"uv":[11.0,9.5,11.5,11.5],"tintindex":0,"rotation":0,"texture":"#0"}},"rotation":{"origin":[8.0,8.38694,6.4043303],"angle":-22.5,"axis":"z"}},{"from":[8.0,5.88694,7.45866],"to":[8.0,9.63694,8.20866],"faces":{"east":{"uv":[10.5,9.5,11.0,11.5],"tintindex":0,"rotation":0,"texture":"#0"},"south":{"uv":[10.5,5.5,12.5,7.5],"tintindex":0,"rotation":0,"texture":"#0"},"north":{"uv":[0.0,10.0,2.0,12.0],"tintindex":0,"rotation":0,"texture":"#0"},"west":{"uv":[10.5,9.5,11.0,11.5],"tintindex":0,"rotation":0,"texture":"#0"},"up":{"uv":[12.5,8.5,10.5,7.5],"tintindex":0,"rotation":0,"texture":"#0"},"down":{"uv":[12.5,8.5,10.5,9.5],"tintindex":0,"rotation":0,"texture":"#0"}},"rotation":{"origin":[8.0,7.38694,8.20433],"angle":-45.0,"axis":"x"}}],"display":{"gui":{"rotation":[30,225,0]}}}