{
  "variants": {
    "layers=1": 
      {"model": "minecraft:block/snow_height2","x": 0}
      
    ,
    "layers=2": [
      {"model": "minecraft:block/snow_height4_1","x": 0},
      {"model": "minecraft:block/snow_height4_2","x": 0},
      {"model": "minecraft:block/snow_height4_3","x": 0}
      
    ],
    "layers=3": [
      {"model": "minecraft:block/snow_height6_1","x": 0},
      {"model": "minecraft:block/snow_height6_2","x": 0},
      {"model": "minecraft:block/snow_height6_3","x": 0}
      
    ],
    "layers=4": [
      {"model": "minecraft:block/snow_height8_1","x": 0},
      {"model": "minecraft:block/snow_height8_2","x": 0},
      {"model": "minecraft:block/snow_height8_3","x": 0}
      
    ],
    "layers=5": [
      {"model": "minecraft:block/snow_height10_1","x": 0},
      {"model": "minecraft:block/snow_height10_2","x": 0},
      {"model": "minecraft:block/snow_height10_3","x": 0}
      
    ],
    "layers=6": [
      {"model": "minecraft:block/snow_height12_1","x": 0},
      {"model": "minecraft:block/snow_height12_2","x": 0},
      {"model": "minecraft:block/snow_height12_3","x": 0}
      
    ],
    "layers=7": [
      {"model": "minecraft:block/snow_height14_1","x": 0},
      {"model": "minecraft:block/snow_height14_2","x": 0},
      {"model": "minecraft:block/snow_height14_3","x": 0}
      
    ],
    "layers=8": [
      {"model": "minecraft:block/snow_block1","x": 0},
      {"model": "minecraft:block/snow_block2","x": 0},
      {"model": "minecraft:block/snow_block3","x": 0}
      
    ]
  }
}