{"textures":{"0":"modelengine:entity/piranha_plant"},"elements":[{"from":[6.857143,8.0,6.857143],"to":[9.142858,9.714286,9.142858],"rotation":{"angle":0.0,"axis":"y","origin":[8.0,8.0,8.0]},"faces":{"east":{"uv":[9.25,1.5,11.25,5.5],"rotation":0,"texture":"#0","tintindex":0},"south":{"uv":[9.25,1.5,11.25,5.5],"rotation":0,"texture":"#0","tintindex":0},"north":{"uv":[9.25,1.5,11.25,5.5],"rotation":0,"texture":"#0","tintindex":0},"west":{"uv":[9.25,1.5,11.25,5.5],"rotation":0,"texture":"#0","tintindex":0},"up":{"uv":[9.5,2.5,11.25,4.5],"rotation":0,"texture":"#0","tintindex":0},"down":{"uv":[9.25,2.5,11.25,4.5],"rotation":0,"texture":"#0","tintindex":0}}},{"from":[7.7714286,7.2,6.5714283],"to":[8.914286,9.085714,7.142857],"rotation":{"angle":0.0,"axis":"y","origin":[8.0,8.0,8.0]},"faces":{"east":{"uv":[10.25,2.5,11.25,5.5],"rotation":0,"texture":"#0","tintindex":0},"south":{"uv":[10.25,2.5,11.25,5.5],"rotation":0,"texture":"#0","tintindex":0},"north":{"uv":[10.25,2.5,11.25,5.5],"rotation":0,"texture":"#0","tintindex":0},"west":{"uv":[10.25,2.5,11.25,5.5],"rotation":0,"texture":"#0","tintindex":0},"up":{"uv":[10.25,2.5,11.25,5.5],"rotation":0,"texture":"#0","tintindex":0},"down":{"uv":[10.25,2.5,11.25,5.5],"rotation":0,"texture":"#0","tintindex":0}}},{"from":[7.3142858,7.0857143,8.571428],"to":[8.457143,8.742857,9.314285],"rotation":{"angle":0.0,"axis":"y","origin":[8.0,8.0,8.0]},"faces":{"east":{"uv":[10.25,3.0,11.25,5.5],"rotation":0,"texture":"#0","tintindex":0},"south":{"uv":[10.25,3.0,11.25,5.5],"rotation":0,"texture":"#0","tintindex":0},"north":{"uv":[10.25,3.0,11.25,5.5],"rotation":0,"texture":"#0","tintindex":0},"west":{"uv":[10.25,3.0,11.25,5.5],"rotation":0,"texture":"#0","tintindex":0},"up":{"uv":[10.25,3.0,11.25,5.5],"rotation":0,"texture":"#0","tintindex":0},"down":{"uv":[10.25,3.0,11.25,5.5],"rotation":0,"texture":"#0","tintindex":0}}},{"from":[7.257143,8.514286,7.0857143],"to":[9.085714,11.3714285,7.142857],"rotation":{"angle":-22.5,"axis":"x","origin":[8.0,8.0,8.0]},"faces":{"east":{"uv":[5.0,15.5,6.75,16.0],"rotation":180,"texture":"#0","tintindex":0},"south":{"uv":[4.25,10.5,6.0,15.5],"rotation":180,"texture":"#0","tintindex":0},"north":{"uv":[4.25,10.5,6.0,15.5],"rotation":180,"texture":"#0","tintindex":0},"west":{"uv":[4.75,15.5,6.5,16.0],"rotation":180,"texture":"#0","tintindex":0},"up":{"uv":[5.0,15.5,6.75,16.0],"rotation":180,"texture":"#0","tintindex":0},"down":{"uv":[5.0,15.5,6.75,16.0],"rotation":180,"texture":"#0","tintindex":0}}},{"from":[7.142857,8.514286,8.914286],"to":[8.857143,11.3714285,8.971429],"rotation":{"angle":22.5,"axis":"x","origin":[8.0,8.0,8.0]},"faces":{"east":{"uv":[6.0,15.5,7.5,16.0],"rotation":180,"texture":"#0","tintindex":0},"south":{"uv":[6.5,10.5,8.0,15.0],"rotation":180,"texture":"#0","tintindex":0},"north":{"uv":[6.5,10.5,8.0,15.0],"rotation":180,"texture":"#0","tintindex":0},"west":{"uv":[6.25,15.5,7.75,16.0],"rotation":180,"texture":"#0","tintindex":0},"up":{"uv":[5.75,15.5,7.25,16.0],"rotation":180,"texture":"#0","tintindex":0},"down":{"uv":[6.25,15.5,7.75,16.0],"rotation":180,"texture":"#0","tintindex":0}}},{"from":[6.5714283,7.6,7.542857],"to":[7.714286,8.742857,8.685715],"rotation":{"angle":0.0,"axis":"y","origin":[8.0,8.0,8.0]},"faces":{"east":{"uv":[10.0,3.0,11.5,5.5],"rotation":0,"texture":"#0","tintindex":0},"south":{"uv":[10.0,3.0,11.5,5.5],"rotation":0,"texture":"#0","tintindex":0},"north":{"uv":[10.0,3.0,11.5,5.5],"rotation":0,"texture":"#0","tintindex":0},"west":{"uv":[10.0,3.0,11.5,5.5],"rotation":0,"texture":"#0","tintindex":0},"up":{"uv":[10.0,3.0,11.5,5.5],"rotation":0,"texture":"#0","tintindex":0},"down":{"uv":[10.0,3.0,11.5,5.5],"rotation":0,"texture":"#0","tintindex":0}}},{"from":[8.457143,7.428571,7.542857],"to":[9.6,8.571428,8.685715],"rotation":{"angle":0.0,"axis":"y","origin":[8.0,8.0,8.0]},"faces":{"east":{"uv":[10.0,3.5,11.5,5.5],"rotation":0,"texture":"#0","tintindex":0},"south":{"uv":[10.0,3.5,11.5,5.5],"rotation":0,"texture":"#0","tintindex":0},"north":{"uv":[10.0,3.5,11.5,5.5],"rotation":0,"texture":"#0","tintindex":0},"west":{"uv":[10.0,3.5,11.5,5.5],"rotation":0,"texture":"#0","tintindex":0},"up":{"uv":[10.0,3.5,11.5,5.5],"rotation":0,"texture":"#0","tintindex":0},"down":{"uv":[10.0,3.5,11.5,5.5],"rotation":0,"texture":"#0","tintindex":0}}}],"display":{"head":{"translation":[0.0,-6.4,0.0],"scale":[4.0,4.0,4.0]}}}