{"textures":{"0":"modelengine:entity/piranha_plant"},"elements":[{"from":[7.9857144,8.014286,6.3142858],"to":[12.214286,8.071428,9.742857],"rotation":{"angle":0.0,"axis":"y","origin":[10.1,8.042857,8.028571]},"faces":{"east":{"uv":[6.25,15.5,6.75,16.0],"rotation":0,"texture":"#0","tintindex":0},"south":{"uv":[5.75,15.5,6.25,16.0],"rotation":0,"texture":"#0","tintindex":0},"north":{"uv":[6.25,15.5,6.5,16.0],"rotation":0,"texture":"#0","tintindex":0},"west":{"uv":[6.0,15.5,6.25,16.0],"rotation":0,"texture":"#0","tintindex":0},"up":{"uv":[4.25,10.5,6.0,14.5],"rotation":0,"texture":"#0","tintindex":0},"down":{"uv":[4.5,10.5,6.0,14.0],"rotation":0,"texture":"#0","tintindex":0}}},{"from":[11.657143,8.0,7.428571],"to":[13.257143,8.057143,8.571428],"rotation":{"angle":0.0,"axis":"y","origin":[12.457144,8.028571,8.0]},"faces":{"east":{"uv":[5.75,15.5,6.25,16.0],"rotation":270,"texture":"#0","tintindex":0},"south":{"uv":[6.0,15.5,6.5,16.0],"rotation":270,"texture":"#0","tintindex":0},"north":{"uv":[6.0,15.0,6.75,16.0],"rotation":270,"texture":"#0","tintindex":0},"west":{"uv":[5.75,15.0,6.25,16.0],"rotation":270,"texture":"#0","tintindex":0},"up":{"uv":[6.5,10.0,8.0,14.0],"rotation":270,"texture":"#0","tintindex":0},"down":{"uv":[6.5,10.0,8.0,14.0],"rotation":270,"texture":"#0","tintindex":0}}}],"display":{"head":{"translation":[0.0,-6.4,0.0],"scale":[4.0,4.0,4.0]}}}