{
	"parent": "item/handheld",
	"textures": {
		"layer0": "item/honeycomb/0"
	},
	
	"overrides": [
		{"predicate": {"custom_model_data":1}, "model": "item/honeycomb/1"},
		{"predicate": {"custom_model_data":2}, "model": "item/honeycomb/2"},
		{"predicate": {"custom_model_data":3}, "model": "item/honeycomb/3"},
		{"predicate": {"custom_model_data":4}, "model": "item/honeycomb/4"},
		{"predicate": {"custom_model_data":5}, "model": "item/honeycomb/5"},
		{"predicate": {"custom_model_data":6}, "model": "item/honeycomb/6"},
		{"predicate": {"custom_model_data":7}, "model": "item/honeycomb/7"},
		{"predicate": {"custom_model_data":8}, "model": "item/honeycomb/8"},
		{"predicate": {"custom_model_data":9}, "model": "item/honeycomb/9"},
		{"predicate": {"custom_model_data":10}, "model": "item/honeycomb/10"},
		{"predicate": {"custom_model_data":11}, "model": "item/honeycomb/11"},
		{"predicate": {"custom_model_data":12}, "model": "item/honeycomb/12"},
		{"predicate": {"custom_model_data":13}, "model": "item/honeycomb/13"},
		{"predicate": {"custom_model_data":14}, "model": "item/honeycomb/14"},
		{"predicate": {"custom_model_data":15}, "model": "item/honeycomb/15"},
		{"predicate": {"custom_model_data":16}, "model": "item/honeycomb/16"},
		{"predicate": {"custom_model_data":17}, "model": "item/honeycomb/17"},
		{"predicate": {"custom_model_data":18}, "model": "item/honeycomb/18"},
		{"predicate": {"custom_model_data":19}, "model": "item/honeycomb/19"},
		{"predicate": {"custom_model_data":20}, "model": "item/honeycomb/20"},
		{"predicate": {"custom_model_data":21}, "model": "item/honeycomb/21"},
		{"predicate": {"custom_model_data":22}, "model": "item/honeycomb/22"},
		{"predicate": {"custom_model_data":23}, "model": "item/honeycomb/23"},
		{"predicate": {"custom_model_data":24}, "model": "item/honeycomb/24"},
		{"predicate": {"custom_model_data":25}, "model": "item/honeycomb/25"},
		{"predicate": {"custom_model_data":26}, "model": "item/honeycomb/26"},
		{"predicate": {"custom_model_data":27}, "model": "item/honeycomb/27"},
		{"predicate": {"custom_model_data":28}, "model": "item/honeycomb/28"},
		{"predicate": {"custom_model_data":29}, "model": "item/honeycomb/29"},
		{"predicate": {"custom_model_data":30}, "model": "item/honeycomb/30"},
		{"predicate": {"custom_model_data":31}, "model": "item/honeycomb/31"},
		{"predicate": {"custom_model_data":32}, "model": "item/honeycomb/32"},
		{"predicate": {"custom_model_data":33}, "model": "item/honeycomb/33"},
		{"predicate": {"custom_model_data":34}, "model": "item/honeycomb/34"},
		{"predicate": {"custom_model_data":35}, "model": "item/honeycomb/35"},
		{"predicate": {"custom_model_data":36}, "model": "item/honeycomb/36"},
		{"predicate": {"custom_model_data":37}, "model": "item/honeycomb/37"},
		{"predicate": {"custom_model_data":38}, "model": "item/honeycomb/38"},
		{"predicate": {"custom_model_data":39}, "model": "item/honeycomb/39"},
		{"predicate": {"custom_model_data":40}, "model": "item/honeycomb/40"},
		{"predicate": {"custom_model_data":41}, "model": "item/honeycomb/41"},
		{"predicate": {"custom_model_data":42}, "model": "item/honeycomb/42"},
		{"predicate": {"custom_model_data":43}, "model": "item/honeycomb/43"},
		{"predicate": {"custom_model_data":44}, "model": "item/honeycomb/44"},
		{"predicate": {"custom_model_data":45}, "model": "item/honeycomb/45"},
		{"predicate": {"custom_model_data":46}, "model": "item/honeycomb/46"},
		{"predicate": {"custom_model_data":47}, "model": "item/honeycomb/47"},
		{"predicate": {"custom_model_data":48}, "model": "item/honeycomb/48"}
	]
}
