{"parent":"minecraft:item/generated","textures":{"layer0":"minecraft:item/leather_horse_armor"},"overrides":[{"predicate":{"custom_model_data":1},"model":"modelengine:ender_follower/head"},{"predicate":{"custom_model_data":2},"model":"modelengine:ender_follower/jaw"},{"predicate":{"custom_model_data":3},"model":"modelengine:ender_follower/helmet"},{"predicate":{"custom_model_data":4},"model":"modelengine:ender_follower/body"},{"predicate":{"custom_model_data":5},"model":"modelengine:ender_follower/right_leg_up"},{"predicate":{"custom_model_data":6},"model":"modelengine:ender_follower/right_leg_down"},{"predicate":{"custom_model_data":7},"model":"modelengine:ender_follower/left_leg_up"},{"predicate":{"custom_model_data":8},"model":"modelengine:ender_follower/left_leg_down"},{"predicate":{"custom_model_data":9},"model":"modelengine:ender_follower/right_arm_up"},{"predicate":{"custom_model_data":10},"model":"modelengine:ender_follower/right_arm_down"},{"predicate":{"custom_model_data":11},"model":"modelengine:ender_follower/magic_r"},{"predicate":{"custom_model_data":12},"model":"modelengine:ender_follower/left_arm_up"},{"predicate":{"custom_model_data":13},"model":"modelengine:ender_follower/left_arm_down"},{"predicate":{"custom_model_data":14},"model":"modelengine:ender_follower/magic_l"},{"predicate":{"custom_model_data":15},"model":"modelengine:ender_follower/ender_sword"},{"predicate":{"custom_model_data":16},"model":"modelengine:inferno/head"},{"predicate":{"custom_model_data":17},"model":"modelengine:inferno/helmet"},{"predicate":{"custom_model_data":18},"model":"modelengine:inferno/subbone3"},{"predicate":{"custom_model_data":19},"model":"modelengine:inferno/body"},{"predicate":{"custom_model_data":20},"model":"modelengine:inferno/pistons1"},{"predicate":{"custom_model_data":21},"model":"modelengine:inferno/pistons2"},{"predicate":{"custom_model_data":22},"model":"modelengine:inferno/shield4"},{"predicate":{"custom_model_data":23},"model":"modelengine:inferno/subbone2"},{"predicate":{"custom_model_data":24},"model":"modelengine:inferno/shield2"},{"predicate":{"custom_model_data":25},"model":"modelengine:inferno/subbone"},{"predicate":{"custom_model_data":26},"model":"modelengine:inferno/sticks"},{"predicate":{"custom_model_data":27},"model":"modelengine:piranha_plant/jaw"},{"predicate":{"custom_model_data":28},"model":"modelengine:piranha_plant/head"},{"predicate":{"custom_model_data":29},"model":"modelengine:piranha_plant/footing"},{"predicate":{"custom_model_data":30},"model":"modelengine:piranha_plant/subbone1"},{"predicate":{"custom_model_data":31},"model":"modelengine:piranha_plant/subbone2"},{"predicate":{"custom_model_data":32},"model":"modelengine:piranha_plant/sheet1"},{"predicate":{"custom_model_data":33},"model":"modelengine:piranha_plant/sub_sheet1"},{"predicate":{"custom_model_data":34},"model":"modelengine:piranha_plant/sheet2"},{"predicate":{"custom_model_data":35},"model":"modelengine:piranha_plant/sub_sheet2"},{"predicate":{"custom_model_data":36},"model":"modelengine:piranha_plant/bone4"},{"predicate":{"custom_model_data":37},"model":"modelengine:piranha_plant/bone3"},{"predicate":{"custom_model_data":38},"model":"modelengine:piranha_plant/bone2"},{"predicate":{"custom_model_data":39},"model":"modelengine:piranha_plant/bone1"},{"predicate":{"custom_model_data":40},"model":"modelengine:pudgelin/body"},{"predicate":{"custom_model_data":41},"model":"modelengine:pudgelin/head"},{"predicate":{"custom_model_data":42},"model":"modelengine:pudgelin/ear_left"},{"predicate":{"custom_model_data":43},"model":"modelengine:pudgelin/ear_right"},{"predicate":{"custom_model_data":44},"model":"modelengine:pudgelin/tits"},{"predicate":{"custom_model_data":45},"model":"modelengine:pudgelin/salo"},{"predicate":{"custom_model_data":46},"model":"modelengine:pudgelin/left_arm"},{"predicate":{"custom_model_data":47},"model":"modelengine:pudgelin/right_arm"},{"predicate":{"custom_model_data":48},"model":"modelengine:pudgelin/hook"},{"predicate":{"custom_model_data":49},"model":"modelengine:pudgelin/left_leg"},{"predicate":{"custom_model_data":50},"model":"modelengine:pudgelin/right_leg"}]}