{
	"credit": "Made with Blockbench",
	"texture_size": [32, 32],
	"textures": {
		"0": "block/stripped_birch_log",
		"4": "block/petal",
		"5": "block/yellowallium",
		"particle": "block/stripped_birch_log"
	},
	"elements": [
		{
			"from": [7, 6, 7],
			"to": [9, 17, 9],
			"rotation": {"angle": 0, "axis": "y", "origin": [7, 0, 7]},
			"faces": {
				"north": {"uv": [0, 0, 1, 5.5], "texture": "#0"},
				"east": {"uv": [0, 0, 1, 5.5], "texture": "#0"},
				"south": {"uv": [0, 0, 1, 5.5], "texture": "#0"},
				"west": {"uv": [0, 0, 1, 5.5], "texture": "#0"},
				"up": {"uv": [0, 0, 1, 1], "texture": "#0"},
				"down": {"uv": [0, 0, 1, 1], "texture": "#0"}
			}
		},
		{
			"from": [1, 17, 1],
			"to": [15, 17, 15],
			"rotation": {"angle": 0, "axis": "y", "origin": [8, 17, 8]},
			"faces": {
				"north": {"uv": [0, 0, 5, 0], "texture": "#4"},
				"east": {"uv": [0, 0, 5, 0], "texture": "#4"},
				"south": {"uv": [0, 0, 5, 0], "texture": "#4"},
				"west": {"uv": [0, 0, 5, 0], "texture": "#4"},
				"up": {"uv": [16, 16, 0.5, 1], "texture": "#4"},
				"down": {"uv": [16, 16, 0.5, 1], "texture": "#4"}
			}
		},
		{
			"from": [1.2, 17.5, 1.2],
			"to": [14.8, 17.5, 14.8],
			"rotation": {"angle": -22.5, "axis": "y", "origin": [8, 17.5, 8]},
			"faces": {
				"north": {"uv": [0, 0, 5, 0], "texture": "#4"},
				"east": {"uv": [0, 0, 5, 0], "texture": "#4"},
				"south": {"uv": [0, 0, 5, 0], "texture": "#4"},
				"west": {"uv": [0, 0, 5, 0], "texture": "#4"},
				"up": {"uv": [16, 16, 0.5, 1], "texture": "#4"},
				"down": {"uv": [16, 16, 0.5, 1], "texture": "#4"}
			}
		},
		{
			"from": [1.4, 18, 1.4],
			"to": [14.6, 18, 14.6],
			"rotation": {"angle": -45, "axis": "y", "origin": [8, 18, 8]},
			"faces": {
				"north": {"uv": [0, 0, 5, 0], "texture": "#4"},
				"east": {"uv": [0, 0, 5, 0], "texture": "#4"},
				"south": {"uv": [0, 0, 5, 0], "texture": "#4"},
				"west": {"uv": [0, 0, 5, 0], "texture": "#4"},
				"up": {"uv": [16, 16, 0.5, 1], "texture": "#4"},
				"down": {"uv": [16, 16, 0.5, 1], "texture": "#4"}
			}
		},
		{
			"from": [1.6, 18.5, 1.6],
			"to": [14.4, 18.5, 14.4],
			"rotation": {"angle": 22.5, "axis": "y", "origin": [8, 18.5, 8]},
			"faces": {
				"north": {"uv": [0, 0, 5, 0], "texture": "#4"},
				"east": {"uv": [0, 0, 5, 0], "texture": "#4"},
				"south": {"uv": [0, 0, 5, 0], "texture": "#4"},
				"west": {"uv": [0, 0, 5, 0], "texture": "#4"},
				"up": {"uv": [16, 16, 0.5, 1], "rotation": 90, "texture": "#4"},
				"down": {"uv": [16, 16, 0.5, 1], "rotation": 270, "texture": "#4"}
			}
		},
		{
			"from": [1.8, 19, 1.8],
			"to": [14.2, 19, 14.2],
			"rotation": {"angle": 0, "axis": "y", "origin": [8, 19, 8]},
			"faces": {
				"north": {"uv": [0, 0, 5, 0], "texture": "#4"},
				"east": {"uv": [0, 0, 5, 0], "texture": "#4"},
				"south": {"uv": [0, 0, 5, 0], "texture": "#4"},
				"west": {"uv": [0, 0, 5, 0], "texture": "#4"},
				"up": {"uv": [16, 16, 0.5, 1], "rotation": 90, "texture": "#4"},
				"down": {"uv": [16, 16, 0.5, 1], "rotation": 270, "texture": "#4"}
			}
		},
		{
			"from": [3.5, 21.5, 3.5],
			"to": [12.5, 21.5, 12.5],
			"rotation": {"angle": -22.5, "axis": "y", "origin": [8, 21.5, 8]},
			"faces": {
				"north": {"uv": [0, 0, 5, 0], "texture": "#4"},
				"east": {"uv": [0, 0, 5, 0], "texture": "#4"},
				"south": {"uv": [0, 0, 5, 0], "texture": "#4"},
				"west": {"uv": [0, 0, 5, 0], "texture": "#4"},
				"up": {"uv": [16, 16, 0.5, 1], "rotation": 90, "texture": "#4"},
				"down": {"uv": [16, 16, 0.5, 1], "rotation": 270, "texture": "#4"}
			}
		},
		{
			"from": [3.25, 21, 3.25],
			"to": [12.75, 21, 12.75],
			"rotation": {"angle": 0, "axis": "y", "origin": [8, 21, 8]},
			"faces": {
				"north": {"uv": [0, 0, 5, 0], "texture": "#4"},
				"east": {"uv": [0, 0, 5, 0], "texture": "#4"},
				"south": {"uv": [0, 0, 5, 0], "texture": "#4"},
				"west": {"uv": [0, 0, 5, 0], "texture": "#4"},
				"up": {"uv": [16, 16, 0.5, 1], "rotation": 90, "texture": "#4"},
				"down": {"uv": [16, 16, 0.5, 1], "rotation": 270, "texture": "#4"}
			}
		},
		{
			"from": [3, 20.5, 3],
			"to": [13, 20.5, 13],
			"rotation": {"angle": 22.5, "axis": "y", "origin": [8, 20.5, 8]},
			"faces": {
				"north": {"uv": [0, 0, 5, 0], "texture": "#4"},
				"east": {"uv": [0, 0, 5, 0], "texture": "#4"},
				"south": {"uv": [0, 0, 5, 0], "texture": "#4"},
				"west": {"uv": [0, 0, 5, 0], "texture": "#4"},
				"up": {"uv": [16, 16, 0.5, 1], "rotation": 90, "texture": "#4"},
				"down": {"uv": [16, 16, 0.5, 1], "rotation": 270, "texture": "#4"}
			}
		},
		{
			"from": [3, 20, 3],
			"to": [13, 20, 13],
			"rotation": {"angle": 45, "axis": "y", "origin": [8, 20, 8]},
			"faces": {
				"north": {"uv": [0, 0, 5, 0], "texture": "#4"},
				"east": {"uv": [0, 0, 5, 0], "texture": "#4"},
				"south": {"uv": [0, 0, 5, 0], "texture": "#4"},
				"west": {"uv": [0, 0, 5, 0], "texture": "#4"},
				"up": {"uv": [16, 16, 0.5, 1], "rotation": 90, "texture": "#4"},
				"down": {"uv": [16, 16, 0.5, 1], "rotation": 270, "texture": "#4"}
			}
		},
		{
			"from": [2, 19.5, 2],
			"to": [14, 19.5, 14],
			"rotation": {"angle": -22.5, "axis": "y", "origin": [8, 19.5, 8]},
			"faces": {
				"north": {"uv": [0, 0, 5, 0], "texture": "#4"},
				"east": {"uv": [0, 0, 5, 0], "texture": "#4"},
				"south": {"uv": [0, 0, 5, 0], "texture": "#4"},
				"west": {"uv": [0, 0, 5, 0], "texture": "#4"},
				"up": {"uv": [16, 16, 0.5, 1], "texture": "#4"},
				"down": {"uv": [16, 16, 0.5, 1], "texture": "#4"}
			}
		},
		{
			"from": [4.5, 24, 4.5],
			"to": [11.5, 24, 11.5],
			"rotation": {"angle": 0, "axis": "y", "origin": [8, 24, 8]},
			"faces": {
				"north": {"uv": [0, 0, 5, 0], "texture": "#4"},
				"east": {"uv": [0, 0, 5, 0], "texture": "#4"},
				"south": {"uv": [0, 0, 5, 0], "texture": "#4"},
				"west": {"uv": [0, 0, 5, 0], "texture": "#4"},
				"up": {"uv": [16, 16, 0.5, 1], "rotation": 90, "texture": "#4"},
				"down": {"uv": [16, 16, 0.5, 1], "rotation": 270, "texture": "#4"}
			}
		},
		{
			"from": [4.1, 23, 4.1],
			"to": [11.9, 23, 11.9],
			"rotation": {"angle": -45, "axis": "y", "origin": [8, 23, 8]},
			"faces": {
				"north": {"uv": [0, 0, 5, 0], "texture": "#4"},
				"east": {"uv": [0, 0, 5, 0], "texture": "#4"},
				"south": {"uv": [0, 0, 5, 0], "texture": "#4"},
				"west": {"uv": [0, 0, 5, 0], "texture": "#4"},
				"up": {"uv": [16, 16, 0.5, 1], "texture": "#4"},
				"down": {"uv": [16, 16, 0.5, 1], "texture": "#4"}
			}
		},
		{
			"from": [4.1, 23.5, 4.1],
			"to": [11.9, 23.5, 11.9],
			"rotation": {"angle": 22.5, "axis": "y", "origin": [8, 23.5, 8]},
			"faces": {
				"north": {"uv": [0, 0, 5, 0], "texture": "#4"},
				"east": {"uv": [0, 0, 5, 0], "texture": "#4"},
				"south": {"uv": [0, 0, 5, 0], "texture": "#4"},
				"west": {"uv": [0, 0, 5, 0], "texture": "#4"},
				"up": {"uv": [16, 16, 0.5, 1], "rotation": 90, "texture": "#4"},
				"down": {"uv": [16, 16, 0.5, 1], "rotation": 270, "texture": "#4"}
			}
		},
		{
			"from": [3.8, 22.5, 3.8],
			"to": [12.2, 22.5, 12.2],
			"rotation": {"angle": -22.5, "axis": "y", "origin": [8, 22.5, 8]},
			"faces": {
				"north": {"uv": [0, 0, 5, 0], "texture": "#4"},
				"east": {"uv": [0, 0, 5, 0], "texture": "#4"},
				"south": {"uv": [0, 0, 5, 0], "texture": "#4"},
				"west": {"uv": [0, 0, 5, 0], "texture": "#4"},
				"up": {"uv": [16, 16, 0.5, 1], "texture": "#4"},
				"down": {"uv": [16, 16, 0.5, 1], "texture": "#4"}
			}
		},
		{
			"from": [3.6, 22, 3.6],
			"to": [12.4, 22, 12.4],
			"rotation": {"angle": 0, "axis": "y", "origin": [8, 22, 8]},
			"faces": {
				"north": {"uv": [0, 0, 5, 0], "texture": "#4"},
				"east": {"uv": [0, 0, 5, 0], "texture": "#4"},
				"south": {"uv": [0, 0, 5, 0], "texture": "#4"},
				"west": {"uv": [0, 0, 5, 0], "texture": "#4"},
				"up": {"uv": [16, 16, 0.5, 1], "texture": "#4"},
				"down": {"uv": [16, 16, 0.5, 1], "texture": "#4"}
			}
		},
		{
			"from": [4.5, 24.5, 4.5],
			"to": [11.5, 24.5, 11.5],
			"rotation": {"angle": -22.5, "axis": "y", "origin": [8, 24.5, 8]},
			"faces": {
				"north": {"uv": [0, 0, 5, 0], "texture": "#4"},
				"east": {"uv": [0, 0, 5, 0], "texture": "#4"},
				"south": {"uv": [0, 0, 5, 0], "texture": "#4"},
				"west": {"uv": [0, 0, 5, 0], "texture": "#4"},
				"up": {"uv": [16, 16, 0.5, 1], "texture": "#4"},
				"down": {"uv": [16, 16, 0.5, 1], "texture": "#4"}
			}
		},
		{
			"from": [4.6, 25, 4.6],
			"to": [11.4, 25, 11.4],
			"rotation": {"angle": -45, "axis": "y", "origin": [8, 25, 8]},
			"faces": {
				"north": {"uv": [0, 0, 5, 0], "texture": "#4"},
				"east": {"uv": [0, 0, 5, 0], "texture": "#4"},
				"south": {"uv": [0, 0, 5, 0], "texture": "#4"},
				"west": {"uv": [0, 0, 5, 0], "texture": "#4"},
				"up": {"uv": [16, 16, 0.5, 1], "texture": "#4"},
				"down": {"uv": [16, 16, 0.5, 1], "texture": "#4"}
			}
		},
		{
			"from": [4.7, 25.5, 4.7],
			"to": [11.3, 25.5, 11.3],
			"rotation": {"angle": 22.5, "axis": "y", "origin": [8, 25.5, 8]},
			"faces": {
				"north": {"uv": [0, 0, 5, 0], "texture": "#4"},
				"east": {"uv": [0, 0, 5, 0], "texture": "#4"},
				"south": {"uv": [0, 0, 5, 0], "texture": "#4"},
				"west": {"uv": [0, 0, 5, 0], "texture": "#4"},
				"up": {"uv": [16, 16, 0.5, 1], "rotation": 90, "texture": "#4"},
				"down": {"uv": [16, 16, 0.5, 1], "rotation": 270, "texture": "#4"}
			}
		},
		{
			"from": [5.15, 26.5, 5.15],
			"to": [10.85, 26.5, 10.85],
			"rotation": {"angle": 0, "axis": "y", "origin": [8, 26.5, 8]},
			"faces": {
				"north": {"uv": [0, 0, 5, 0], "texture": "#4"},
				"east": {"uv": [0, 0, 5, 0], "texture": "#4"},
				"south": {"uv": [0, 0, 5, 0], "texture": "#4"},
				"west": {"uv": [0, 0, 5, 0], "texture": "#4"},
				"up": {"uv": [16, 16, 0.5, 1], "rotation": 90, "texture": "#4"},
				"down": {"uv": [16, 16, 0.5, 1], "rotation": 270, "texture": "#4"}
			}
		},
		{
			"from": [5.4, 27, 5.4],
			"to": [10.6, 27, 10.6],
			"rotation": {"angle": -22.5, "axis": "y", "origin": [8, 27, 8]},
			"faces": {
				"north": {"uv": [0, 0, 5, 0], "texture": "#4"},
				"east": {"uv": [0, 0, 5, 0], "texture": "#4"},
				"south": {"uv": [0, 0, 5, 0], "texture": "#4"},
				"west": {"uv": [0, 0, 5, 0], "texture": "#4"},
				"up": {"uv": [16, 16, 0.5, 1], "rotation": 90, "texture": "#4"},
				"down": {"uv": [16, 16, 0.5, 1], "rotation": 270, "texture": "#4"}
			}
		},
		{
			"from": [4.9, 26, 4.9],
			"to": [11.1, 26, 11.1],
			"rotation": {"angle": 0, "axis": "y", "origin": [8, 26, 8]},
			"faces": {
				"north": {"uv": [0, 0, 5, 0], "texture": "#4"},
				"east": {"uv": [0, 0, 5, 0], "texture": "#4"},
				"south": {"uv": [0, 0, 5, 0], "texture": "#4"},
				"west": {"uv": [0, 0, 5, 0], "texture": "#4"},
				"up": {"uv": [16, 16, 0.5, 1], "rotation": 90, "texture": "#4"},
				"down": {"uv": [16, 16, 0.5, 1], "rotation": 270, "texture": "#4"}
			}
		},
		{
			"from": [5.65, 27.5, 5.65],
			"to": [10.35, 27.5, 10.35],
			"rotation": {"angle": -45, "axis": "y", "origin": [8, 27.5, 8]},
			"faces": {
				"north": {"uv": [0, 0, 5, 0], "texture": "#4"},
				"east": {"uv": [0, 0, 5, 0], "texture": "#4"},
				"south": {"uv": [0, 0, 5, 0], "texture": "#4"},
				"west": {"uv": [0, 0, 5, 0], "texture": "#4"},
				"up": {"uv": [16, 16, 0.5, 1], "rotation": 90, "texture": "#4"},
				"down": {"uv": [16, 16, 0.5, 1], "rotation": 270, "texture": "#4"}
			}
		},
		{
			"from": [5.95, 28, 5.95],
			"to": [10.05, 28, 10.05],
			"rotation": {"angle": 22.5, "axis": "y", "origin": [8, 28, 8]},
			"faces": {
				"north": {"uv": [0, 0, 5, 0], "texture": "#4"},
				"east": {"uv": [0, 0, 5, 0], "texture": "#4"},
				"south": {"uv": [0, 0, 5, 0], "texture": "#4"},
				"west": {"uv": [0, 0, 5, 0], "texture": "#4"},
				"up": {"uv": [16, 16, 0.5, 1], "rotation": 180, "texture": "#4"},
				"down": {"uv": [16, 16, 0.5, 1], "rotation": 180, "texture": "#4"}
			}
		},
		{
			"from": [6.4, 28.5, 6.4],
			"to": [9.6, 28.5, 9.6],
			"rotation": {"angle": 0, "axis": "y", "origin": [8, 28.5, 8]},
			"faces": {
				"north": {"uv": [0, 0, 5, 0], "texture": "#4"},
				"east": {"uv": [0, 0, 5, 0], "texture": "#4"},
				"south": {"uv": [0, 0, 5, 0], "texture": "#4"},
				"west": {"uv": [0, 0, 5, 0], "texture": "#4"},
				"up": {"uv": [16, 16, 0.5, 1], "rotation": 180, "texture": "#4"},
				"down": {"uv": [16, 16, 0.5, 1], "rotation": 180, "texture": "#4"}
			}
		},
		{
			"from": [6.5, 29, 6.5],
			"to": [9.5, 29, 9.5],
			"rotation": {"angle": 0, "axis": "y", "origin": [8, 29, 8]},
			"faces": {
				"north": {"uv": [0, 0, 5, 0], "texture": "#4"},
				"east": {"uv": [0, 0, 5, 0], "texture": "#4"},
				"south": {"uv": [0, 0, 5, 0], "texture": "#4"},
				"west": {"uv": [0, 0, 5, 0], "texture": "#4"},
				"up": {"uv": [16, 16, 0.5, 1], "rotation": 180, "texture": "#4"},
				"down": {"uv": [16, 16, 0.5, 1], "rotation": 180, "texture": "#4"}
			}
		},
		{
			"from": [6.6, 29.5, 6.6],
			"to": [9.4, 29.5, 9.4],
			"rotation": {"angle": -22.5, "axis": "y", "origin": [8, 29.5, 8]},
			"faces": {
				"north": {"uv": [0, 0, 5, 0], "texture": "#4"},
				"east": {"uv": [0, 0, 5, 0], "texture": "#4"},
				"south": {"uv": [0, 0, 5, 0], "texture": "#4"},
				"west": {"uv": [0, 0, 5, 0], "texture": "#4"},
				"up": {"uv": [16, 16, 0.5, 1], "rotation": 180, "texture": "#4"},
				"down": {"uv": [16, 16, 0.5, 1], "rotation": 180, "texture": "#4"}
			}
		},
		{
			"from": [6.7, 30, 6.7],
			"to": [9.3, 30, 9.3],
			"rotation": {"angle": 0, "axis": "y", "origin": [8, 30, 8]},
			"faces": {
				"north": {"uv": [0, 0, 5, 0], "texture": "#4"},
				"east": {"uv": [0, 0, 5, 0], "texture": "#4"},
				"south": {"uv": [0, 0, 5, 0], "texture": "#4"},
				"west": {"uv": [0, 0, 5, 0], "texture": "#4"},
				"up": {"uv": [16, 16, 0.5, 1], "rotation": 180, "texture": "#4"},
				"down": {"uv": [16, 16, 0.5, 1], "rotation": 180, "texture": "#4"}
			}
		},
		{
			"from": [6.8, 30.5, 6.8],
			"to": [9.2, 30.5, 9.2],
			"rotation": {"angle": 0, "axis": "y", "origin": [8, 30.5, 8]},
			"faces": {
				"north": {"uv": [0, 0, 5, 0], "texture": "#4"},
				"east": {"uv": [0, 0, 5, 0], "texture": "#4"},
				"south": {"uv": [0, 0, 5, 0], "texture": "#4"},
				"west": {"uv": [0, 0, 5, 0], "texture": "#4"},
				"up": {"uv": [16, 16, 0.5, 1], "rotation": 180, "texture": "#4"},
				"down": {"uv": [16, 16, 0.5, 1], "rotation": 180, "texture": "#4"}
			}
		},
		{
			"from": [7.3, 31, 7.3],
			"to": [8.7, 31, 8.7],
			"rotation": {"angle": -22.5, "axis": "y", "origin": [8, 31, 8]},
			"faces": {
				"north": {"uv": [0, 0, 5, 0], "texture": "#4"},
				"east": {"uv": [0, 0, 5, 0], "texture": "#4"},
				"south": {"uv": [0, 0, 5, 0], "texture": "#4"},
				"west": {"uv": [0, 0, 5, 0], "texture": "#4"},
				"up": {"uv": [16, 16, 0.5, 1], "rotation": 180, "texture": "#4"},
				"down": {"uv": [16, 16, 0.5, 1], "rotation": 180, "texture": "#4"}
			}
		},
		{
			"from": [-2, 21, 2.25],
			"to": [8, 21, 12.25],
			"rotation": {"angle": -45, "axis": "z", "origin": [8, 22, 8]},
			"faces": {
				"north": {"uv": [0, 0, 0, 5], "rotation": 90, "texture": "#5"},
				"east": {"uv": [0, 0, 0, 4], "rotation": 270, "texture": "#5"},
				"south": {"uv": [0, 0, 0, 5], "rotation": 270, "texture": "#5"},
				"west": {"uv": [0, 0, 0, 4], "rotation": 270, "texture": "#5"},
				"up": {"uv": [0, 0, 16, 16], "rotation": 270, "texture": "#5"},
				"down": {"uv": [16, 0, 0, 16], "rotation": 270, "texture": "#5"}
			}
		},
		{
			"from": [2.25, 21, 8],
			"to": [12.25, 21, 18],
			"rotation": {"angle": -45, "axis": "x", "origin": [8, 22, 8]},
			"faces": {
				"north": {"uv": [0, 0, 0, 4], "rotation": 270, "texture": "#5"},
				"east": {"uv": [0, 0, 0, 5], "rotation": 270, "texture": "#5"},
				"south": {"uv": [0, 0, 0, 4], "rotation": 270, "texture": "#5"},
				"west": {"uv": [0, 0, 0, 5], "rotation": 90, "texture": "#5"},
				"up": {"uv": [0, 0, 16, 16], "rotation": 180, "texture": "#5"},
				"down": {"uv": [16, 0, 0, 16], "texture": "#5"}
			}
		},
		{
			"from": [3.75, 21, -2],
			"to": [13.75, 21, 8],
			"rotation": {"angle": 45, "axis": "x", "origin": [8, 22, 8]},
			"faces": {
				"north": {"uv": [0, 0, 0, 4], "rotation": 270, "texture": "#5"},
				"east": {"uv": [0, 0, 0, 5], "rotation": 90, "texture": "#5"},
				"south": {"uv": [0, 0, 0, 4], "rotation": 270, "texture": "#5"},
				"west": {"uv": [0, 0, 0, 5], "rotation": 270, "texture": "#5"},
				"up": {"uv": [0, 0, 16, 16], "texture": "#5"},
				"down": {"uv": [16, 0, 0, 16], "rotation": 180, "texture": "#5"}
			}
		},
		{
			"from": [8, 21, 3.75],
			"to": [18, 21, 13.75],
			"rotation": {"angle": 45, "axis": "z", "origin": [8, 22, 8]},
			"faces": {
				"north": {"uv": [0, 0, 0, 5], "rotation": 270, "texture": "#5"},
				"east": {"uv": [0, 0, 0, 4], "rotation": 270, "texture": "#5"},
				"south": {"uv": [0, 0, 0, 5], "rotation": 90, "texture": "#5"},
				"west": {"uv": [0, 0, 0, 4], "rotation": 270, "texture": "#5"},
				"up": {"uv": [0, 0, 16, 16], "rotation": 90, "texture": "#5"},
				"down": {"uv": [16, 0, 0, 16], "rotation": 90, "texture": "#5"}
			}
		}
	],
	"display": {
		"thirdperson_righthand": {
			"translation": [0, -1.25, 1],
			"scale": [0.6, 1, 0.6]
		},
		"firstperson_righthand": {
			"rotation": [-20, 0, 0],
			"translation": [0, -4.75, 1.5],
			"scale": [0.6, 1.01, 0.6]
		},
		"ground": {
			"rotation": [-37, 0, 0],
			"translation": [0, 0, 5.75],
			"scale": [0.6, 1, 0.6]
		},
		"gui": {
			"rotation": [42, -28, 30],
			"translation": [3.5, -6, 0],
			"scale": [0.44, 0.75, 0.45]
		},
		"head": {
			"translation": [0, -14.75, 0],
			"scale": [1.45, 2.33, 1.45]
		},
		"fixed": {
			"translation": [0, -7.75, 0],
			"scale": [0.72, 0.72, 0.72]
		}
	},
	"groups": [
		0,
		{
			"name": "group",
			"origin": [8, 31, 8],
			"color": 0,
			"children": [1, 2, 3, 4, 5, 6, 7, 8, 9, 10, 11, 12, 13, 14, 15, 16, 17, 18, 19, 20, 21, 22, 23, 24, 25, 26, 27, 28, 29]
		},
		{
			"name": "group",
			"origin": [8, 8, 8],
			"color": 0,
			"children": [30]
		},
		31,
		32,
		33
	]
}