{"textures":{"0":"modelengine:entity/gold","1":"modelengine:entity/bee_gold"},"elements":[{"from":[5.168,8.0,4.199],"to":[10.832,13.664,4.199],"faces":{"east":{"uv":[4.0,0.0,0.0,3.0],"tintindex":0,"rotation":0,"texture":"#1"},"south":{"uv":[3.0,6.0,0.0,9.0],"tintindex":0,"rotation":0,"texture":"#1"},"north":{"uv":[16.0,10.0,10.0,16.0],"tintindex":0,"rotation":0,"texture":"#1"},"west":{"uv":[4.0,3.0,0.0,6.0],"tintindex":0,"rotation":0,"texture":"#1"},"up":{"uv":[7.0,0.0,4.0,4.0],"tintindex":0,"rotation":0,"texture":"#1"},"down":{"uv":[7.0,8.0,4.0,4.0],"tintindex":0,"rotation":0,"texture":"#1"}}},{"from":[5.168,8.0,4.224],"to":[10.832,13.664,11.776],"faces":{"east":{"uv":[14.375,3.0,0.875,14.0],"tintindex":0,"rotation":0,"texture":"#0"},"south":{"uv":[14.0,2.5,2.0,13.5],"tintindex":0,"rotation":0,"texture":"#0"},"north":{"uv":[13.25,2.625,1.25,13.625],"tintindex":0,"rotation":0,"texture":"#0"},"west":{"uv":[14.75,2.625,0.875,13.625],"tintindex":0,"rotation":0,"texture":"#0"},"up":{"uv":[12.25,1.25,1.8125,14.8125],"tintindex":0,"rotation":0,"texture":"#0"},"down":{"uv":[14.0,1.75,2.0,14.125],"tintindex":0,"rotation":0,"texture":"#0"}}}],"display":{"gui":{"rotation":[30,225,0]}}}