{"textures":{"0":"modelengine:entity/pudgelin"},"elements":[{"from":[1.9999995,5.714286,4.8571424],"to":[14.0,11.428572,11.142858],"rotation":{"angle":-22.5,"axis":"x","origin":[8.0,8.782281,8.029233]},"faces":{"east":{"uv":[8.75,5.75,10.5,8.0],"rotation":270,"texture":"#0","tintindex":0},"south":{"uv":[4.75,8.75,9.75,10.75],"rotation":0,"texture":"#0","tintindex":0},"north":{"uv":[4.75,8.75,9.75,10.5],"rotation":180,"texture":"#0","tintindex":0},"west":{"uv":[6.25,5.75,8.0,8.0],"rotation":90,"texture":"#0","tintindex":0},"up":{"uv":[4.5,10.25,9.75,11.75],"rotation":180,"texture":"#0","tintindex":0},"down":{"uv":[6.0,11.25,10.5,11.75],"rotation":0,"texture":"#0","tintindex":0}}}],"display":{"head":{"translation":[0.0,-6.4,0.0],"scale":[4.0,4.0,4.0]}}}