{"textures":{"1":"modelengine:entity/crown"},"elements":[{"from":[7.0,11.0,8.0],"to":[9.0,13.0,8.0],"faces":{"south":{"uv":[10.0,9.5,15.5,15.0],"tintindex":0,"rotation":0,"texture":"#1"},"north":{"uv":[15.5,9.5,10.0,15.0],"tintindex":0,"rotation":0,"texture":"#1"}}},{"from":[7.85,6.9,7.95],"to":[8.1,11.9,8.05],"faces":{"east":{"uv":[8.0,8.5,7.5,9.0],"tintindex":0,"rotation":0,"texture":"#1"},"south":{"uv":[8.0,8.5,7.5,9.0],"tintindex":0,"rotation":0,"texture":"#1"},"north":{"uv":[8.0,8.5,7.5,9.0],"tintindex":0,"rotation":0,"texture":"#1"},"west":{"uv":[8.0,8.5,7.5,9.0],"tintindex":0,"rotation":0,"texture":"#1"}}}],"display":{"gui":{"rotation":[30,225,0]}}}