{"textures":{"0":"modelengine:entity/beesim_ladybug"},"elements":[{"from":[4.83359,7.50005,7.5],"to":[6.83359,7.50005,8.5],"faces":{"up":{"uv":[7.0,3.0,6.0,3.5],"tintindex":0,"rotation":0,"texture":"#0"},"down":{"uv":[7.0,3.5,6.0,4.0],"tintindex":0,"rotation":0,"texture":"#0"}},"rotation":{"origin":[5.83359,7.50005,8.0],"angle":22.5,"axis":"z"}},{"from":[3.90933,7.11729,7.5],"to":[4.90933,7.11729,8.5],"faces":{"up":{"uv":[7.5,6.5,7.0,7.0],"tintindex":0,"rotation":0,"texture":"#0"},"down":{"uv":[3.5,11.0,3.0,11.5],"tintindex":0,"rotation":0,"texture":"#0"}}},{"from":[6.75709,7.88266,7.5],"to":[8.75709,7.88266,8.5],"faces":{"up":{"uv":[10.5,2.5,9.5,3.0],"tintindex":0,"rotation":0,"texture":"#0"},"down":{"uv":[11.5,2.5,10.5,3.0],"tintindex":0,"rotation":0,"texture":"#0"}}}],"display":{"gui":{"rotation":[30,225,0]}}}