{
	"credit": "Made with Blockbench",
	"texture_size": [64, 64],
	"textures": {
		"0": "item/pets/zoo/crab"
	},
	"elements": [
		{
			"name": "leg_0",
			"from": [0.5, 3, 4],
			"to": [2.5, 3, 6],
			"rotation": {"angle": 0, "axis": "y", "origin": [2.5, 3, 5]},
			"faces": {
				"north": {"uv": [1, 0.5, 1.5, 0.5], "texture": "#0"},
				"east": {"uv": [0.5, 0.5, 1, 0.5], "texture": "#0"},
				"south": {"uv": [2, 0.5, 2.5, 0.5], "texture": "#0"},
				"west": {"uv": [1.5, 0.5, 2, 0.5], "texture": "#0"},
				"up": {"uv": [1.5, 0.5, 1, 0], "texture": "#0"},
				"down": {"uv": [1.5, 0, 1, 0.5], "texture": "#0"}
			}
		},
		{
			"name": "leg_0_bottom",
			"from": [-4.5, 3, 4],
			"to": [0.5, 3, 6],
			"rotation": {"angle": 45, "axis": "z", "origin": [0.5, 3, 5]},
			"faces": {
				"north": {"uv": [0, 2.5, 1.25, 2.5], "texture": "#0"},
				"east": {"uv": [-0.5, 2.5, 0, 2.5], "texture": "#0"},
				"south": {"uv": [1.75, 2.5, 3, 2.5], "texture": "#0"},
				"west": {"uv": [1.25, 2.5, 1.75, 2.5], "texture": "#0"},
				"up": {"uv": [1.5, 2.5, 2.75, 2], "texture": "#0"},
				"down": {"uv": [1.25, 2, 2.5, 2.5], "texture": "#0"}
			}
		},
		{
			"name": "leg_0",
			"from": [0.5, 3, 7],
			"to": [2.5, 3, 9],
			"rotation": {"angle": 0, "axis": "y", "origin": [2.5, 3, 8]},
			"faces": {
				"north": {"uv": [1, 0.5, 1.5, 0.5], "texture": "#0"},
				"east": {"uv": [0.5, 0.5, 1, 0.5], "texture": "#0"},
				"south": {"uv": [2, 0.5, 2.5, 0.5], "texture": "#0"},
				"west": {"uv": [1.5, 0.5, 2, 0.5], "texture": "#0"},
				"up": {"uv": [1.5, 0.5, 1, 0], "texture": "#0"},
				"down": {"uv": [1.5, 0, 1, 0.5], "texture": "#0"}
			}
		},
		{
			"name": "leg_0_bottom",
			"from": [-4.5, 3, 7],
			"to": [0.5, 3, 9],
			"rotation": {"angle": 45, "axis": "z", "origin": [0.5, 3, 8]},
			"faces": {
				"north": {"uv": [0, 2.5, 1.25, 2.5], "texture": "#0"},
				"east": {"uv": [-0.5, 2.5, 0, 2.5], "texture": "#0"},
				"south": {"uv": [1.75, 2.5, 3, 2.5], "texture": "#0"},
				"west": {"uv": [1.25, 2.5, 1.75, 2.5], "texture": "#0"},
				"up": {"uv": [1.5, 2.5, 2.75, 2], "texture": "#0"},
				"down": {"uv": [1.25, 2, 2.5, 2.5], "texture": "#0"}
			}
		},
		{
			"name": "body",
			"from": [2.5, 2, 3],
			"to": [13.5, 8, 13],
			"rotation": {"angle": 0, "axis": "y", "origin": [8, 5, 8]},
			"faces": {
				"north": {"uv": [2.5, 2.5, 5.25, 4], "texture": "#0"},
				"east": {"uv": [0, 2.5, 2.5, 4], "texture": "#0"},
				"south": {"uv": [7.75, 2.5, 10.5, 4], "texture": "#0"},
				"west": {"uv": [5.25, 2.5, 7.75, 4], "texture": "#0"},
				"up": {"uv": [5.25, 2.5, 2.5, 0], "texture": "#0"},
				"down": {"uv": [8, 0, 5.25, 2.5], "texture": "#0"}
			}
		},
		{
			"name": "eye_left",
			"from": [4, 7, 2.9],
			"to": [6, 10, 2.9],
			"rotation": {"angle": 0, "axis": "y", "origin": [6, 7, 3]},
			"faces": {
				"north": {"uv": [0, 0, 0.5, 0.75], "texture": "#0"},
				"east": {"uv": [0, 0, 0, 0.75], "texture": "#0"},
				"south": {"uv": [0.5, 0, 1, 0.75], "texture": "#0"},
				"west": {"uv": [0.5, 0, 0.5, 0.75], "texture": "#0"},
				"up": {"uv": [0.5, 0, 0, 0], "texture": "#0"},
				"down": {"uv": [1, 0, 0.5, 0], "texture": "#0"}
			}
		},
		{
			"name": "eye_right",
			"from": [10, 7, 2.9],
			"to": [12, 10, 2.9],
			"rotation": {"angle": 0, "axis": "y", "origin": [10, 7, 3]},
			"faces": {
				"north": {"uv": [0.5, 0, 0, 0.75], "texture": "#0"},
				"east": {"uv": [0.5, 0, 0.5, 0.75], "texture": "#0"},
				"south": {"uv": [1, 0, 0.5, 0.75], "texture": "#0"},
				"west": {"uv": [0, 0, 0, 0.75], "texture": "#0"},
				"up": {"uv": [0, 0, 0.5, 0], "texture": "#0"},
				"down": {"uv": [0.5, 0, 1, 0], "texture": "#0"}
			}
		},
		{
			"name": "mouth_left_0",
			"from": [6.5, 8, 2.5],
			"to": [7.5, 8, 4.5],
			"rotation": {"angle": 0, "axis": "y", "origin": [7, 8, 4.5]},
			"faces": {
				"north": {"uv": [0, 1.25, 0.25, 1.25], "texture": "#0"},
				"east": {"uv": [-0.5, 1.25, 0, 1.25], "texture": "#0"},
				"south": {"uv": [0.75, 1.25, 1, 1.25], "texture": "#0"},
				"west": {"uv": [0.25, 1.25, 0.75, 1.25], "texture": "#0"},
				"up": {"uv": [0.25, 1.25, 0, 0.75], "texture": "#0"},
				"down": {"uv": [0.5, 0.75, 0.25, 1.25], "texture": "#0"}
			}
		},
		{
			"name": "mouth_left_1",
			"from": [6.5, 5, 2.5],
			"to": [7.5, 8, 2.5],
			"rotation": {"angle": 0, "axis": "x", "origin": [7, 8, 2.5]},
			"faces": {
				"north": {"uv": [0, 1.25, 0.25, 2], "texture": "#0"},
				"east": {"uv": [0, 1.25, 0, 2], "texture": "#0"},
				"south": {"uv": [0.25, 1.25, 0.5, 2], "texture": "#0"},
				"west": {"uv": [0.25, 1.25, 0.25, 2], "texture": "#0"},
				"up": {"uv": [0.25, 1.25, 0, 1.25], "texture": "#0"},
				"down": {"uv": [0.5, 1.25, 0.25, 1.25], "texture": "#0"}
			}
		},
		{
			"name": "mouth_right_0",
			"from": [8.5, 8, 2.5],
			"to": [9.5, 8, 4.5],
			"rotation": {"angle": 0, "axis": "y", "origin": [9, 8, 4.5]},
			"faces": {
				"north": {"uv": [0.25, 1.25, 0, 1.25], "texture": "#0"},
				"east": {"uv": [0.75, 1.25, 0.25, 1.25], "texture": "#0"},
				"south": {"uv": [1, 1.25, 0.75, 1.25], "texture": "#0"},
				"west": {"uv": [0, 1.25, -0.5, 1.25], "texture": "#0"},
				"up": {"uv": [0, 1.25, 0.25, 0.75], "texture": "#0"},
				"down": {"uv": [0.25, 0.75, 0.5, 1.25], "texture": "#0"}
			}
		},
		{
			"name": "mouth_right_1",
			"from": [8.5, 5, 2.5],
			"to": [9.5, 8, 2.5],
			"rotation": {"angle": 0, "axis": "x", "origin": [9, 8, 2.5]},
			"faces": {
				"north": {"uv": [0.25, 1.25, 0, 2], "texture": "#0"},
				"east": {"uv": [0.25, 1.25, 0.25, 2], "texture": "#0"},
				"south": {"uv": [0.5, 1.25, 0.25, 2], "texture": "#0"},
				"west": {"uv": [0, 1.25, 0, 2], "texture": "#0"},
				"up": {"uv": [0, 1.25, 0.25, 1.25], "texture": "#0"},
				"down": {"uv": [0.25, 1.25, 0.5, 1.25], "texture": "#0"}
			}
		},
		{
			"name": "small_claw_bottom",
			"from": [11.5, 2, 1],
			"to": [16.5, 4, 4],
			"rotation": {"angle": -22.5, "axis": "y", "origin": [15.5, 5, 0.5]},
			"faces": {
				"north": {"uv": [0.75, 6.25, 2, 6.75], "texture": "#0"},
				"east": {"uv": [0, 6.25, 0.75, 6.75], "texture": "#0"},
				"south": {"uv": [2.75, 6.25, 4, 6.75], "texture": "#0"},
				"west": {"uv": [2, 6.25, 2.75, 6.75], "texture": "#0"},
				"up": {"uv": [2, 6.25, 0.75, 5.5], "texture": "#0"},
				"down": {"uv": [3.25, 5.5, 2, 6.25], "texture": "#0"}
			}
		},
		{
			"name": "small_claw_top",
			"from": [11.5, 3, 1],
			"to": [16.5, 6, 4],
			"rotation": {"angle": -22.5, "axis": "y", "origin": [15.5, 5, 0.5]},
			"faces": {
				"north": {"uv": [0.75, 4.75, 2, 5.5], "texture": "#0"},
				"east": {"uv": [0, 4.75, 0.75, 5.5], "texture": "#0"},
				"south": {"uv": [2.75, 4.75, 4, 5.5], "texture": "#0"},
				"west": {"uv": [2, 4.75, 2.75, 5.5], "texture": "#0"},
				"up": {"uv": [2, 4.75, 0.75, 4], "texture": "#0"},
				"down": {"uv": [3.25, 4, 2, 4.75], "texture": "#0"}
			}
		},
		{
			"name": "big_claw_bottom",
			"from": [-4.5, 1, -1],
			"to": [3.5, 3, 4],
			"rotation": {"angle": 45, "axis": "y", "origin": [0.5, 4, -0.5]},
			"faces": {
				"north": {"uv": [1.25, 10.75, 3.25, 11.25], "texture": "#0"},
				"east": {"uv": [0, 10.75, 1.25, 11.25], "texture": "#0"},
				"south": {"uv": [4.5, 10.75, 6.5, 11.25], "texture": "#0"},
				"west": {"uv": [3.25, 10.75, 4.5, 11.25], "texture": "#0"},
				"up": {"uv": [3.25, 10.75, 1.25, 9.5], "texture": "#0"},
				"down": {"uv": [5.25, 9.5, 3.25, 10.75], "texture": "#0"}
			}
		},
		{
			"name": "big_claw_top",
			"from": [-4.5, 3, -1],
			"to": [3.5, 7, 4],
			"rotation": {"angle": 45, "axis": "y", "origin": [0.5, 4, -0.5]},
			"faces": {
				"north": {"uv": [1.25, 8, 3.25, 8.75], "texture": "#0"},
				"east": {"uv": [0, 8, 1.5, 9], "texture": "#0"},
				"south": {"uv": [4.5, 8, 6.5, 8.75], "texture": "#0"},
				"west": {"uv": [3.25, 8, 4.5, 9.5], "texture": "#0"},
				"up": {"uv": [3.25, 8, 1.25, 6.75], "texture": "#0"},
				"down": {"uv": [5.25, 6.75, 3.25, 8], "texture": "#0"}
			}
		},
		{
			"name": "leg_0",
			"from": [0.5, 3, 10],
			"to": [2.5, 3, 12],
			"rotation": {"angle": 0, "axis": "y", "origin": [2.5, 3, 11]},
			"faces": {
				"north": {"uv": [1, 0.5, 1.5, 0.5], "texture": "#0"},
				"east": {"uv": [0.5, 0.5, 1, 0.5], "texture": "#0"},
				"south": {"uv": [2, 0.5, 2.5, 0.5], "texture": "#0"},
				"west": {"uv": [1.5, 0.5, 2, 0.5], "texture": "#0"},
				"up": {"uv": [1.5, 0.5, 1, 0], "texture": "#0"},
				"down": {"uv": [1.5, 0, 1, 0.5], "texture": "#0"}
			}
		},
		{
			"name": "leg_0_bottom",
			"from": [-4.5, 3, 10],
			"to": [0.5, 3, 12],
			"rotation": {"angle": 45, "axis": "z", "origin": [0.5, 3, 11]},
			"faces": {
				"north": {"uv": [0, 2.5, 1.25, 2.5], "texture": "#0"},
				"east": {"uv": [-0.5, 2.5, 0, 2.5], "texture": "#0"},
				"south": {"uv": [1.75, 2.5, 3, 2.5], "texture": "#0"},
				"west": {"uv": [1.25, 2.5, 1.75, 2.5], "texture": "#0"},
				"up": {"uv": [1.5, 2.5, 2.75, 2], "texture": "#0"},
				"down": {"uv": [1.25, 2, 2.5, 2.5], "texture": "#0"}
			}
		},
		{
			"name": "leg_0",
			"from": [13.5, 3, 10],
			"to": [15.5, 3, 12],
			"rotation": {"angle": 0, "axis": "y", "origin": [14.5, 3, 11]},
			"faces": {
				"north": {"uv": [1, 0.5, 1.5, 0.5], "texture": "#0"},
				"east": {"uv": [0.5, 0.5, 1, 0.5], "texture": "#0"},
				"south": {"uv": [2, 0.5, 2.5, 0.5], "texture": "#0"},
				"west": {"uv": [1.5, 0.5, 2, 0.5], "texture": "#0"},
				"up": {"uv": [1.5, 0.5, 1, 0], "texture": "#0"},
				"down": {"uv": [1.5, 0, 1, 0.5], "texture": "#0"}
			}
		},
		{
			"name": "leg_0_bottom",
			"from": [14.5, 5, 10],
			"to": [19.5, 5, 12],
			"rotation": {"angle": -45, "axis": "z", "origin": [12.5, 3, 11]},
			"faces": {
				"north": {"uv": [1.75, 2.5, 3, 2.5], "texture": "#0"},
				"east": {"uv": [1.25, 2.5, 1.75, 2.5], "texture": "#0"},
				"south": {"uv": [0, 2.5, 1.25, 2.5], "texture": "#0"},
				"west": {"uv": [-0.5, 2.5, 0, 2.5], "texture": "#0"},
				"up": {"uv": [1.5, 2.5, 2.75, 2], "rotation": 180, "texture": "#0"},
				"down": {"uv": [1.25, 2, 2.5, 2.5], "rotation": 180, "texture": "#0"}
			}
		},
		{
			"name": "leg_0",
			"from": [13.5, 3, 7],
			"to": [15.5, 3, 9],
			"rotation": {"angle": 0, "axis": "y", "origin": [14.5, 3, 8]},
			"faces": {
				"north": {"uv": [1, 0.5, 1.5, 0.5], "texture": "#0"},
				"east": {"uv": [0.5, 0.5, 1, 0.5], "texture": "#0"},
				"south": {"uv": [2, 0.5, 2.5, 0.5], "texture": "#0"},
				"west": {"uv": [1.5, 0.5, 2, 0.5], "texture": "#0"},
				"up": {"uv": [1.5, 0.5, 1, 0], "texture": "#0"},
				"down": {"uv": [1.5, 0, 1, 0.5], "texture": "#0"}
			}
		},
		{
			"name": "leg_0_bottom",
			"from": [14.5, 5, 7],
			"to": [19.5, 5, 9],
			"rotation": {"angle": -45, "axis": "z", "origin": [12.5, 3, 8]},
			"faces": {
				"north": {"uv": [1.75, 2.5, 3, 2.5], "texture": "#0"},
				"east": {"uv": [1.25, 2.5, 1.75, 2.5], "texture": "#0"},
				"south": {"uv": [0, 2.5, 1.25, 2.5], "texture": "#0"},
				"west": {"uv": [-0.5, 2.5, 0, 2.5], "texture": "#0"},
				"up": {"uv": [1.5, 2.5, 2.75, 2], "rotation": 180, "texture": "#0"},
				"down": {"uv": [1.25, 2, 2.5, 2.5], "rotation": 180, "texture": "#0"}
			}
		},
		{
			"name": "leg_0",
			"from": [13.5, 3, 4],
			"to": [15.5, 3, 6],
			"rotation": {"angle": 0, "axis": "y", "origin": [14.5, 3, 5]},
			"faces": {
				"north": {"uv": [1, 0.5, 1.5, 0.5], "texture": "#0"},
				"east": {"uv": [0.5, 0.5, 1, 0.5], "texture": "#0"},
				"south": {"uv": [2, 0.5, 2.5, 0.5], "texture": "#0"},
				"west": {"uv": [1.5, 0.5, 2, 0.5], "texture": "#0"},
				"up": {"uv": [1.5, 0.5, 1, 0], "texture": "#0"},
				"down": {"uv": [1.5, 0, 1, 0.5], "texture": "#0"}
			}
		},
		{
			"name": "leg_0_bottom",
			"from": [14.5, 5, 4],
			"to": [19.5, 5, 6],
			"rotation": {"angle": -45, "axis": "z", "origin": [12.5, 3, 5]},
			"faces": {
				"north": {"uv": [1.75, 2.5, 3, 2.5], "texture": "#0"},
				"east": {"uv": [1.25, 2.5, 1.75, 2.5], "texture": "#0"},
				"south": {"uv": [0, 2.5, 1.25, 2.5], "texture": "#0"},
				"west": {"uv": [-0.5, 2.5, 0, 2.5], "texture": "#0"},
				"up": {"uv": [1.5, 2.5, 2.75, 2], "rotation": 180, "texture": "#0"},
				"down": {"uv": [1.25, 2, 2.5, 2.5], "rotation": 180, "texture": "#0"}
			}
		}
	],
	"display": {
		"thirdperson_righthand": {
			"rotation": [53, 0, 0],
			"translation": [0, 2.5, 1.75],
			"scale": [0.75, 0.75, 0.75]
		},
		"firstperson_righthand": {
			"translation": [1.5, 2.5, 0],
			"scale": [0.9, 0.9, 0.9]
		},
		"ground": {
			"translation": [0, -0.5, 0],
			"scale": [0.6, 0.6, 0.6]
		},
		"gui": {
			"rotation": [30, -150, 0],
			"translation": [0.25, 3.75, 0],
			"scale": [1.3, 1.3, 1.3]
		},
		"head": {
			"translation": [0, 7.25, 0],
			"scale": [2, 2, 2]
		}
	},
	"groups": [
		{
			"name": "body",
			"origin": [8, 0, 8],
			"color": 0,
			"children": [
				{
					"name": "leg_0",
					"origin": [2.5, 3, 5],
					"color": 0,
					"children": [
						0,
						{
							"name": "leg_0_bottom",
							"origin": [0.5, 3, 5],
							"color": 0,
							"children": [1]
						}
					]
				},
				{
					"name": "leg_0",
					"origin": [2.5, 3, 5],
					"color": 0,
					"children": [
						2,
						{
							"name": "leg_0_bottom",
							"origin": [0.5, 3, 5],
							"color": 0,
							"children": [3]
						}
					]
				},
				4,
				{
					"name": "eye_left",
					"origin": [6, 7, 3],
					"color": 0,
					"children": [5]
				},
				{
					"name": "eye_right",
					"origin": [10, 7, 3],
					"color": 0,
					"children": [6]
				},
				{
					"name": "mouth_left",
					"origin": [7, 8, 4.5],
					"color": 0,
					"children": [7, 8]
				},
				{
					"name": "mouth_right",
					"origin": [9, 8, 4.5],
					"color": 0,
					"children": [9, 10]
				},
				{
					"name": "small_claw",
					"origin": [13.5, 5, 2],
					"color": 0,
					"children": [
						{
							"name": "small_claw_bottom",
							"origin": [15.5, 5, 0.5],
							"color": 0,
							"children": [11]
						},
						{
							"name": "small_claw_top",
							"origin": [15.5, 5, 0.5],
							"color": 0,
							"children": [12]
						}
					]
				},
				{
					"name": "big_claw",
					"origin": [2.5, 5, 2],
					"color": 0,
					"children": [
						{
							"name": "big_claw_bottom",
							"origin": [0.5, 4, -0.5],
							"color": 0,
							"children": [13]
						},
						{
							"name": "big_claw_top",
							"origin": [0.5, 4, -0.5],
							"color": 0,
							"children": [14]
						}
					]
				}
			]
		},
		{
			"name": "leg_0",
			"origin": [2.5, 3, 5],
			"color": 0,
			"children": [
				15,
				{
					"name": "leg_0_bottom",
					"origin": [0.5, 3, 5],
					"color": 0,
					"children": [16]
				}
			]
		},
		{
			"name": "leg_0",
			"origin": [2.5, 3, 5],
			"color": 0,
			"children": [
				17,
				{
					"name": "leg_0_bottom",
					"origin": [0.5, 3, 5],
					"color": 0,
					"children": [18]
				},
				{
					"name": "leg_0",
					"origin": [2.5, 3, 5],
					"color": 0,
					"children": [
						19,
						{
							"name": "leg_0_bottom",
							"origin": [0.5, 3, 5],
							"color": 0,
							"children": [20]
						}
					]
				},
				{
					"name": "leg_0",
					"origin": [2.5, 3, 5],
					"color": 0,
					"children": [
						21,
						{
							"name": "leg_0_bottom",
							"origin": [0.5, 3, 5],
							"color": 0,
							"children": [22]
						}
					]
				}
			]
		}
	]
}