{
	"credit": "Made with Blockbench",
	"texture_size": [64, 64],
	"textures": {
		"0": "item/pets/zoo/pumpkin_witch"
	},
	"elements": [
		{
			"name": "head",
			"from": [5.5, 6, 5.5],
			"to": [10.5, 11, 10.5],
			"rotation": {"angle": 0, "axis": "y", "origin": [8, 0, 8]},
			"faces": {
				"north": {"uv": [1.25, 3.25, 2.5, 4.5], "texture": "#0"},
				"east": {"uv": [0, 3.25, 1.25, 4.5], "texture": "#0"},
				"south": {"uv": [3.75, 3.25, 5, 4.5], "texture": "#0"},
				"west": {"uv": [2.5, 3.25, 3.75, 4.5], "texture": "#0"},
				"up": {"uv": [2.5, 3.25, 1.25, 2], "texture": "#0"},
				"down": {"uv": [3.75, 2, 2.5, 3.25], "texture": "#0"}
			}
		},
		{
			"name": "hat",
			"from": [6, 12, 6.5],
			"to": [10, 15, 9.5],
			"rotation": {"angle": 0, "axis": "y", "origin": [8, 0, 8]},
			"faces": {
				"north": {"uv": [0.75, 5.25, 1.75, 6], "texture": "#0"},
				"east": {"uv": [0, 5.25, 0.75, 6], "texture": "#0"},
				"south": {"uv": [2.5, 5.25, 3.5, 6], "texture": "#0"},
				"west": {"uv": [1.75, 5.25, 2.5, 6], "texture": "#0"},
				"up": {"uv": [1.75, 5.25, 0.75, 4.5], "texture": "#0"},
				"down": {"uv": [2.75, 4.5, 1.75, 5.25], "texture": "#0"}
			}
		},
		{
			"name": "hat",
			"from": [7, 15, 7.5],
			"to": [9, 16, 8.5],
			"rotation": {"angle": 0, "axis": "y", "origin": [8, 0, 8]},
			"faces": {
				"north": {"uv": [5.5, 1.25, 6, 1.5], "texture": "#0"},
				"east": {"uv": [5.25, 1.25, 5.5, 1.5], "texture": "#0"},
				"south": {"uv": [6.25, 1.25, 6.75, 1.5], "texture": "#0"},
				"west": {"uv": [6, 1.25, 6.25, 1.5], "texture": "#0"},
				"up": {"uv": [6, 1.25, 5.5, 1], "texture": "#0"},
				"down": {"uv": [6.5, 1, 6, 1.25], "texture": "#0"}
			}
		},
		{
			"name": "hat",
			"from": [7.5, 16.04457, 7.5],
			"to": [8.5, 17.04457, 8.5],
			"rotation": {"angle": 0, "axis": "y", "origin": [8, 0, 8]},
			"faces": {
				"north": {"uv": [5.5, 1.25, 5.75, 1.5], "texture": "#0"},
				"east": {"uv": [5.25, 1.25, 5.5, 1.5], "texture": "#0"},
				"south": {"uv": [6, 1.25, 6.25, 1.5], "texture": "#0"},
				"west": {"uv": [5.75, 1.25, 6, 1.5], "texture": "#0"},
				"up": {"uv": [5.75, 1.25, 5.5, 1], "texture": "#0"},
				"down": {"uv": [6, 1, 5.75, 1.25], "texture": "#0"}
			}
		},
		{
			"name": "hat",
			"from": [5.5, 12, 5.5],
			"to": [10.5, 13, 10.5],
			"rotation": {"angle": 0, "axis": "y", "origin": [8, 0, 8]},
			"faces": {
				"north": {"uv": [5, 4.5, 6.25, 4.75], "texture": "#0"},
				"east": {"uv": [3.75, 4.5, 5, 4.75], "texture": "#0"},
				"south": {"uv": [7.5, 4.5, 8.75, 4.75], "texture": "#0"},
				"west": {"uv": [6.25, 4.5, 7.5, 4.75], "texture": "#0"},
				"up": {"uv": [6.25, 4.5, 5, 3.25], "texture": "#0"},
				"down": {"uv": [7.5, 3.25, 6.25, 4.5], "texture": "#0"}
			}
		},
		{
			"name": "hat",
			"from": [4.5, 11, 4.5],
			"to": [11.5, 12, 11.5],
			"rotation": {"angle": 0, "axis": "y", "origin": [8, 0, 8]},
			"faces": {
				"north": {"uv": [1.75, 1.75, 3.5, 2], "texture": "#0"},
				"east": {"uv": [0, 1.75, 1.75, 2], "texture": "#0"},
				"south": {"uv": [5.25, 1.75, 7, 2], "texture": "#0"},
				"west": {"uv": [3.5, 1.75, 5.25, 2], "texture": "#0"},
				"up": {"uv": [3.5, 1.75, 1.75, 0], "texture": "#0"},
				"down": {"uv": [5.25, 0, 3.5, 1.75], "texture": "#0"}
			}
		},
		{
			"name": "body",
			"from": [6.5, 1, 7],
			"to": [9.5, 6, 9],
			"rotation": {"angle": 0, "axis": "y", "origin": [8, 0, 8]},
			"faces": {
				"north": {"uv": [4, 5.25, 4.75, 6.5], "texture": "#0"},
				"east": {"uv": [3.5, 5.25, 4, 6.5], "texture": "#0"},
				"south": {"uv": [5.25, 5.25, 6, 6.5], "texture": "#0"},
				"west": {"uv": [4.75, 5.25, 5.25, 6.5], "texture": "#0"},
				"up": {"uv": [4.75, 5.25, 4, 4.75], "texture": "#0"},
				"down": {"uv": [5.5, 4.75, 4.75, 5.25], "texture": "#0"}
			}
		},
		{
			"name": "body",
			"from": [6, 5, 9],
			"to": [10, 6, 10],
			"rotation": {"angle": 0, "axis": "y", "origin": [8, 0, 8]},
			"faces": {
				"north": {"uv": [0.25, 6.25, 1.25, 6.5], "texture": "#0"},
				"east": {"uv": [0, 6.25, 0.25, 6.5], "texture": "#0"},
				"south": {"uv": [1.5, 6.25, 2.5, 6.5], "texture": "#0"},
				"west": {"uv": [1.25, 6.25, 1.5, 6.5], "texture": "#0"},
				"up": {"uv": [1.25, 6.25, 0.25, 6], "texture": "#0"},
				"down": {"uv": [2.25, 6, 1.25, 6.25], "texture": "#0"}
			}
		},
		{
			"name": "right_arm",
			"from": [9.5, 2, 7.5],
			"to": [10.5, 6, 8.5],
			"rotation": {"angle": 0, "axis": "y", "origin": [8, 0, 8]},
			"faces": {
				"north": {"uv": [0.25, 0.25, 0.5, 1.25], "texture": "#0"},
				"east": {"uv": [0, 0.25, 0.25, 1.25], "texture": "#0"},
				"south": {"uv": [0.75, 0.25, 1, 1.25], "texture": "#0"},
				"west": {"uv": [0.5, 0.25, 0.75, 1.25], "texture": "#0"},
				"up": {"uv": [0.5, 0.25, 0.25, 0], "texture": "#0"},
				"down": {"uv": [0.75, 0, 0.5, 0.25], "texture": "#0"}
			}
		},
		{
			"name": "right_arm",
			"from": [9.5, 4, 7],
			"to": [11.5, 6, 9],
			"rotation": {"angle": 0, "axis": "y", "origin": [8, 0, 8]},
			"faces": {
				"north": {"uv": [5.75, 0.5, 6.25, 1], "texture": "#0"},
				"east": {"uv": [5.25, 0.5, 5.75, 1], "texture": "#0"},
				"south": {"uv": [6.75, 0.5, 7.25, 1], "texture": "#0"},
				"west": {"uv": [6.25, 0.5, 6.75, 1], "texture": "#0"},
				"up": {"uv": [6.25, 0.5, 5.75, 0], "texture": "#0"},
				"down": {"uv": [6.75, 0, 6.25, 0.5], "texture": "#0"}
			}
		},
		{
			"name": "left_arm",
			"from": [5.5, 2, 7.5],
			"to": [6.5, 6, 8.5],
			"rotation": {"angle": 0, "axis": "y", "origin": [8, 0, 8]},
			"faces": {
				"north": {"uv": [0.25, 2.25, 0.5, 3.25], "texture": "#0"},
				"east": {"uv": [0, 2.25, 0.25, 3.25], "texture": "#0"},
				"south": {"uv": [0.75, 2.25, 1, 3.25], "texture": "#0"},
				"west": {"uv": [0.5, 2.25, 0.75, 3.25], "texture": "#0"},
				"up": {"uv": [0.5, 2.25, 0.25, 2], "texture": "#0"},
				"down": {"uv": [0.75, 2, 0.5, 2.25], "texture": "#0"}
			}
		},
		{
			"name": "left_arm",
			"from": [4.5, 4, 7],
			"to": [6.5, 6, 9],
			"rotation": {"angle": 0, "axis": "y", "origin": [8, 0, 8]},
			"faces": {
				"north": {"uv": [4.25, 2.5, 4.75, 3], "texture": "#0"},
				"east": {"uv": [3.75, 2.5, 4.25, 3], "texture": "#0"},
				"south": {"uv": [5.25, 2.5, 5.75, 3], "texture": "#0"},
				"west": {"uv": [4.75, 2.5, 5.25, 3], "texture": "#0"},
				"up": {"uv": [4.75, 2.5, 4.25, 2], "texture": "#0"},
				"down": {"uv": [5.25, 2, 4.75, 2.5], "texture": "#0"}
			}
		}
	],
	"display": {
		"thirdperson_righthand": {
			"translation": [0, -1.25, 0],
			"scale": [0.7, 0.7, 0.7]
		},
		"firstperson_righthand": {
			"translation": [1.5, 2.75, 0],
			"scale": [0.48, 0.48, 0.48]
		},
		"ground": {
			"translation": [0, 1.5, 0],
			"scale": [0.68, 0.68, 0.68]
		},
		"gui": {
			"rotation": [30, -150, 0],
			"translation": [0.5, -0.5, 0],
			"scale": [0.97, 0.97, 0.97]
		},
		"head": {
			"translation": [0, -1.25, 0],
			"scale": [1.94, 1.94, 1.94]
		}
	},
	"groups": [
		{
			"name": "head",
			"origin": [8, 6, 8],
			"color": 0,
			"children": [
				0,
				{
					"name": "hat",
					"origin": [8, 0, 8],
					"color": 0,
					"children": [1, 2, 3, 4, 5]
				}
			]
		},
		{
			"name": "body",
			"origin": [8, 6, 8],
			"color": 0,
			"children": [6, 7]
		},
		{
			"name": "right_arm",
			"origin": [9.75, 5.5, 8],
			"color": 0,
			"children": [8, 9]
		},
		{
			"name": "left_arm",
			"origin": [6.25, 5.5, 8],
			"color": 0,
			"children": [10, 11]
		}
	]
}