{
	"credit": "Made with Blockbench",
	"texture_size": [8, 8],
	"textures": {
		"0": "item/pets/zoo/ant/face",
		"1": "item/pets/zoo/ant/body",
		"2": "item/pets/zoo/ant/back",
		"3": "item/pets/zoo/ant/legside11",
		"4": "item/pets/zoo/ant/legside12",
		"5": "item/pets/zoo/ant/legside13",
		"6": "item/pets/zoo/ant/topside11",
		"7": "item/pets/zoo/ant/topside12",
		"8": "item/pets/zoo/ant/topside13",
		"9": "item/pets/zoo/ant/legside21",
		"10": "item/pets/zoo/ant/legside22",
		"11": "item/pets/zoo/ant/legside23",
		"12": "item/pets/zoo/ant/topside21",
		"13": "item/pets/zoo/ant/topside22",
		"14": "item/pets/zoo/ant/topside23",
		"15": "item/pets/zoo/ant/antena1",
		"16": "item/pets/zoo/ant/antena11",
		"17": "item/pets/zoo/ant/antena21",
		"18": "item/pets/zoo/ant/antena22",
		"particle": "face"
	},
	"elements": [
		{
			"from": [-0.8, 4, 7],
			"to": [2, 7, 11],
			"rotation": {"angle": 0, "axis": "x", "origin": [-1, 5, 8]},
			"faces": {
				"north": {"uv": [0, 6, 2, 9], "texture": "#0"},
				"east": {"uv": [0, 0, 4, 3], "texture": "#0"},
				"south": {"uv": [6, 0, 8, 3], "texture": "#0"},
				"west": {"uv": [0, 3, 4, 6], "texture": "#0"},
				"up": {"uv": [6, 4, 4, 0], "texture": "#0"},
				"down": {"uv": [6, 4, 4, 8], "texture": "#0"}
			}
		},
		{
			"from": [2, 4, 8.2],
			"to": [7, 6, 9.8],
			"rotation": {"angle": 0, "axis": "y", "origin": [-1, 4, 7.8]},
			"faces": {
				"north": {"uv": [0, 0, 5, 2], "texture": "#1"},
				"east": {"uv": [5, 2, 7, 4], "texture": "#1"},
				"south": {"uv": [0, 2, 5, 4], "texture": "#1"},
				"west": {"uv": [5, 4, 7, 6], "texture": "#1"},
				"up": {"uv": [5, 6, 0, 4], "texture": "#1"},
				"down": {"uv": [10, 0, 5, 2], "texture": "#1"}
			}
		},
		{
			"from": [7, 4, 7.5],
			"to": [11.9, 6.4, 10.8],
			"rotation": {"angle": 22.5, "axis": "z", "origin": [7, 4, 6.1]},
			"faces": {
				"north": {"uv": [4, 0, 8, 2], "texture": "#2"},
				"east": {"uv": [4, 4, 7, 6], "texture": "#2"},
				"south": {"uv": [4, 2, 8, 4], "texture": "#2"},
				"west": {"uv": [0, 6, 3, 8], "texture": "#2"},
				"up": {"uv": [4, 3, 0, 0], "texture": "#2"},
				"down": {"uv": [4, 3, 0, 6], "texture": "#2"}
			}
		},
		{
			"from": [5.5, 4.1, 5.9],
			"to": [5.8, 4.6, 9],
			"rotation": {"angle": -22.5, "axis": "x", "origin": [4, 2.6, 7]},
			"faces": {
				"north": {"uv": [2, 2, 3, 3], "texture": "#6"},
				"east": {"uv": [0, 0, 3, 1], "texture": "#6"},
				"south": {"uv": [3, 0, 4, 1], "texture": "#6"},
				"west": {"uv": [0, 1, 3, 2], "texture": "#6"},
				"up": {"uv": [1, 5, 0, 2], "texture": "#6"},
				"down": {"uv": [2, 2, 1, 5], "texture": "#6"}
			}
		},
		{
			"from": [4.3, 4.1, 5.9],
			"to": [4.6, 4.6, 9],
			"rotation": {"angle": -22.5, "axis": "x", "origin": [2.8, 2.6, 7]},
			"faces": {
				"north": {"uv": [2, 2, 3, 3], "texture": "#7"},
				"east": {"uv": [0, 0, 3, 1], "texture": "#7"},
				"south": {"uv": [3, 0, 4, 1], "texture": "#7"},
				"west": {"uv": [0, 1, 3, 2], "texture": "#7"},
				"up": {"uv": [1, 5, 0, 2], "texture": "#7"},
				"down": {"uv": [2, 2, 1, 5], "texture": "#7"}
			}
		},
		{
			"from": [2.9, 4.1, 5.9],
			"to": [3.2, 4.6, 9],
			"rotation": {"angle": -22.5, "axis": "x", "origin": [1.4, 2.6, 7]},
			"faces": {
				"north": {"uv": [2, 2, 3, 3], "texture": "#8"},
				"east": {"uv": [0, 0, 3, 1], "texture": "#8"},
				"south": {"uv": [3, 0, 4, 1], "texture": "#8"},
				"west": {"uv": [0, 1, 3, 2], "texture": "#8"},
				"up": {"uv": [1, 5, 0, 2], "texture": "#8"},
				"down": {"uv": [2, 2, 1, 5], "texture": "#8"}
			}
		},
		{
			"from": [5.8, 4.5, 8.9],
			"to": [6.1, 5, 12],
			"rotation": {"angle": 22.5, "axis": "x", "origin": [4.1, 3, 10]},
			"faces": {
				"north": {"uv": [2, 2, 3, 3], "texture": "#14"},
				"east": {"uv": [0, 0, 3, 1], "texture": "#14"},
				"south": {"uv": [3, 0, 4, 1], "texture": "#14"},
				"west": {"uv": [0, 1, 3, 2], "texture": "#14"},
				"up": {"uv": [1, 5, 0, 2], "texture": "#14"},
				"down": {"uv": [2, 2, 1, 5], "texture": "#14"}
			}
		},
		{
			"from": [4.4, 4.5, 8.9],
			"to": [4.7, 5, 12],
			"rotation": {"angle": 22.5, "axis": "x", "origin": [2.7, 3, 10]},
			"faces": {
				"north": {"uv": [2, 2, 3, 3], "texture": "#13"},
				"east": {"uv": [0, 0, 3, 1], "texture": "#13"},
				"south": {"uv": [3, 0, 4, 1], "texture": "#13"},
				"west": {"uv": [0, 1, 3, 2], "texture": "#13"},
				"up": {"uv": [1, 5, 0, 2], "texture": "#13"},
				"down": {"uv": [2, 2, 1, 5], "texture": "#13"}
			}
		},
		{
			"from": [2.9, 4.5, 8.9],
			"to": [3.2, 5, 12],
			"rotation": {"angle": 22.5, "axis": "x", "origin": [1.2, 3, 10]},
			"faces": {
				"north": {"uv": [2, 2, 3, 3], "texture": "#12"},
				"east": {"uv": [0, 0, 3, 1], "texture": "#12"},
				"south": {"uv": [3, 0, 4, 1], "texture": "#12"},
				"west": {"uv": [0, 1, 3, 2], "texture": "#12"},
				"up": {"uv": [1, 5, 0, 2], "texture": "#12"},
				"down": {"uv": [2, 2, 1, 5], "texture": "#12"}
			}
		},
		{
			"from": [5.5, 1.9, 5.3],
			"to": [5.8, 3.9, 5.8],
			"rotation": {"angle": 0, "axis": "y", "origin": [5.5, 1.9, 5]},
			"faces": {
				"north": {"uv": [0, 0, 1, 2], "texture": "#3"},
				"east": {"uv": [1, 0, 2, 2], "texture": "#3"},
				"south": {"uv": [0, 2, 1, 4], "texture": "#3"},
				"west": {"uv": [2, 0, 3, 2], "texture": "#3"},
				"up": {"uv": [2, 3, 1, 2], "texture": "#3"},
				"down": {"uv": [3, 2, 2, 3], "texture": "#3"}
			}
		},
		{
			"from": [4.3, 1.9, 5.3],
			"to": [4.6, 3.9, 5.8],
			"rotation": {"angle": 0, "axis": "y", "origin": [4.3, 1.9, 5]},
			"faces": {
				"north": {"uv": [0, 0, 1, 2], "texture": "#4"},
				"east": {"uv": [1, 0, 2, 2], "texture": "#4"},
				"south": {"uv": [0, 2, 1, 4], "texture": "#4"},
				"west": {"uv": [2, 0, 3, 2], "texture": "#4"},
				"up": {"uv": [2, 3, 1, 2], "texture": "#4"},
				"down": {"uv": [3, 2, 2, 3], "texture": "#4"}
			}
		},
		{
			"from": [2.9, 1.9, 5.3],
			"to": [3.2, 3.9, 5.8],
			"rotation": {"angle": 0, "axis": "y", "origin": [2.9, 1.9, 5]},
			"faces": {
				"north": {"uv": [0, 0, 1, 2], "texture": "#5"},
				"east": {"uv": [1, 0, 2, 2], "texture": "#5"},
				"south": {"uv": [0, 2, 1, 4], "texture": "#5"},
				"west": {"uv": [2, 0, 3, 2], "texture": "#5"},
				"up": {"uv": [2, 3, 1, 2], "texture": "#5"},
				"down": {"uv": [3, 2, 2, 3], "texture": "#5"}
			}
		},
		{
			"from": [5.8, 2, 12.2],
			"to": [6.1, 4, 12.7],
			"rotation": {"angle": 0, "axis": "y", "origin": [5.9, 2, 11.9]},
			"faces": {
				"north": {"uv": [0, 0, 1, 2], "texture": "#11"},
				"east": {"uv": [1, 0, 2, 2], "texture": "#11"},
				"south": {"uv": [0, 2, 1, 4], "texture": "#11"},
				"west": {"uv": [2, 0, 3, 2], "texture": "#11"},
				"up": {"uv": [2, 3, 1, 2], "texture": "#11"},
				"down": {"uv": [3, 2, 2, 3], "texture": "#11"}
			}
		},
		{
			"from": [4.5, 2, 12.2],
			"to": [4.8, 4, 12.7],
			"rotation": {"angle": 0, "axis": "y", "origin": [4.5, 2, 11.9]},
			"faces": {
				"north": {"uv": [0, 0, 1, 2], "texture": "#10"},
				"east": {"uv": [1, 0, 2, 2], "texture": "#10"},
				"south": {"uv": [0, 2, 1, 4], "texture": "#10"},
				"west": {"uv": [2, 0, 3, 2], "texture": "#10"},
				"up": {"uv": [2, 3, 1, 2], "texture": "#10"},
				"down": {"uv": [3, 2, 2, 3], "texture": "#10"}
			}
		},
		{
			"from": [2.9, 2, 12.2],
			"to": [3.2, 4, 12.7],
			"rotation": {"angle": 0, "axis": "y", "origin": [2.9, 2, 11.9]},
			"faces": {
				"north": {"uv": [0, 0, 1, 2], "texture": "#9"},
				"east": {"uv": [1, 0, 2, 2], "texture": "#9"},
				"south": {"uv": [0, 2, 1, 4], "texture": "#9"},
				"west": {"uv": [2, 0, 3, 2], "texture": "#9"},
				"up": {"uv": [2, 3, 1, 2], "texture": "#9"},
				"down": {"uv": [3, 2, 2, 3], "texture": "#9"}
			}
		},
		{
			"from": [0, 5.1, 7.1],
			"to": [0.4, 9, 7.4],
			"rotation": {"angle": 0, "axis": "y", "origin": [0, 4.1, 5.4]},
			"faces": {
				"north": {"uv": [0, 0, 1, 8], "texture": "#15"},
				"east": {"uv": [2, 0, 3, 8], "texture": "#15"},
				"south": {"uv": [4, 0, 5, 8], "texture": "#15"},
				"west": {"uv": [6, 0, 7, 8], "texture": "#15"},
				"up": {"uv": [1, 9, 0, 8], "texture": "#15"},
				"down": {"uv": [9, 0, 8, 1], "texture": "#15"}
			}
		},
		{
			"from": [-1.7, 9, 7.1],
			"to": [0, 9.4, 7.4],
			"rotation": {"angle": 22.5, "axis": "z", "origin": [1, 9, 5.4]},
			"faces": {
				"north": {"uv": [0, 0, 3, 1], "texture": "#16"},
				"east": {"uv": [4, 2, 5, 3], "texture": "#16"},
				"south": {"uv": [0, 2, 3, 3], "texture": "#16"},
				"west": {"uv": [4, 4, 5, 5], "texture": "#16"},
				"up": {"uv": [3, 5, 0, 4], "texture": "#16"},
				"down": {"uv": [7, 0, 4, 1], "texture": "#16"}
			}
		},
		{
			"from": [-2.1, 8.6, 10.4],
			"to": [-0.4, 9, 10.7],
			"rotation": {"angle": 22.5, "axis": "y", "origin": [0.6, 8.6, 8.7]},
			"faces": {
				"north": {"uv": [0, 0, 3, 1], "texture": "#18"},
				"east": {"uv": [4, 2, 5, 3], "texture": "#18"},
				"south": {"uv": [0, 2, 3, 3], "texture": "#18"},
				"west": {"uv": [4, 4, 5, 5], "texture": "#18"},
				"up": {"uv": [3, 5, 0, 4], "texture": "#18"},
				"down": {"uv": [7, 0, 4, 1], "texture": "#18"}
			}
		},
		{
			"from": [0, 5.1, 10.4],
			"to": [0.4, 9, 10.7],
			"rotation": {"angle": 0, "axis": "y", "origin": [0, 4.1, 8.7]},
			"faces": {
				"north": {"uv": [0, 0, 1, 8], "texture": "#17"},
				"east": {"uv": [2, 0, 3, 8], "texture": "#17"},
				"south": {"uv": [4, 0, 5, 8], "texture": "#17"},
				"west": {"uv": [6, 0, 7, 8], "texture": "#17"},
				"up": {"uv": [1, 9, 0, 8], "texture": "#17"},
				"down": {"uv": [9, 0, 8, 1], "texture": "#17"}
			}
		}
	],
	"display": {
		"thirdperson_righthand": {
			"rotation": [-82.37, -66.59, -147],
			"translation": [2, -0.25, 0.5]
		},
		"firstperson_righthand": {
			"rotation": [0, -90, 0],
			"translation": [-1, 4.25, 4.25],
			"scale": [0.76, 0.76, 0.76]
		},
		"ground": {
			"translation": [2, 3.5, 0]
		},
		"gui": {
			"rotation": [30, 120, 0],
			"translation": [-2.75, 4, 0],
			"scale": [1.33, 1.33, 1.33]
		},
		"head": {
			"translation": [7, 15.75, -1.5],
			"scale": [1.62, 1.62, 1.62]
		},
		"fixed": {
			"rotation": [0, -37, 0],
			"translation": [5, 4, 0],
			"scale": [1.52, 1.52, 1.52]
		}
	}
}