{
	"credit": "Made with Blockbench",
	"ambientocclusion": false,
	"texture_size": [64, 64],
	"textures": {
		"1": "block/hat/turkey"
	},
	"elements": [
		{
			"from": [0, 0, 0],
			"to": [16, 9, 16],
			"faces": {
				"north": {"uv": [4, 0, 8, 2.25], "texture": "#1"},
				"east": {"uv": [4, 2.25, 8, 4.5], "texture": "#1"},
				"south": {"uv": [4, 4.5, 8, 6.75], "texture": "#1"},
				"west": {"uv": [4, 6.75, 8, 9], "texture": "#1"},
				"up": {"uv": [4, 4, 0, 0], "texture": "#1"},
				"down": {"uv": [4, 4, 0, 8], "texture": "#1"}
			}
		},
		{
			"from": [2, 9, 2],
			"to": [14, 18, 14],
			"faces": {
				"north": {"uv": [8, 3, 11, 5.25], "texture": "#1"},
				"east": {"uv": [8, 5.25, 11, 7.5], "texture": "#1"},
				"south": {"uv": [8, 7.5, 11, 9.75], "texture": "#1"},
				"west": {"uv": [3, 9, 6, 11.25], "texture": "#1"},
				"up": {"uv": [3, 11, 0, 8], "texture": "#1"},
				"down": {"uv": [11, 0, 8, 3], "texture": "#1"}
			}
		},
		{
			"from": [-3, 9, 5],
			"to": [2, 15, 11],
			"faces": {
				"north": {"uv": [11, 1.25, 11.75, 2.75], "texture": "#1"},
				"east": {"uv": [6, 9, 7.25, 10.5], "texture": "#1"},
				"south": {"uv": [2, 11, 2.75, 12.5], "texture": "#1"},
				"west": {"uv": [7.25, 9.75, 8.5, 11.25], "texture": "#1"},
				"up": {"uv": [11.75, 7, 11, 5.75], "texture": "#1"},
				"down": {"uv": [11.75, 7, 11, 8.25], "texture": "#1"}
			}
		},
		{
			"from": [-2, 15, 5],
			"to": [2, 19, 10],
			"faces": {
				"north": {"uv": [3, 8, 3.75, 9], "texture": "#1"},
				"east": {"uv": [11, 10.75, 11.75, 11.75], "texture": "#1"},
				"south": {"uv": [2.75, 11.25, 3.5, 12.25], "texture": "#1"},
				"west": {"uv": [3.5, 11.25, 4.25, 12.25], "texture": "#1"},
				"up": {"uv": [8, 9.75, 7.25, 9], "texture": "#1"},
				"down": {"uv": [12.5, 7, 11.75, 7.75], "texture": "#1"}
			}
		},
		{
			"from": [16, 2, 9],
			"to": [19, 7, 13],
			"faces": {
				"north": {"uv": [11.75, 3.25, 12.25, 4.5], "texture": "#1"},
				"east": {"uv": [6, 10.5, 7, 11.75], "texture": "#1"},
				"south": {"uv": [11.75, 4.5, 12.25, 5.75], "texture": "#1"},
				"west": {"uv": [0, 11, 1, 12.25], "texture": "#1"},
				"up": {"uv": [7, 12.75, 6.5, 11.75], "texture": "#1"},
				"down": {"uv": [12.25, 9.25, 11.75, 10.25], "texture": "#1"}
			}
		},
		{
			"from": [16, 1, 5],
			"to": [19, 4, 9],
			"faces": {
				"north": {"uv": [4.75, 12, 5.25, 12.75], "texture": "#1"},
				"east": {"uv": [4.25, 11.25, 5.25, 12], "texture": "#1"},
				"south": {"uv": [7, 12, 7.5, 12.75], "texture": "#1"},
				"west": {"uv": [7, 11.25, 8, 12], "texture": "#1"},
				"up": {"uv": [12.25, 11.25, 11.75, 10.25], "texture": "#1"},
				"down": {"uv": [11.25, 11.75, 10.75, 12.75], "texture": "#1"}
			}
		},
		{
			"from": [17, 3, 3],
			"to": [19, 5, 6],
			"faces": {
				"north": {"uv": [12.25, 4.5, 12.75, 5], "texture": "#1"},
				"east": {"uv": [7.5, 12, 8.25, 12.5], "texture": "#1"},
				"south": {"uv": [12.25, 5, 12.75, 5.5], "texture": "#1"},
				"west": {"uv": [8.25, 12, 9, 12.5], "texture": "#1"},
				"up": {"uv": [9.5, 12.75, 9, 12], "texture": "#1"},
				"down": {"uv": [10, 12, 9.5, 12.75], "texture": "#1"}
			}
		},
		{
			"from": [-3, 3, 3],
			"to": [-1, 5, 6],
			"faces": {
				"north": {"uv": [5.25, 12.25, 5.75, 12.75], "texture": "#1"},
				"east": {"uv": [0, 12.25, 0.75, 12.75], "texture": "#1"},
				"south": {"uv": [12.25, 5.5, 12.75, 6], "texture": "#1"},
				"west": {"uv": [0.75, 12.25, 1.5, 12.75], "texture": "#1"},
				"up": {"uv": [2, 13, 1.5, 12.25], "texture": "#1"},
				"down": {"uv": [3.25, 12.25, 2.75, 13], "texture": "#1"}
			}
		},
		{
			"from": [-3, 1, 5],
			"to": [0, 4, 9],
			"faces": {
				"north": {"uv": [3.25, 12.25, 3.75, 13], "texture": "#1"},
				"east": {"uv": [8, 11.25, 9, 12], "texture": "#1"},
				"south": {"uv": [12.25, 3.25, 12.75, 4], "texture": "#1"},
				"west": {"uv": [9, 11.25, 10, 12], "texture": "#1"},
				"up": {"uv": [11.75, 12.75, 11.25, 11.75], "texture": "#1"},
				"down": {"uv": [12.25, 11.25, 11.75, 12.25], "texture": "#1"}
			}
		},
		{
			"from": [-3, 2, 9],
			"to": [0, 7, 13],
			"faces": {
				"north": {"uv": [11.75, 5.75, 12.25, 7], "texture": "#1"},
				"east": {"uv": [11, 0, 12, 1.25], "texture": "#1"},
				"south": {"uv": [6, 11.75, 6.5, 13], "texture": "#1"},
				"west": {"uv": [1, 11, 2, 12.25], "texture": "#1"},
				"up": {"uv": [12.5, 1, 12, 0], "texture": "#1"},
				"down": {"uv": [4.75, 12, 4.25, 13], "texture": "#1"}
			}
		},
		{
			"from": [-1, 19, 6.5],
			"to": [1, 22, 8.5],
			"faces": {
				"north": {"uv": [3.75, 8, 4, 8.75], "texture": "#1"},
				"east": {"uv": [7, 10.5, 7.25, 11.25], "texture": "#1"},
				"south": {"uv": [5.75, 12.25, 6, 13], "texture": "#1"},
				"west": {"uv": [12.25, 9.25, 12.5, 10], "texture": "#1"},
				"up": {"uv": [4, 9, 3.75, 8.75], "texture": "#1"},
				"down": {"uv": [3, 11, 2.75, 11.25], "texture": "#1"}
			}
		},
		{
			"from": [-1.5, 22, 6],
			"to": [1.5, 23, 9],
			"faces": {
				"north": {"uv": [12.25, 11.5, 12.75, 11.75], "texture": "#1"},
				"east": {"uv": [11.75, 12.25, 12.25, 12.5], "texture": "#1"},
				"south": {"uv": [12.25, 11.75, 12.75, 12], "texture": "#1"},
				"west": {"uv": [12.25, 12, 12.75, 12.25], "texture": "#1"},
				"up": {"uv": [12.75, 6.5, 12.25, 6], "texture": "#1"},
				"down": {"uv": [12.75, 6.5, 12.25, 7], "texture": "#1"}
			}
		},
		{
			"from": [14, 9, 5],
			"to": [19, 15, 11],
			"faces": {
				"north": {"uv": [11, 2.75, 11.75, 4.25], "texture": "#1"},
				"east": {"uv": [8.5, 9.75, 9.75, 11.25], "texture": "#1"},
				"south": {"uv": [11, 4.25, 11.75, 5.75], "texture": "#1"},
				"west": {"uv": [9.75, 9.75, 11, 11.25], "texture": "#1"},
				"up": {"uv": [11.75, 9.5, 11, 8.25], "texture": "#1"},
				"down": {"uv": [11.75, 9.5, 11, 10.75], "texture": "#1"}
			}
		},
		{
			"from": [14, 15, 5],
			"to": [18, 19, 10],
			"faces": {
				"north": {"uv": [5.25, 11.25, 6, 12.25], "texture": "#1"},
				"east": {"uv": [10, 11.25, 10.75, 12.25], "texture": "#1"},
				"south": {"uv": [11.75, 1.25, 12.5, 2.25], "texture": "#1"},
				"west": {"uv": [11.75, 2.25, 12.5, 3.25], "texture": "#1"},
				"up": {"uv": [12.5, 8.5, 11.75, 7.75], "texture": "#1"},
				"down": {"uv": [12.5, 8.5, 11.75, 9.25], "texture": "#1"}
			}
		},
		{
			"from": [15, 19, 6.5],
			"to": [17, 22, 8.5],
			"faces": {
				"north": {"uv": [10, 12.25, 10.25, 13], "texture": "#1"},
				"east": {"uv": [12.25, 10, 12.5, 10.75], "texture": "#1"},
				"south": {"uv": [10.25, 12.25, 10.5, 13], "texture": "#1"},
				"west": {"uv": [10.5, 12.25, 10.75, 13], "texture": "#1"},
				"up": {"uv": [11, 11.5, 10.75, 11.25], "texture": "#1"},
				"down": {"uv": [11, 11.5, 10.75, 11.75], "texture": "#1"}
			}
		},
		{
			"from": [14.5, 22, 6],
			"to": [17.5, 23, 9],
			"faces": {
				"north": {"uv": [12, 1, 12.5, 1.25], "texture": "#1"},
				"east": {"uv": [12.25, 10.75, 12.75, 11], "texture": "#1"},
				"south": {"uv": [12.25, 11, 12.75, 11.25], "texture": "#1"},
				"west": {"uv": [12.25, 11.25, 12.75, 11.5], "texture": "#1"},
				"up": {"uv": [4.25, 12.75, 3.75, 12.25], "texture": "#1"},
				"down": {"uv": [12.75, 4, 12.25, 4.5], "texture": "#1"}
			}
		}
	],
	"display": {
		"thirdperson_righthand": {
			"rotation": [75, 45, 0],
			"translation": [0, 1.5, 2.75],
			"scale": [0.5, 0.5, 0.5]
		},
		"thirdperson_lefthand": {
			"rotation": [75, 45, 0],
			"translation": [0, 1.5, 2.75],
			"scale": [0.5, 0.5, 0.5]
		},
		"firstperson_righthand": {
			"rotation": [0, -45, 0],
			"translation": [0, 4, 0],
			"scale": [0.5, 0.5, 0.5]
		},
		"firstperson_lefthand": {
			"rotation": [0, -45, 0],
			"translation": [0, 4, 0],
			"scale": [0.5, 0.5, 0.5]
		},
		"ground": {
			"translation": [0, 2, 0],
			"scale": [0.5, 0.5, 0.5]
		},
		"gui": {
			"rotation": [30, -45, 0],
			"translation": [0, -0.75, 0],
			"scale": [0.45, 0.45, 0.45]
		},
		"head": {
			"translation": [0, 7.9, 0]
		},
		"fixed": {
			"rotation": [-90, 0, 0],
			"translation": [0, 0, -8.25]
		}
	},
	"groups": [
		{
			"name": "cooked_chicken",
			"origin": [8, 8, 8],
			"color": 0,
			"children": [0, 1, 2, 3, 4, 5, 6, 7, 8, 9, 10, 11, 12, 13, 14, 15]
		}
	]
}