{
	"credit": "Made with Blockbench",
	"textures": {
		"0": "block/red_concrete",
		"1": "block/red_stained_glass",
		"2": "block/cobblestone",
		"3": "block/cobbled_deepslate",
		"particle": "red_concrete"
	},
	"elements": [
		{
			"from": [6.5, 0, 6.5],
			"to": [9.5, 5, 9.5],
			"faces": {
				"north": {"uv": [5, 5, 8, 10], "texture": "#2"},
				"east": {"uv": [2, 5, 5, 10], "texture": "#2"},
				"south": {"uv": [11, 5, 14, 10], "texture": "#2"},
				"west": {"uv": [8, 5, 11, 10], "texture": "#2"},
				"up": {"uv": [8, 5, 5, 2], "texture": "#2"},
				"down": {"uv": [11, 2, 8, 5], "texture": "#2"}
			}
		},
		{
			"from": [7, 5, 7],
			"to": [9, 6, 9],
			"faces": {
				"north": {"uv": [0, 0, 2, 1], "texture": "#3"},
				"east": {"uv": [0, 0, 2, 1], "texture": "#3"},
				"south": {"uv": [0, 0, 2, 1], "texture": "#3"},
				"west": {"uv": [0, 0, 2, 1], "texture": "#3"},
				"up": {"uv": [0, 0, 2, 2], "texture": "#3"},
				"down": {"uv": [0, 0, 2, 2], "texture": "#3"}
			}
		},
		{
			"from": [6.5, 6, 6.5],
			"to": [9.5, 11, 9.5],
			"faces": {
				"north": {"uv": [4, 6, 7, 11], "texture": "#2"},
				"east": {"uv": [1, 6, 4, 11], "texture": "#2"},
				"south": {"uv": [10, 6, 13, 11], "texture": "#2"},
				"west": {"uv": [7, 6, 10, 11], "texture": "#2"},
				"up": {"uv": [7, 6, 4, 3], "texture": "#2"},
				"down": {"uv": [10, 3, 7, 6], "texture": "#2"}
			}
		},
		{
			"from": [7.5, 11, 7.5],
			"to": [8.5, 29, 8.5],
			"faces": {
				"north": {"uv": [7, 0, 9, 16], "texture": "#0"},
				"east": {"uv": [7, 0, 9, 16], "texture": "#0"},
				"south": {"uv": [7, 0, 9, 16], "texture": "#0"},
				"west": {"uv": [7, 0, 9, 16], "texture": "#0"},
				"up": {"uv": [7, 0, 9, 2], "texture": "#0"},
				"down": {"uv": [7, 0, 9, 2], "texture": "#0"}
			}
		},
		{
			"from": [7, 11, 7],
			"to": [9, 30, 9],
			"faces": {
				"north": {"uv": [7, 1, 9, 15], "texture": "#1"},
				"east": {"uv": [7, 1, 9, 15], "texture": "#1"},
				"south": {"uv": [7, 1, 9, 15], "texture": "#1"},
				"west": {"uv": [7, 1, 9, 15], "texture": "#1"},
				"up": {"uv": [7, 1, 9, 3], "texture": "#1"},
				"down": {"uv": [7, 1, 9, 3], "texture": "#1"}
			}
		}
	],
	"display": {
		"thirdperson_righthand": {
			"rotation": [14, 0, 0],
			"translation": [0, 2.75, 2],
			"scale": [0.6, 0.47, 0.6]
		},
		"firstperson_righthand": {
			"rotation": [-23.75, 0, 0],
			"translation": [1.5, 2, 0],
			"scale": [0.68, 0.53, 0.68]
		},
		"ground": {
			"rotation": [-30, -30, 0],
			"translation": [0, 1.5, 0],
			"scale": [0.57, 0.49, 0.57]
		},
		"gui": {
			"rotation": [30, 30, -30],
			"translation": [-1, -3.25, 0],
			"scale": [0.6, 0.54, 0.6]
		},
		"fixed": {
			"rotation": [0, 0, 30],
			"translation": [1.5, -3, 0],
			"scale": [0.84, 0.62, 0.84]
		}
	},
	"groups": [
		{
			"name": "hilt",
			"origin": [8, 8, 8],
			"color": 0,
			"children": [0, 1, 2]
		},
		{
			"name": "blade",
			"origin": [8, 8, 8],
			"color": 0,
			"children": [3, 4]
		}
	]
}