{"overrides":[{"predicate":{"custom_model_data":1},"model":"modelengine:bee_amethyst/left_wing"},{"predicate":{"custom_model_data":2},"model":"modelengine:bee_amethyst/right_wing"},{"predicate":{"custom_model_data":3},"model":"modelengine:bee_amethyst/all"},{"predicate":{"custom_model_data":4},"model":"modelengine:bee_angry/all"},{"predicate":{"custom_model_data":5},"model":"modelengine:bee_angry/right_wing"},{"predicate":{"custom_model_data":6},"model":"modelengine:bee_angry/left_wing"},{"predicate":{"custom_model_data":7},"model":"modelengine:bee_basic/all"},{"predicate":{"custom_model_data":8},"model":"modelengine:bee_basic/right_wing"},{"predicate":{"custom_model_data":9},"model":"modelengine:bee_basic/left_wing"},{"predicate":{"custom_model_data":10},"model":"modelengine:bee_blind/all"},{"predicate":{"custom_model_data":11},"model":"modelengine:bee_blind/right_wing"},{"predicate":{"custom_model_data":12},"model":"modelengine:bee_blind/left_wing"},{"predicate":{"custom_model_data":13},"model":"modelengine:bee_miner/all"},{"predicate":{"custom_model_data":14},"model":"modelengine:bee_miner/right_wing"},{"predicate":{"custom_model_data":15},"model":"modelengine:bee_miner/left_wing"},{"predicate":{"custom_model_data":16},"model":"modelengine:bee_captain/all"},{"predicate":{"custom_model_data":17},"model":"modelengine:bee_captain/right_wing"},{"predicate":{"custom_model_data":18},"model":"modelengine:bee_captain/left_wing"},{"predicate":{"custom_model_data":19},"model":"modelengine:bee_gold/all"},{"predicate":{"custom_model_data":20},"model":"modelengine:bee_gold/right_wing"},{"predicate":{"custom_model_data":21},"model":"modelengine:bee_gold/left_wing"},{"predicate":{"custom_model_data":22},"model":"modelengine:bee_enderman/all"},{"predicate":{"custom_model_data":23},"model":"modelengine:bee_enderman/right_wing"},{"predicate":{"custom_model_data":24},"model":"modelengine:bee_enderman/left_wing"},{"predicate":{"custom_model_data":25},"model":"modelengine:bee_angel/all"},{"predicate":{"custom_model_data":26},"model":"modelengine:bee_angel/right_wing"},{"predicate":{"custom_model_data":27},"model":"modelengine:bee_angel/left_wing"},{"predicate":{"custom_model_data":28},"model":"modelengine:bee_angel/halo"},{"predicate":{"custom_model_data":29},"model":"modelengine:bee_lapis/all"},{"predicate":{"custom_model_data":30},"model":"modelengine:bee_lapis/right_wing"},{"predicate":{"custom_model_data":31},"model":"modelengine:bee_lapis/left_wing"},{"predicate":{"custom_model_data":32},"model":"modelengine:bee_redstone/all"},{"predicate":{"custom_model_data":33},"model":"modelengine:bee_redstone/right_wing"},{"predicate":{"custom_model_data":34},"model":"modelengine:bee_redstone/left_wing"},{"predicate":{"custom_model_data":35},"model":"modelengine:bee_sculk/all"},{"predicate":{"custom_model_data":36},"model":"modelengine:bee_sculk/right_wing"},{"predicate":{"custom_model_data":37},"model":"modelengine:bee_sculk/left_wing"},{"predicate":{"custom_model_data":38},"model":"modelengine:bee_sculk/tendrils2"},{"predicate":{"custom_model_data":39},"model":"modelengine:bee_spider/all"},{"predicate":{"custom_model_data":40},"model":"modelengine:bee_spider/right_wing"},{"predicate":{"custom_model_data":41},"model":"modelengine:bee_spider/left_wing"},{"predicate":{"custom_model_data":42},"model":"modelengine:bee_volcano/all"},{"predicate":{"custom_model_data":43},"model":"modelengine:bee_volcano/lava"},{"predicate":{"custom_model_data":44},"model":"modelengine:bee_volcano/lava3"},{"predicate":{"custom_model_data":45},"model":"modelengine:bee_volcano/lava2"},{"predicate":{"custom_model_data":46},"model":"modelengine:bee_volcano/right_wing"},{"predicate":{"custom_model_data":47},"model":"modelengine:bee_volcano/left_wing"},{"predicate":{"custom_model_data":48},"model":"modelengine:bee_volcano/volcano"},{"predicate":{"custom_model_data":49},"model":"modelengine:bee_warden/all"},{"predicate":{"custom_model_data":50},"model":"modelengine:bee_warden/right_tendrils"},{"predicate":{"custom_model_data":51},"model":"modelengine:bee_warden/right_wing"},{"predicate":{"custom_model_data":52},"model":"modelengine:bee_warden/left_wing"},{"predicate":{"custom_model_data":53},"model":"modelengine:bee_warden/left_tendrils"},{"predicate":{"custom_model_data":54},"model":"modelengine:bee_breeze/all"},{"predicate":{"custom_model_data":55},"model":"modelengine:bee_breeze/tornado"},{"predicate":{"custom_model_data":56},"model":"modelengine:bee_breeze/right_wing"},{"predicate":{"custom_model_data":57},"model":"modelengine:bee_breeze/left_wing"},{"predicate":{"custom_model_data":58},"model":"modelengine:bee_diamond/all"},{"predicate":{"custom_model_data":59},"model":"modelengine:bee_diamond/right_hair"},{"predicate":{"custom_model_data":60},"model":"modelengine:bee_diamond/left_hair"},{"predicate":{"custom_model_data":61},"model":"modelengine:bee_diamond/right_wing"},{"predicate":{"custom_model_data":62},"model":"modelengine:bee_diamond/left_wing"},{"predicate":{"custom_model_data":63},"model":"modelengine:bee_drone/all"},{"predicate":{"custom_model_data":64},"model":"modelengine:bee_drone/bone3"},{"predicate":{"custom_model_data":65},"model":"modelengine:bee_drone/bone2"},{"predicate":{"custom_model_data":66},"model":"modelengine:bee_drone/bone4"},{"predicate":{"custom_model_data":67},"model":"modelengine:bee_drone/bone"},{"predicate":{"custom_model_data":68},"model":"modelengine:bee_drone/bone8"},{"predicate":{"custom_model_data":69},"model":"modelengine:bee_drone/bone7"},{"predicate":{"custom_model_data":70},"model":"modelengine:bee_drone/bone6"},{"predicate":{"custom_model_data":71},"model":"modelengine:bee_drone/bone5"},{"predicate":{"custom_model_data":72},"model":"modelengine:bee_phantom/all"},{"predicate":{"custom_model_data":73},"model":"modelengine:bee_phantom/right_wing"},{"predicate":{"custom_model_data":74},"model":"modelengine:bee_phantom/left_wing"},{"predicate":{"custom_model_data":75},"model":"modelengine:bee_ruby/all"},{"predicate":{"custom_model_data":76},"model":"modelengine:bee_ruby/right_hair"},{"predicate":{"custom_model_data":77},"model":"modelengine:bee_ruby/left_hair"},{"predicate":{"custom_model_data":78},"model":"modelengine:bee_ruby/right_wing"},{"predicate":{"custom_model_data":79},"model":"modelengine:bee_ruby/left_wing"},{"predicate":{"custom_model_data":80},"model":"modelengine:bee_king/all"},{"predicate":{"custom_model_data":81},"model":"modelengine:bee_king/beard"},{"predicate":{"custom_model_data":82},"model":"modelengine:bee_king/right_wing"},{"predicate":{"custom_model_data":83},"model":"modelengine:bee_king/left_wing"},{"predicate":{"custom_model_data":84},"model":"modelengine:bee_king/crown2"},{"predicate":{"custom_model_data":85},"model":"modelengine:bee_molten/all"},{"predicate":{"custom_model_data":86},"model":"modelengine:bee_molten/right_wing"},{"predicate":{"custom_model_data":87},"model":"modelengine:bee_molten/left_wing"},{"predicate":{"custom_model_data":88},"model":"modelengine:bee_queen/all"},{"predicate":{"custom_model_data":89},"model":"modelengine:bee_queen/right_wing"},{"predicate":{"custom_model_data":90},"model":"modelengine:bee_queen/left_wing"},{"predicate":{"custom_model_data":91},"model":"modelengine:bee_queen/wand"},{"predicate":{"custom_model_data":92},"model":"modelengine:bee_queen/crown"},{"predicate":{"custom_model_data":93},"model":"modelengine:bee_radioactive/all"},{"predicate":{"custom_model_data":94},"model":"modelengine:bee_radioactive/right_wing"},{"predicate":{"custom_model_data":95},"model":"modelengine:bee_radioactive/left_wing"},{"predicate":{"custom_model_data":96},"model":"modelengine:bee_totem/all"},{"predicate":{"custom_model_data":97},"model":"modelengine:bee_totem/nose"},{"predicate":{"custom_model_data":98},"model":"modelengine:bee_totem/right_wing"},{"predicate":{"custom_model_data":99},"model":"modelengine:bee_totem/left_wing"},{"predicate":{"custom_model_data":100},"model":"modelengine:mob_ladybug/l_leg3"},{"predicate":{"custom_model_data":101},"model":"modelengine:mob_ladybug/head"},{"predicate":{"custom_model_data":102},"model":"modelengine:mob_ladybug/r_leg2"},{"predicate":{"custom_model_data":103},"model":"modelengine:mob_ladybug/r_leg1"},{"predicate":{"custom_model_data":104},"model":"modelengine:mob_ladybug/r_leg3"},{"predicate":{"custom_model_data":105},"model":"modelengine:mob_ladybug/bone"},{"predicate":{"custom_model_data":106},"model":"modelengine:mob_ladybug/l_leg1"},{"predicate":{"custom_model_data":107},"model":"modelengine:mob_ladybug/l_leg2"},{"predicate":{"custom_model_data":108},"model":"modelengine:mob_ladybug/ante"},{"predicate":{"custom_model_data":109},"model":"modelengine:mob_kingbeetle/l_leg3"},{"predicate":{"custom_model_data":110},"model":"modelengine:mob_kingbeetle/head"},{"predicate":{"custom_model_data":111},"model":"modelengine:mob_kingbeetle/r_leg2"},{"predicate":{"custom_model_data":112},"model":"modelengine:mob_kingbeetle/r_leg1"},{"predicate":{"custom_model_data":113},"model":"modelengine:mob_kingbeetle/r_leg3"},{"predicate":{"custom_model_data":114},"model":"modelengine:mob_kingbeetle/bone"},{"predicate":{"custom_model_data":115},"model":"modelengine:mob_kingbeetle/l_leg1"},{"predicate":{"custom_model_data":116},"model":"modelengine:mob_kingbeetle/l_leg2"},{"predicate":{"custom_model_data":117},"model":"modelengine:mob_kingbeetle/ante"},{"predicate":{"custom_model_data":118},"model":"modelengine:mob_rhinobeetle/l_leg3"},{"predicate":{"custom_model_data":119},"model":"modelengine:mob_rhinobeetle/head"},{"predicate":{"custom_model_data":120},"model":"modelengine:mob_rhinobeetle/r_leg2"},{"predicate":{"custom_model_data":121},"model":"modelengine:mob_rhinobeetle/r_leg1"},{"predicate":{"custom_model_data":122},"model":"modelengine:mob_rhinobeetle/r_leg3"},{"predicate":{"custom_model_data":123},"model":"modelengine:mob_rhinobeetle/bone"},{"predicate":{"custom_model_data":124},"model":"modelengine:mob_rhinobeetle/l_leg1"},{"predicate":{"custom_model_data":125},"model":"modelengine:mob_rhinobeetle/l_leg2"},{"predicate":{"custom_model_data":126},"model":"modelengine:mob_rhinobeetle/ante"},{"predicate":{"custom_model_data":127},"model":"modelengine:mob_snail/shell"},{"predicate":{"custom_model_data":128},"model":"modelengine:mob_snail/bottom"},{"predicate":{"custom_model_data":129},"model":"modelengine:mob_snail/l_antenna"},{"predicate":{"custom_model_data":130},"model":"modelengine:mob_snail/r_antenna"}],"parent":"minecraft:item/generated","textures":{"layer0":"minecraft:item/leather_horse_armor"}}