{"textures":{"0":"modelengine:entity/wind"},"elements":[{"from":[6.75,2.5,6.25],"to":[9.25,9.0,9.75],"faces":{"east":{"uv":[0.0,0.0,16.0,16.0],"tintindex":0,"rotation":0,"texture":"#0"},"south":{"uv":[0.0,0.0,16.0,16.0],"tintindex":0,"rotation":0,"texture":"#0"},"north":{"uv":[0.0,0.0,16.0,16.0],"tintindex":0,"rotation":0,"texture":"#0"},"west":{"uv":[0.0,0.0,16.0,16.0],"tintindex":0,"rotation":0,"texture":"#0"},"up":{"uv":[15.0,1.0,16.0,2.0],"tintindex":0,"rotation":0,"texture":"#0"},"down":{"uv":[15.0,1.0,16.0,2.0],"tintindex":0,"rotation":0,"texture":"#0"}}},{"from":[4.75,5.5,4.25],"to":[11.25,12.0,11.75],"faces":{"east":{"uv":[0.0,0.0,16.0,16.0],"tintindex":0,"rotation":0,"texture":"#0"},"south":{"uv":[0.0,0.0,16.0,16.0],"tintindex":0,"rotation":0,"texture":"#0"},"north":{"uv":[0.0,0.0,16.0,16.0],"tintindex":0,"rotation":0,"texture":"#0"},"west":{"uv":[0.0,0.0,16.0,16.0],"tintindex":0,"rotation":0,"texture":"#0"},"up":{"uv":[15.0,1.0,16.0,2.0],"tintindex":0,"rotation":0,"texture":"#0"},"down":{"uv":[15.0,1.0,16.0,2.0],"tintindex":0,"rotation":0,"texture":"#0"}}},{"from":[3.75,7.5,3.25],"to":[12.25,14.0,12.75],"faces":{"east":{"uv":[0.0,0.0,16.0,16.0],"tintindex":0,"rotation":0,"texture":"#0"},"south":{"uv":[0.0,0.0,16.0,16.0],"tintindex":0,"rotation":0,"texture":"#0"},"north":{"uv":[0.0,0.0,16.0,16.0],"tintindex":0,"rotation":0,"texture":"#0"},"west":{"uv":[0.0,0.0,16.0,16.0],"tintindex":0,"rotation":0,"texture":"#0"},"up":{"uv":[15.0,1.0,16.0,2.0],"tintindex":0,"rotation":0,"texture":"#0"},"down":{"uv":[15.0,1.0,16.0,2.0],"tintindex":0,"rotation":0,"texture":"#0"}}}],"display":{"gui":{"rotation":[30,225,0]}}}