{"textures":{"0":"modelengine:entity/enderman"},"elements":[{"from":[5.485714,7.7714286,6.0571427],"to":[10.514286,12.8,11.085714],"rotation":{"angle":0.0,"axis":"y","origin":[8.0,10.285714,8.571428]},"faces":{"east":{"uv":[8.25,5.125,10.25,6.125],"rotation":0,"texture":"#0","tintindex":0},"south":{"uv":[14.0,5.25,16.0,6.25],"rotation":0,"texture":"#0","tintindex":0},"north":{"uv":[10.0,5.125,12.0,6.125],"rotation":0,"texture":"#0","tintindex":0},"west":{"uv":[11.75,5.125,13.75,6.125],"rotation":0,"texture":"#0","tintindex":0},"up":{"uv":[10.0,4.125,12.0,5.125],"rotation":0,"texture":"#0","tintindex":0},"down":{"uv":[0.0,0.0,2.0,2.0],"rotation":0,"texture":"#0","tintindex":0}}},{"from":[5.542857,7.8285713,6.1142855],"to":[10.457143,12.742857,11.028572],"rotation":{"angle":0.0,"axis":"y","origin":[8.0,10.285714,8.571428]},"faces":{"east":{"uv":[0.0,5.125,2.0,6.125],"rotation":0,"texture":"#0","tintindex":0},"south":{"uv":[6.0,5.125,8.0,6.125],"rotation":0,"texture":"#0","tintindex":0},"north":{"uv":[2.0,5.125,4.0,6.125],"rotation":0,"texture":"#0","tintindex":0},"west":{"uv":[4.0,5.125,6.0,6.125],"rotation":0,"texture":"#0","tintindex":0},"up":{"uv":[2.0,4.125,4.0,5.125],"rotation":0,"texture":"#0","tintindex":0},"down":{"uv":[0.0,0.0,2.0,2.0],"rotation":0,"texture":"#0","tintindex":0}}},{"from":[3.6688771,11.6081,8.0],"to":[5.9545918,13.322386,9.714286],"rotation":{"angle":-22.5,"axis":"z","origin":[4.811734,12.465243,8.857143]},"faces":{"east":{"uv":[4.25,4.25,5.0,4.625],"rotation":0,"texture":"#0","tintindex":0},"south":{"uv":[4.25,4.25,5.0,4.625],"rotation":0,"texture":"#0","tintindex":0},"north":{"uv":[4.25,4.25,5.0,4.625],"rotation":0,"texture":"#0","tintindex":0},"west":{"uv":[4.25,4.25,5.0,4.625],"rotation":0,"texture":"#0","tintindex":0},"up":{"uv":[4.25,4.25,5.0,4.375],"rotation":0,"texture":"#0","tintindex":0},"down":{"uv":[4.25,4.375,5.0,4.625],"rotation":0,"texture":"#0","tintindex":0}}},{"from":[2.4674397,13.018274,8.342857],"to":[4.1817255,14.161132,9.485714],"rotation":{"angle":-45.0,"axis":"z","origin":[3.3245826,13.589704,8.914286]},"faces":{"east":{"uv":[5.25,4.25,5.75,4.5],"rotation":0,"texture":"#0","tintindex":0},"south":{"uv":[5.25,4.25,5.75,4.5],"rotation":0,"texture":"#0","tintindex":0},"north":{"uv":[5.25,4.25,5.75,4.5],"rotation":0,"texture":"#0","tintindex":0},"west":{"uv":[5.25,4.25,5.75,4.5],"rotation":0,"texture":"#0","tintindex":0},"up":{"uv":[5.25,4.25,5.75,4.375],"rotation":0,"texture":"#0","tintindex":0},"down":{"uv":[5.25,4.375,5.75,4.5],"rotation":0,"texture":"#0","tintindex":0}}},{"from":[11.610297,13.018274,8.342857],"to":[13.324583,14.161132,9.485714],"rotation":{"angle":45.0,"axis":"z","origin":[12.46744,13.589704,8.914286]},"faces":{"east":{"uv":[5.25,4.25,5.75,4.5],"rotation":0,"texture":"#0","tintindex":0},"south":{"uv":[5.25,4.25,5.75,4.5],"rotation":0,"texture":"#0","tintindex":0},"north":{"uv":[5.25,4.25,5.75,4.5],"rotation":0,"texture":"#0","tintindex":0},"west":{"uv":[5.25,4.25,5.75,4.5],"rotation":0,"texture":"#0","tintindex":0},"up":{"uv":[5.25,4.25,5.75,4.375],"rotation":0,"texture":"#0","tintindex":0},"down":{"uv":[5.25,4.375,5.75,4.5],"rotation":0,"texture":"#0","tintindex":0}}},{"from":[9.954592,11.6081,8.0],"to":[12.240307,13.322386,9.714286],"rotation":{"angle":22.5,"axis":"z","origin":[11.097449,12.465243,8.857143]},"faces":{"east":{"uv":[4.25,4.25,5.0,4.625],"rotation":0,"texture":"#0","tintindex":0},"south":{"uv":[4.25,4.25,5.0,4.625],"rotation":0,"texture":"#0","tintindex":0},"north":{"uv":[4.25,4.25,5.0,4.625],"rotation":0,"texture":"#0","tintindex":0},"west":{"uv":[4.25,4.25,5.0,4.625],"rotation":0,"texture":"#0","tintindex":0},"up":{"uv":[4.25,4.25,5.0,4.375],"rotation":0,"texture":"#0","tintindex":0},"down":{"uv":[4.25,4.375,5.0,4.625],"rotation":0,"texture":"#0","tintindex":0}}}],"display":{"head":{"translation":[0.0,-6.4,0.0],"scale":[4.0,4.0,4.0]}}}