{"textures":{"0":"modelengine:entity/beesim_kingbeetle"},"elements":[{"from":[5.25,8.1,4.25],"to":[10.75,13.0,12.0],"faces":{"east":{"uv":[7.0,3.0,11.0,5.5],"tintindex":0,"rotation":0,"texture":"#0"},"south":{"uv":[3.5,9.5,6.5,12.0],"tintindex":0,"rotation":0,"texture":"#0"},"north":{"uv":[9.5,0.0,12.5,2.5],"tintindex":0,"rotation":0,"texture":"#0"},"west":{"uv":[3.5,7.0,7.5,9.5],"tintindex":0,"rotation":0,"texture":"#0"},"up":{"uv":[3.0,4.0,0.0,0.0],"tintindex":0,"rotation":0,"texture":"#0"},"down":{"uv":[6.0,0.0,3.0,4.0],"tintindex":0,"rotation":0,"texture":"#0"}}},{"from":[4.75,8.0,5.0],"to":[11.25,13.5,11.0],"faces":{"east":{"uv":[7.5,5.5,10.5,8.5],"tintindex":0,"rotation":0,"texture":"#0"},"south":{"uv":[3.5,4.0,7.0,7.0],"tintindex":0,"rotation":0,"texture":"#0"},"north":{"uv":[0.0,4.0,3.5,7.0],"tintindex":0,"rotation":0,"texture":"#0"},"west":{"uv":[7.5,8.5,10.5,11.5],"tintindex":0,"rotation":0,"texture":"#0"},"up":{"uv":[9.5,3.0,6.0,0.0],"tintindex":0,"rotation":0,"texture":"#0"},"down":{"uv":[3.5,7.0,0.0,10.0],"tintindex":0,"rotation":0,"texture":"#0"}}}],"display":{"gui":{"rotation":[30,225,0]}}}