{"textures":{"1":"modelengine:entity/ender_sword"},"elements":[{"from":[11.047619,6.857143,2.8571424],"to":[12.571428,7.2380953,4.380952],"rotation":{"angle":45.0,"axis":"y","origin":[0.0,10.857143,7.428571]},"faces":{"east":{"uv":[15.333333,0.0,16.0,2.6666667],"rotation":90,"texture":"#1","tintindex":0},"south":{"uv":[13.333333,2.0,16.0,2.6666667],"rotation":0,"texture":"#1","tintindex":0},"north":{"uv":[16.0,0.0,13.333333,0.6666667],"rotation":0,"texture":"#1","tintindex":0},"west":{"uv":[13.333333,0.0,14.0,2.6666667],"rotation":270,"texture":"#1","tintindex":0},"up":{"uv":[13.333333,0.0,16.0,2.6666667],"rotation":0,"texture":"#1","tintindex":0},"down":{"uv":[13.333333,2.6666667,16.0,0.0],"rotation":0,"texture":"#1","tintindex":0}}},{"from":[10.666667,6.857143,3.2380953],"to":[11.047619,7.2380953,5.904762],"rotation":{"angle":45.0,"axis":"y","origin":[0.0,10.857143,7.428571]},"faces":{"east":{"uv":[12.666667,0.6666667,13.333333,5.3333335],"rotation":90,"texture":"#1","tintindex":0},"south":{"uv":[12.666667,4.6666665,13.333333,5.3333335],"rotation":0,"texture":"#1","tintindex":0},"north":{"uv":[13.333333,0.6666667,12.666667,1.3333334],"rotation":0,"texture":"#1","tintindex":0},"west":{"uv":[12.666667,0.6666667,13.333333,5.3333335],"rotation":270,"texture":"#1","tintindex":0},"up":{"uv":[12.666667,0.6666667,13.333333,5.3333335],"rotation":0,"texture":"#1","tintindex":0},"down":{"uv":[12.666667,5.3333335,13.333333,0.6666667],"rotation":0,"texture":"#1","tintindex":0}}},{"from":[10.285714,6.857143,3.6190476],"to":[10.666667,7.2380953,6.285714],"rotation":{"angle":45.0,"axis":"y","origin":[0.0,10.857143,7.428571]},"faces":{"east":{"uv":[12.0,1.3333334,12.666667,6.0],"rotation":90,"texture":"#1","tintindex":0},"south":{"uv":[12.0,5.3333335,12.666667,6.0],"rotation":0,"texture":"#1","tintindex":0},"north":{"uv":[12.666667,1.3333334,12.0,2.0],"rotation":0,"texture":"#1","tintindex":0},"west":{"uv":[12.0,1.3333334,12.666667,6.0],"rotation":270,"texture":"#1","tintindex":0},"up":{"uv":[12.0,1.3333334,12.666667,6.0],"rotation":0,"texture":"#1","tintindex":0},"down":{"uv":[12.0,6.0,12.666667,1.3333334],"rotation":0,"texture":"#1","tintindex":0}}},{"from":[9.904762,6.857143,4.0],"to":[10.285714,7.2380953,6.6666665],"rotation":{"angle":45.0,"axis":"y","origin":[0.0,10.857143,7.428571]},"faces":{"east":{"uv":[11.333333,2.0,12.0,6.6666665],"rotation":90,"texture":"#1","tintindex":0},"south":{"uv":[11.333333,6.0,12.0,6.6666665],"rotation":0,"texture":"#1","tintindex":0},"north":{"uv":[12.0,2.0,11.333333,2.6666667],"rotation":0,"texture":"#1","tintindex":0},"west":{"uv":[11.333333,2.0,12.0,6.6666665],"rotation":270,"texture":"#1","tintindex":0},"up":{"uv":[11.333333,2.0,12.0,6.6666665],"rotation":0,"texture":"#1","tintindex":0},"down":{"uv":[11.333333,6.6666665,12.0,2.0],"rotation":0,"texture":"#1","tintindex":0}}},{"from":[9.523809,6.857143,4.380952],"to":[9.904762,7.2380953,7.047619],"rotation":{"angle":45.0,"axis":"y","origin":[0.0,10.857143,7.428571]},"faces":{"east":{"uv":[10.666667,2.6666667,11.333333,7.3333335],"rotation":90,"texture":"#1","tintindex":0},"south":{"uv":[10.666667,6.6666665,11.333333,7.3333335],"rotation":0,"texture":"#1","tintindex":0},"north":{"uv":[11.333333,2.6666667,10.666667,3.3333333],"rotation":0,"texture":"#1","tintindex":0},"west":{"uv":[10.666667,2.6666667,11.333333,7.3333335],"rotation":270,"texture":"#1","tintindex":0},"up":{"uv":[10.666667,2.6666667,11.333333,7.3333335],"rotation":0,"texture":"#1","tintindex":0},"down":{"uv":[10.666667,7.3333335,11.333333,2.6666667],"rotation":0,"texture":"#1","tintindex":0}}},{"from":[11.047619,6.857143,4.380952],"to":[11.809524,7.2380953,5.142857],"rotation":{"angle":45.0,"axis":"y","origin":[0.0,10.857143,7.428571]},"faces":{"east":{"uv":[14.0,2.6666667,14.666667,4.0],"rotation":90,"texture":"#1","tintindex":0},"south":{"uv":[13.333333,3.3333333,14.666667,4.0],"rotation":0,"texture":"#1","tintindex":0},"north":{"uv":[14.666667,2.6666667,13.333333,3.3333333],"rotation":0,"texture":"#1","tintindex":0},"west":{"uv":[13.333333,2.6666667,14.0,4.0],"rotation":270,"texture":"#1","tintindex":0},"up":{"uv":[13.333333,2.6666667,14.666667,4.0],"rotation":0,"texture":"#1","tintindex":0},"down":{"uv":[13.333333,4.0,14.666667,2.6666667],"rotation":0,"texture":"#1","tintindex":0}}},{"from":[11.809524,6.857143,4.380952],"to":[12.190476,7.2380953,4.7619047],"rotation":{"angle":45.0,"axis":"y","origin":[0.0,10.857143,7.428571]},"faces":{"east":{"uv":[14.666667,2.6666667,15.333333,3.3333333],"rotation":90,"texture":"#1","tintindex":0},"south":{"uv":[14.666667,2.6666667,15.333333,3.3333333],"rotation":0,"texture":"#1","tintindex":0},"north":{"uv":[15.333333,2.6666667,14.666667,3.3333333],"rotation":0,"texture":"#1","tintindex":0},"west":{"uv":[14.666667,2.6666667,15.333333,3.3333333],"rotation":270,"texture":"#1","tintindex":0},"up":{"uv":[14.666667,2.6666667,15.333333,3.3333333],"rotation":0,"texture":"#1","tintindex":0},"down":{"uv":[14.666667,3.3333333,15.333333,2.6666667],"rotation":0,"texture":"#1","tintindex":0}}},{"from":[9.142858,6.857143,4.7619047],"to":[9.523809,7.2380953,7.428571],"rotation":{"angle":45.0,"axis":"y","origin":[0.0,10.857143,7.428571]},"faces":{"east":{"uv":[10.0,3.3333333,10.666667,8.0],"rotation":90,"texture":"#1","tintindex":0},"south":{"uv":[10.0,7.3333335,10.666667,8.0],"rotation":0,"texture":"#1","tintindex":0},"north":{"uv":[10.666667,3.3333333,10.0,4.0],"rotation":0,"texture":"#1","tintindex":0},"west":{"uv":[10.0,3.3333333,10.666667,8.0],"rotation":270,"texture":"#1","tintindex":0},"up":{"uv":[10.0,3.3333333,10.666667,8.0],"rotation":0,"texture":"#1","tintindex":0},"down":{"uv":[10.0,8.0,10.666667,3.3333333],"rotation":0,"texture":"#1","tintindex":0}}},{"from":[8.761905,6.857143,5.142857],"to":[9.142858,7.2380953,7.8095236],"rotation":{"angle":45.0,"axis":"y","origin":[0.0,10.857143,7.428571]},"faces":{"east":{"uv":[9.333333,4.0,10.0,8.666667],"rotation":90,"texture":"#1","tintindex":0},"south":{"uv":[9.333333,8.0,10.0,8.666667],"rotation":0,"texture":"#1","tintindex":0},"north":{"uv":[10.0,4.0,9.333333,4.6666665],"rotation":0,"texture":"#1","tintindex":0},"west":{"uv":[9.333333,4.0,10.0,8.666667],"rotation":270,"texture":"#1","tintindex":0},"up":{"uv":[9.333333,4.0,10.0,8.666667],"rotation":0,"texture":"#1","tintindex":0},"down":{"uv":[9.333333,8.666667,10.0,4.0],"rotation":0,"texture":"#1","tintindex":0}}},{"from":[11.047619,6.857143,5.142857],"to":[11.428572,7.2380953,5.5238094],"rotation":{"angle":45.0,"axis":"y","origin":[0.0,10.857143,7.428571]},"faces":{"east":{"uv":[13.333333,4.0,14.0,4.6666665],"rotation":90,"texture":"#1","tintindex":0},"south":{"uv":[13.333333,4.0,14.0,4.6666665],"rotation":0,"texture":"#1","tintindex":0},"north":{"uv":[14.0,4.0,13.333333,4.6666665],"rotation":0,"texture":"#1","tintindex":0},"west":{"uv":[13.333333,4.0,14.0,4.6666665],"rotation":270,"texture":"#1","tintindex":0},"up":{"uv":[13.333333,4.0,14.0,4.6666665],"rotation":0,"texture":"#1","tintindex":0},"down":{"uv":[13.333333,4.6666665,14.0,4.0],"rotation":0,"texture":"#1","tintindex":0}}},{"from":[8.380953,6.857143,5.5238094],"to":[8.761905,7.2380953,8.190476],"rotation":{"angle":45.0,"axis":"y","origin":[0.0,10.857143,7.428571]},"faces":{"east":{"uv":[8.666667,4.6666665,9.333333,9.333333],"rotation":90,"texture":"#1","tintindex":0},"south":{"uv":[8.666667,8.666667,9.333333,9.333333],"rotation":0,"texture":"#1","tintindex":0},"north":{"uv":[9.333333,4.6666665,8.666667,5.3333335],"rotation":0,"texture":"#1","tintindex":0},"west":{"uv":[8.666667,4.6666665,9.333333,9.333333],"rotation":270,"texture":"#1","tintindex":0},"up":{"uv":[8.666667,4.6666665,9.333333,9.333333],"rotation":0,"texture":"#1","tintindex":0},"down":{"uv":[8.666667,9.333333,9.333333,4.6666665],"rotation":0,"texture":"#1","tintindex":0}}},{"from":[8.0,6.857143,5.904762],"to":[8.380953,7.2380953,8.571428],"rotation":{"angle":45.0,"axis":"y","origin":[0.0,10.857143,7.428571]},"faces":{"east":{"uv":[8.0,5.3333335,8.666667,10.0],"rotation":90,"texture":"#1","tintindex":0},"south":{"uv":[8.0,9.333333,8.666667,10.0],"rotation":0,"texture":"#1","tintindex":0},"north":{"uv":[8.666667,5.3333335,8.0,6.0],"rotation":0,"texture":"#1","tintindex":0},"west":{"uv":[8.0,5.3333335,8.666667,10.0],"rotation":270,"texture":"#1","tintindex":0},"up":{"uv":[8.0,5.3333335,8.666667,10.0],"rotation":0,"texture":"#1","tintindex":0},"down":{"uv":[8.0,10.0,8.666667,5.3333335],"rotation":0,"texture":"#1","tintindex":0}}},{"from":[7.6190476,6.857143,6.285714],"to":[8.0,7.2380953,8.952381],"rotation":{"angle":45.0,"axis":"y","origin":[0.0,10.857143,7.428571]},"faces":{"east":{"uv":[7.3333335,6.0,8.0,10.666667],"rotation":90,"texture":"#1","tintindex":0},"south":{"uv":[7.3333335,10.0,8.0,10.666667],"rotation":0,"texture":"#1","tintindex":0},"north":{"uv":[8.0,6.0,7.3333335,6.6666665],"rotation":0,"texture":"#1","tintindex":0},"west":{"uv":[7.3333335,6.0,8.0,10.666667],"rotation":270,"texture":"#1","tintindex":0},"up":{"uv":[7.3333335,6.0,8.0,10.666667],"rotation":0,"texture":"#1","tintindex":0},"down":{"uv":[7.3333335,10.666667,8.0,6.0],"rotation":0,"texture":"#1","tintindex":0}}},{"from":[7.2380953,6.857143,6.6666665],"to":[7.6190476,7.2380953,9.333333],"rotation":{"angle":45.0,"axis":"y","origin":[0.0,10.857143,7.428571]},"faces":{"east":{"uv":[6.6666665,6.6666665,7.3333335,11.333333],"rotation":90,"texture":"#1","tintindex":0},"south":{"uv":[6.6666665,10.666667,7.3333335,11.333333],"rotation":0,"texture":"#1","tintindex":0},"north":{"uv":[7.3333335,6.6666665,6.6666665,7.3333335],"rotation":0,"texture":"#1","tintindex":0},"west":{"uv":[6.6666665,6.6666665,7.3333335,11.333333],"rotation":270,"texture":"#1","tintindex":0},"up":{"uv":[6.6666665,6.6666665,7.3333335,11.333333],"rotation":0,"texture":"#1","tintindex":0},"down":{"uv":[6.6666665,11.333333,7.3333335,6.6666665],"rotation":0,"texture":"#1","tintindex":0}}},{"from":[6.857143,6.857143,7.047619],"to":[7.2380953,7.2380953,11.238095],"rotation":{"angle":45.0,"axis":"y","origin":[0.0,10.857143,7.428571]},"faces":{"east":{"uv":[6.0,7.3333335,6.6666665,14.666667],"rotation":90,"texture":"#1","tintindex":0},"south":{"uv":[6.0,14.0,6.6666665,14.666667],"rotation":0,"texture":"#1","tintindex":0},"north":{"uv":[6.6666665,7.3333335,6.0,8.0],"rotation":0,"texture":"#1","tintindex":0},"west":{"uv":[6.0,7.3333335,6.6666665,14.666667],"rotation":270,"texture":"#1","tintindex":0},"up":{"uv":[6.0,7.3333335,6.6666665,14.666667],"rotation":0,"texture":"#1","tintindex":0},"down":{"uv":[6.0,14.666667,6.6666665,7.3333335],"rotation":0,"texture":"#1","tintindex":0}}},{"from":[6.4761906,6.857143,7.428571],"to":[6.857143,7.2380953,11.619048],"rotation":{"angle":45.0,"axis":"y","origin":[0.0,10.857143,7.428571]},"faces":{"east":{"uv":[5.3333335,8.0,6.0,15.333333],"rotation":90,"texture":"#1","tintindex":0},"south":{"uv":[5.3333335,14.666667,6.0,15.333333],"rotation":0,"texture":"#1","tintindex":0},"north":{"uv":[6.0,8.0,5.3333335,8.666667],"rotation":0,"texture":"#1","tintindex":0},"west":{"uv":[5.3333335,8.0,6.0,15.333333],"rotation":270,"texture":"#1","tintindex":0},"up":{"uv":[5.3333335,8.0,6.0,15.333333],"rotation":0,"texture":"#1","tintindex":0},"down":{"uv":[5.3333335,15.333333,6.0,8.0],"rotation":0,"texture":"#1","tintindex":0}}},{"from":[6.095238,6.857143,7.8095236],"to":[6.4761906,7.2380953,12.0],"rotation":{"angle":45.0,"axis":"y","origin":[0.0,10.857143,7.428571]},"faces":{"east":{"uv":[4.6666665,8.666667,5.3333335,16.0],"rotation":90,"texture":"#1","tintindex":0},"south":{"uv":[4.6666665,15.333333,5.3333335,16.0],"rotation":0,"texture":"#1","tintindex":0},"north":{"uv":[5.3333335,8.666667,4.6666665,9.333333],"rotation":0,"texture":"#1","tintindex":0},"west":{"uv":[4.6666665,8.666667,5.3333335,16.0],"rotation":270,"texture":"#1","tintindex":0},"up":{"uv":[4.6666665,8.666667,5.3333335,16.0],"rotation":0,"texture":"#1","tintindex":0},"down":{"uv":[4.6666665,16.0,5.3333335,8.666667],"rotation":0,"texture":"#1","tintindex":0}}},{"from":[4.1904764,6.857143,8.190476],"to":[6.095238,7.2380953,9.333333],"rotation":{"angle":45.0,"axis":"y","origin":[0.0,10.857143,7.428571]},"faces":{"east":{"uv":[4.0,9.333333,4.6666665,11.333333],"rotation":90,"texture":"#1","tintindex":0},"south":{"uv":[1.3333334,10.666667,4.6666665,11.333333],"rotation":0,"texture":"#1","tintindex":0},"north":{"uv":[4.6666665,9.333333,1.3333334,10.0],"rotation":0,"texture":"#1","tintindex":0},"west":{"uv":[1.3333334,9.333333,2.0,11.333333],"rotation":270,"texture":"#1","tintindex":0},"up":{"uv":[1.3333334,9.333333,4.6666665,11.333333],"rotation":0,"texture":"#1","tintindex":0},"down":{"uv":[1.3333334,11.333333,4.6666665,9.333333],"rotation":0,"texture":"#1","tintindex":0}}},{"from":[3.8095236,6.857143,8.571428],"to":[4.1904764,7.2380953,10.095238],"rotation":{"angle":45.0,"axis":"y","origin":[0.0,10.857143,7.428571]},"faces":{"east":{"uv":[0.6666667,10.0,1.3333334,12.666667],"rotation":90,"texture":"#1","tintindex":0},"south":{"uv":[0.6666667,12.0,1.3333334,12.666667],"rotation":0,"texture":"#1","tintindex":0},"north":{"uv":[1.3333334,10.0,0.6666667,10.666667],"rotation":0,"texture":"#1","tintindex":0},"west":{"uv":[0.6666667,10.0,1.3333334,12.666667],"rotation":270,"texture":"#1","tintindex":0},"up":{"uv":[0.6666667,10.0,1.3333334,12.666667],"rotation":0,"texture":"#1","tintindex":0},"down":{"uv":[0.6666667,12.666667,1.3333334,10.0],"rotation":0,"texture":"#1","tintindex":0}}},{"from":[3.4285712,6.857143,8.952381],"to":[3.8095236,7.2380953,9.714286],"rotation":{"angle":45.0,"axis":"y","origin":[0.0,10.857143,7.428571]},"faces":{"east":{"uv":[0.0,10.666667,0.6666667,12.0],"rotation":90,"texture":"#1","tintindex":0},"south":{"uv":[0.0,11.333333,0.6666667,12.0],"rotation":0,"texture":"#1","tintindex":0},"north":{"uv":[0.6666667,10.666667,0.0,11.333333],"rotation":0,"texture":"#1","tintindex":0},"west":{"uv":[0.0,10.666667,0.6666667,12.0],"rotation":270,"texture":"#1","tintindex":0},"up":{"uv":[0.0,10.666667,0.6666667,12.0],"rotation":0,"texture":"#1","tintindex":0},"down":{"uv":[0.0,12.0,0.6666667,10.666667],"rotation":0,"texture":"#1","tintindex":0}}},{"from":[4.1904764,6.857143,9.333333],"to":[4.5714283,7.2380953,12.0],"rotation":{"angle":45.0,"axis":"y","origin":[0.0,10.857143,7.428571]},"faces":{"east":{"uv":[1.3333334,11.333333,2.0,16.0],"rotation":90,"texture":"#1","tintindex":0},"south":{"uv":[1.3333334,15.333333,2.0,16.0],"rotation":0,"texture":"#1","tintindex":0},"north":{"uv":[2.0,11.333333,1.3333334,12.0],"rotation":0,"texture":"#1","tintindex":0},"west":{"uv":[1.3333334,11.333333,2.0,16.0],"rotation":270,"texture":"#1","tintindex":0},"up":{"uv":[1.3333334,11.333333,2.0,16.0],"rotation":0,"texture":"#1","tintindex":0},"down":{"uv":[1.3333334,16.0,2.0,11.333333],"rotation":0,"texture":"#1","tintindex":0}}},{"from":[4.9523807,6.857143,9.333333],"to":[6.095238,7.2380953,10.476191],"rotation":{"angle":45.0,"axis":"y","origin":[0.0,10.857143,7.428571]},"faces":{"east":{"uv":[4.0,11.333333,4.6666665,13.333333],"rotation":90,"texture":"#1","tintindex":0},"south":{"uv":[2.6666667,12.666667,4.6666665,13.333333],"rotation":0,"texture":"#1","tintindex":0},"north":{"uv":[4.6666665,11.333333,2.6666667,12.0],"rotation":0,"texture":"#1","tintindex":0},"west":{"uv":[2.6666667,11.333333,3.3333333,13.333333],"rotation":270,"texture":"#1","tintindex":0},"up":{"uv":[2.6666667,11.333333,4.6666665,13.333333],"rotation":0,"texture":"#1","tintindex":0},"down":{"uv":[2.6666667,13.333333,4.6666665,11.333333],"rotation":0,"texture":"#1","tintindex":0}}},{"from":[4.5714283,6.857143,9.714286],"to":[4.9523807,7.2380953,11.619048],"rotation":{"angle":45.0,"axis":"y","origin":[0.0,10.857143,7.428571]},"faces":{"east":{"uv":[2.0,12.0,2.6666667,15.333333],"rotation":90,"texture":"#1","tintindex":0},"south":{"uv":[2.0,14.666667,2.6666667,15.333333],"rotation":0,"texture":"#1","tintindex":0},"north":{"uv":[2.6666667,12.0,2.0,12.666667],"rotation":0,"texture":"#1","tintindex":0},"west":{"uv":[2.0,12.0,2.6666667,15.333333],"rotation":270,"texture":"#1","tintindex":0},"up":{"uv":[2.0,12.0,2.6666667,15.333333],"rotation":0,"texture":"#1","tintindex":0},"down":{"uv":[2.0,15.333333,2.6666667,12.0],"rotation":0,"texture":"#1","tintindex":0}}},{"from":[4.9523807,6.857143,10.476191],"to":[5.714286,7.2380953,11.238095],"rotation":{"angle":45.0,"axis":"y","origin":[0.0,10.857143,7.428571]},"faces":{"east":{"uv":[3.3333333,13.333333,4.0,14.666667],"rotation":90,"texture":"#1","tintindex":0},"south":{"uv":[2.6666667,14.0,4.0,14.666667],"rotation":0,"texture":"#1","tintindex":0},"north":{"uv":[4.0,13.333333,2.6666667,14.0],"rotation":0,"texture":"#1","tintindex":0},"west":{"uv":[2.6666667,13.333333,3.3333333,14.666667],"rotation":270,"texture":"#1","tintindex":0},"up":{"uv":[2.6666667,13.333333,4.0,14.666667],"rotation":0,"texture":"#1","tintindex":0},"down":{"uv":[2.6666667,14.666667,4.0,13.333333],"rotation":0,"texture":"#1","tintindex":0}}},{"from":[3.8095236,6.857143,10.857143],"to":[4.1904764,7.2380953,12.0],"rotation":{"angle":45.0,"axis":"y","origin":[0.0,10.857143,7.428571]},"faces":{"east":{"uv":[0.6666667,14.0,1.3333334,16.0],"rotation":90,"texture":"#1","tintindex":0},"south":{"uv":[0.6666667,15.333333,1.3333334,16.0],"rotation":0,"texture":"#1","tintindex":0},"north":{"uv":[1.3333334,14.0,0.6666667,14.666667],"rotation":0,"texture":"#1","tintindex":0},"west":{"uv":[0.6666667,14.0,1.3333334,16.0],"rotation":270,"texture":"#1","tintindex":0},"up":{"uv":[0.6666667,14.0,1.3333334,16.0],"rotation":0,"texture":"#1","tintindex":0},"down":{"uv":[0.6666667,16.0,1.3333334,14.0],"rotation":0,"texture":"#1","tintindex":0}}},{"from":[5.714286,6.857143,10.857143],"to":[6.095238,7.2380953,12.0],"rotation":{"angle":45.0,"axis":"y","origin":[0.0,10.857143,7.428571]},"faces":{"east":{"uv":[4.0,14.0,4.6666665,16.0],"rotation":90,"texture":"#1","tintindex":0},"south":{"uv":[4.0,15.333333,4.6666665,16.0],"rotation":0,"texture":"#1","tintindex":0},"north":{"uv":[4.6666665,14.0,4.0,14.666667],"rotation":0,"texture":"#1","tintindex":0},"west":{"uv":[4.0,14.0,4.6666665,16.0],"rotation":270,"texture":"#1","tintindex":0},"up":{"uv":[4.0,14.0,4.6666665,16.0],"rotation":0,"texture":"#1","tintindex":0},"down":{"uv":[4.0,16.0,4.6666665,14.0],"rotation":0,"texture":"#1","tintindex":0}}},{"from":[3.4285712,6.857143,11.238095],"to":[3.8095236,7.2380953,12.0],"rotation":{"angle":45.0,"axis":"y","origin":[0.0,10.857143,7.428571]},"faces":{"east":{"uv":[0.0,14.666667,0.6666667,16.0],"rotation":90,"texture":"#1","tintindex":0},"south":{"uv":[0.0,15.333333,0.6666667,16.0],"rotation":0,"texture":"#1","tintindex":0},"north":{"uv":[0.6666667,14.666667,0.0,15.333333],"rotation":0,"texture":"#1","tintindex":0},"west":{"uv":[0.0,14.666667,0.6666667,16.0],"rotation":270,"texture":"#1","tintindex":0},"up":{"uv":[0.0,14.666667,0.6666667,16.0],"rotation":0,"texture":"#1","tintindex":0},"down":{"uv":[0.0,16.0,0.6666667,14.666667],"rotation":0,"texture":"#1","tintindex":0}}},{"from":[5.333333,6.857143,11.238095],"to":[5.714286,7.2380953,11.619048],"rotation":{"angle":45.0,"axis":"y","origin":[0.0,10.857143,7.428571]},"faces":{"east":{"uv":[3.3333333,14.666667,4.0,15.333333],"rotation":90,"texture":"#1","tintindex":0},"south":{"uv":[3.3333333,14.666667,4.0,15.333333],"rotation":0,"texture":"#1","tintindex":0},"north":{"uv":[4.0,14.666667,3.3333333,15.333333],"rotation":0,"texture":"#1","tintindex":0},"west":{"uv":[3.3333333,14.666667,4.0,15.333333],"rotation":270,"texture":"#1","tintindex":0},"up":{"uv":[3.3333333,14.666667,4.0,15.333333],"rotation":0,"texture":"#1","tintindex":0},"down":{"uv":[3.3333333,15.333333,4.0,14.666667],"rotation":0,"texture":"#1","tintindex":0}}}],"display":{"head":{"translation":[0.0,-6.4,0.0],"scale":[4.0,4.0,4.0]}}}