{"textures":{"0":"modelengine:entity/enderman"},"elements":[{"from":[7.142857,-1.0285721,7.3714285],"to":[8.0,-0.11428642,8.057143],"rotation":{"angle":0.0,"axis":"y","origin":[16.0,8.0,8.0]},"faces":{"east":{"uv":[0.0,15.625,0.75,16.0],"rotation":0,"texture":"#0","tintindex":0},"south":{"uv":[0.0,15.625,0.75,16.0],"rotation":0,"texture":"#0","tintindex":0},"north":{"uv":[0.0,15.625,0.75,16.0],"rotation":0,"texture":"#0","tintindex":0},"west":{"uv":[0.0,15.625,0.75,16.0],"rotation":0,"texture":"#0","tintindex":0},"up":{"uv":[0.0,15.625,0.75,16.0],"rotation":0,"texture":"#0","tintindex":0},"down":{"uv":[0.0,15.625,0.75,16.0],"rotation":0,"texture":"#0","tintindex":0}}},{"from":[7.3142858,0.22857094,7.3714285],"to":[8.571428,0.91428566,8.6285715],"rotation":{"angle":0.0,"axis":"y","origin":[16.0,8.0,8.0]},"faces":{"east":{"uv":[0.0,15.625,0.75,16.0],"rotation":0,"texture":"#0","tintindex":0},"south":{"uv":[0.0,15.625,0.75,16.0],"rotation":0,"texture":"#0","tintindex":0},"north":{"uv":[0.0,15.625,0.75,16.0],"rotation":0,"texture":"#0","tintindex":0},"west":{"uv":[0.0,15.625,0.75,16.0],"rotation":0,"texture":"#0","tintindex":0},"up":{"uv":[0.0,15.625,0.75,16.0],"rotation":0,"texture":"#0","tintindex":0},"down":{"uv":[0.0,15.625,0.75,16.0],"rotation":0,"texture":"#0","tintindex":0}}},{"from":[7.542857,-1.4285717,7.0857143],"to":[8.4,0.5142851,7.7714286],"rotation":{"angle":0.0,"axis":"y","origin":[16.0,8.0,8.0]},"faces":{"east":{"uv":[0.0,15.625,0.75,16.0],"rotation":0,"texture":"#0","tintindex":0},"south":{"uv":[0.0,15.625,0.75,16.0],"rotation":0,"texture":"#0","tintindex":0},"north":{"uv":[0.0,15.625,0.75,16.0],"rotation":0,"texture":"#0","tintindex":0},"west":{"uv":[0.0,15.625,0.75,16.0],"rotation":0,"texture":"#0","tintindex":0},"up":{"uv":[0.0,15.625,0.75,16.0],"rotation":0,"texture":"#0","tintindex":0},"down":{"uv":[0.0,15.625,0.75,16.0],"rotation":0,"texture":"#0","tintindex":0}}},{"from":[7.542857,-1.257144,8.171429],"to":[8.4,0.22857094,8.857143],"rotation":{"angle":0.0,"axis":"y","origin":[16.0,8.0,8.0]},"faces":{"east":{"uv":[0.0,15.625,0.75,16.0],"rotation":0,"texture":"#0","tintindex":0},"south":{"uv":[0.0,15.625,0.75,16.0],"rotation":0,"texture":"#0","tintindex":0},"north":{"uv":[0.0,15.625,0.75,16.0],"rotation":0,"texture":"#0","tintindex":0},"west":{"uv":[0.0,15.625,0.75,16.0],"rotation":0,"texture":"#0","tintindex":0},"up":{"uv":[0.0,15.625,0.75,16.0],"rotation":0,"texture":"#0","tintindex":0},"down":{"uv":[0.0,15.625,0.75,16.0],"rotation":0,"texture":"#0","tintindex":0}}},{"from":[8.0,-1.6571445,7.3714285],"to":[8.857143,-0.17142868,8.057143],"rotation":{"angle":0.0,"axis":"y","origin":[16.0,8.0,8.0]},"faces":{"east":{"uv":[0.0,15.625,0.75,16.0],"rotation":0,"texture":"#0","tintindex":0},"south":{"uv":[0.0,15.625,0.75,16.0],"rotation":0,"texture":"#0","tintindex":0},"north":{"uv":[0.0,15.625,0.75,16.0],"rotation":0,"texture":"#0","tintindex":0},"west":{"uv":[0.0,15.625,0.75,16.0],"rotation":0,"texture":"#0","tintindex":0},"up":{"uv":[0.0,15.625,0.75,16.0],"rotation":0,"texture":"#0","tintindex":0},"down":{"uv":[0.0,15.625,0.75,16.0],"rotation":0,"texture":"#0","tintindex":0}}},{"from":[7.257143,-2.0,7.3142858],"to":[8.6285715,0.5142851,8.685715],"rotation":{"angle":0.0,"axis":"y","origin":[16.0,8.0,8.0]},"faces":{"east":{"uv":[0.0,15.625,0.75,16.0],"rotation":0,"texture":"#0","tintindex":0},"south":{"uv":[0.0,15.625,0.75,16.0],"rotation":0,"texture":"#0","tintindex":0},"north":{"uv":[0.0,15.625,0.75,16.0],"rotation":0,"texture":"#0","tintindex":0},"west":{"uv":[0.0,15.625,0.75,16.0],"rotation":0,"texture":"#0","tintindex":0},"up":{"uv":[0.0,15.625,0.75,16.0],"rotation":0,"texture":"#0","tintindex":0},"down":{"uv":[0.0,15.625,0.75,16.0],"rotation":0,"texture":"#0","tintindex":0}}}],"display":{"head":{"translation":[0.0,-6.4,0.0],"scale":[4.0,4.0,4.0]}}}