{
	"credit": "Made with Blockbench",
	"textures": {
		"5": "block/equipment/hattt",
		"6": "block/equipment/prop",
		"7": "block/equipment/thinh",
		"particle": "block/equipment/hattt"
	},
	"elements": [
		{
			"from": [8.3, 10, 10.3],
			"to": [8.7, 13, 10.7],
			"rotation": {"angle": 0, "axis": "y", "origin": [7, 9.4, 7]},
			"faces": {
				"north": {"uv": [7, 0, 7.5, 3], "texture": "#7"},
				"east": {"uv": [7, 3, 7.5, 6], "texture": "#7"},
				"south": {"uv": [7, 6, 7.5, 9], "texture": "#7"},
				"west": {"uv": [8, 0, 8.5, 3], "texture": "#7"},
				"up": {"uv": [8.5, 3.5, 8, 3], "texture": "#7"},
				"down": {"uv": [8.5, 4, 8, 4.5], "texture": "#7"}
			}
		},
		{
			"from": [5, 12.5, 7],
			"to": [12, 12.5, 14],
			"rotation": {"angle": 0, "axis": "y", "origin": [7, 10.9, 7]},
			"faces": {
				"north": {"uv": [0, 0, 7, 0], "texture": "#6"},
				"east": {"uv": [0, 0, 7, 0], "texture": "#6"},
				"south": {"uv": [0, 0, 7, 0], "texture": "#6"},
				"west": {"uv": [0, 0, 7, 0], "texture": "#6"},
				"up": {"uv": [16, 16, 0, 0], "texture": "#6"},
				"down": {"uv": [16, 0, 0, 16], "texture": "#6"}
			}
		},
		{
			"from": [4, 6.9, 6],
			"to": [13, 10, 6],
			"rotation": {"angle": 0, "axis": "y", "origin": [5.5, 3.9, 6.5]},
			"faces": {
				"north": {"uv": [0, 9, 4.5, 10.5], "texture": "#5"},
				"east": {"uv": [0, 0, 0, 1.5], "texture": "#5"},
				"south": {"uv": [9, 0, 13.5, 1.5], "texture": "#5"},
				"west": {"uv": [0, 0, 0, 1.5], "texture": "#5"},
				"up": {"uv": [4.5, 0, 0, 0], "texture": "#5"},
				"down": {"uv": [4.5, 0, 0, 0], "texture": "#5"}
			}
		},
		{
			"from": [13, 6.9, 6],
			"to": [13, 10, 15],
			"rotation": {"angle": 0, "axis": "y", "origin": [12.5, 3.9, 7]},
			"faces": {
				"north": {"uv": [0, 0, 0, 1.5], "texture": "#5"},
				"east": {"uv": [9, 1.5, 13.5, 3], "texture": "#5"},
				"south": {"uv": [0, 0, 0, 1.5], "texture": "#5"},
				"west": {"uv": [9, 3, 13.5, 4.5], "texture": "#5"},
				"up": {"uv": [0, 4.5, 0, 0], "texture": "#5"},
				"down": {"uv": [0, 0, 0, 4.5], "texture": "#5"}
			}
		},
		{
			"from": [4, 7.1, -1],
			"to": [13, 7.1, 6.3],
			"rotation": {"angle": 0, "axis": "y", "origin": [7, 5.5, 0]},
			"faces": {
				"north": {"uv": [0, 0, 4.5, 0], "texture": "#5"},
				"east": {"uv": [0, 0, 3.75, 0], "texture": "#5"},
				"south": {"uv": [0, 0, 4.5, 0], "texture": "#5"},
				"west": {"uv": [0, 0, 3.75, 0], "texture": "#5"},
				"up": {"uv": [9, 3.75, 4.5, 0], "texture": "#5"},
				"down": {"uv": [9, 4, 4.5, 7.75], "texture": "#5"}
			}
		},
		{
			"from": [4, 10, 6],
			"to": [13, 10, 15],
			"rotation": {"angle": 0, "axis": "y", "origin": [7, 8.4, 7]},
			"faces": {
				"north": {"uv": [0, 0, 4.5, 0], "texture": "#5"},
				"east": {"uv": [0, 0, 4.5, 0], "texture": "#5"},
				"south": {"uv": [0, 0, 4.5, 0], "texture": "#5"},
				"west": {"uv": [0, 0, 4.5, 0], "texture": "#5"},
				"up": {"uv": [4.5, 4.5, 0, 0], "texture": "#5"},
				"down": {"uv": [4.5, 4.5, 0, 9], "texture": "#5"}
			}
		},
		{
			"from": [4, 6.9, 15],
			"to": [13, 10, 15],
			"rotation": {"angle": 0, "axis": "y", "origin": [5.5, 3.9, 14]},
			"faces": {
				"north": {"uv": [9, 4.5, 13.5, 6], "texture": "#5"},
				"east": {"uv": [0, 0, 0, 1.5], "texture": "#5"},
				"south": {"uv": [9, 6, 13.5, 7.5], "texture": "#5"},
				"west": {"uv": [0, 0, 0, 1.5], "texture": "#5"},
				"up": {"uv": [4.5, 0, 0, 0], "texture": "#5"},
				"down": {"uv": [4.5, 0, 0, 0], "texture": "#5"}
			}
		},
		{
			"from": [4, 6.9, 6],
			"to": [4, 10, 15],
			"rotation": {"angle": 0, "axis": "y", "origin": [5, 3.9, 7]},
			"faces": {
				"north": {"uv": [0, 0, 0, 1.5], "texture": "#5"},
				"east": {"uv": [0, 10.5, 4.5, 12], "texture": "#5"},
				"south": {"uv": [0, 0, 0, 1.5], "texture": "#5"},
				"west": {"uv": [4.5, 11.5, 9, 13], "texture": "#5"},
				"up": {"uv": [0, 4.5, 0, 0], "texture": "#5"},
				"down": {"uv": [0, 0, 0, 4.5], "texture": "#5"}
			}
		}
	],
	"display": {
		"thirdperson_righthand": {
			"scale": [0.34, 0.34, 0.34]
		},
		"thirdperson_lefthand": {
			"rotation": [68.5, 0, 0],
			"translation": [-5.5, 4.25, 18],
			"scale": [0.94727, 1, 1]
		},
		"gui": {
			"rotation": [30, -150, 0],
			"translation": [0.25, 0, 0]
		},
		"head": {
			"translation": [-0.75, 6, -3.75],
			"scale": [1.63, 1.63, 1.63]
		},
		"fixed": {
			"rotation": [-73.64, 88.13, -17]
		}
	},
	"groups": [
		{
			"name": "propeller",
			"origin": [7, 10.9, 7],
			"color": 0,
			"children": [0, 1]
		},
		{
			"name": "hat",
			"origin": [5, 3.9, 7],
			"color": 0,
			"children": [2, 3, 4, 5, 6, 7]
		}
	]
}