{
	"credit": "Made with Blockbench",
	"texture_size": [64, 64],
	"textures": {
		"0": "block/equipment/helmet",
		"particle": "block/equipment/helmet"
	},
	"elements": [
		{
			"from": [3, 8, 7],
			"to": [11, 9, 15],
			"rotation": {"angle": 0, "axis": "y", "origin": [7, 8, 7]},
			"faces": {
				"north": {"uv": [5.75, 4.25, 7.75, 4.5], "texture": "#0"},
				"east": {"uv": [5.75, 4.5, 7.75, 4.75], "texture": "#0"},
				"south": {"uv": [5.75, 4.75, 7.75, 5], "texture": "#0"},
				"west": {"uv": [5.75, 5, 7.75, 5.25], "texture": "#0"},
				"up": {"uv": [4.25, 2, 2.25, 0], "texture": "#0"},
				"down": {"uv": [4.25, 2, 2.25, 4], "texture": "#0"}
			}
		},
		{
			"from": [3, 6.1, 6],
			"to": [11, 9, 7],
			"rotation": {"angle": 0, "axis": "y", "origin": [7, 5, 6.5]},
			"faces": {
				"north": {"uv": [2.25, 4, 4.25, 4.75], "texture": "#0"},
				"east": {"uv": [3, 6.5, 3.25, 7.25], "texture": "#0"},
				"south": {"uv": [4.25, 0, 6.25, 0.75], "texture": "#0"},
				"west": {"uv": [3.25, 6.5, 3.5, 7.25], "texture": "#0"},
				"up": {"uv": [7.75, 5.5, 5.75, 5.25], "texture": "#0"},
				"down": {"uv": [7.75, 5.5, 5.75, 5.75], "texture": "#0"}
			}
		},
		{
			"from": [2.5, 0.4, 15],
			"to": [11.5, 9, 15.5],
			"rotation": {"angle": 0, "axis": "y", "origin": [7.5, 5, 15.5]},
			"faces": {
				"north": {"uv": [0, 0, 2.25, 2.25], "texture": "#0"},
				"east": {"uv": [3.75, 4.75, 4, 7], "texture": "#0"},
				"south": {"uv": [0, 2.25, 2.25, 4.5], "texture": "#0"},
				"west": {"uv": [4, 4.75, 4.25, 7], "texture": "#0"},
				"up": {"uv": [8, 4, 5.75, 3.75], "texture": "#0"},
				"down": {"uv": [8, 4, 5.75, 4.25], "texture": "#0"}
			}
		},
		{
			"from": [10.9, 4.4, 6],
			"to": [11.5, 9, 8.5],
			"rotation": {"angle": 0, "axis": "y", "origin": [11.5, 7.55, 10]},
			"faces": {
				"north": {"uv": [0.5, 6.25, 0.75, 7.5], "texture": "#0"},
				"east": {"uv": [2.25, 4.75, 3, 6], "texture": "#0"},
				"south": {"uv": [6.25, 0.75, 6.5, 2], "texture": "#0"},
				"west": {"uv": [3, 4.75, 3.75, 6], "texture": "#0"},
				"up": {"uv": [3.75, 7.25, 3.5, 6.5], "texture": "#0"},
				"down": {"uv": [7, 0.75, 6.75, 1.5], "texture": "#0"}
			}
		},
		{
			"from": [2.5001, 4.61033, 7.99256],
			"to": [3.0999, 6.21013, 10.49236],
			"rotation": {"angle": 45, "axis": "x", "origin": [2.8, 6.91023, 9.24246]},
			"faces": {
				"north": {"uv": [6.5, 7.5, 6.75, 8], "texture": "#0"},
				"east": {"uv": [1, 6, 1.75, 6.5], "texture": "#0"},
				"south": {"uv": [6.75, 7.5, 7, 8], "texture": "#0"},
				"west": {"uv": [1.75, 6, 2.5, 6.5], "texture": "#0"},
				"up": {"uv": [6.25, 7.5, 6, 6.75], "texture": "#0"},
				"down": {"uv": [6.5, 6.75, 6.25, 7.5], "texture": "#0"}
			}
		},
		{
			"from": [2.5, 6.31639, 8.47794],
			"to": [3.1, 7.51639, 11.27794],
			"rotation": {"angle": -22.5, "axis": "x", "origin": [2.8, 7.56639, 11.27794]},
			"faces": {
				"north": {"uv": [8, 3.5, 8.25, 3.75], "texture": "#0"},
				"east": {"uv": [7.25, 7, 8, 7.25], "texture": "#0"},
				"south": {"uv": [8, 3.75, 8.25, 4], "texture": "#0"},
				"west": {"uv": [7.5, 2.25, 8.25, 2.5], "texture": "#0"},
				"up": {"uv": [2.75, 8.25, 2.5, 7.5], "texture": "#0"},
				"down": {"uv": [7.75, 2.5, 7.5, 3.25], "texture": "#0"}
			}
		},
		{
			"from": [10.9, 6.31639, 8.47794],
			"to": [11.5, 7.51639, 11.27794],
			"rotation": {"angle": -22.5, "axis": "x", "origin": [11.2, 7.56639, 11.27794]},
			"faces": {
				"north": {"uv": [8, 4, 8.25, 4.25], "texture": "#0"},
				"east": {"uv": [7.5, 3.25, 8.25, 3.5], "texture": "#0"},
				"south": {"uv": [4.25, 8, 4.5, 8.25], "texture": "#0"},
				"west": {"uv": [5, 7.5, 5.75, 7.75], "texture": "#0"},
				"up": {"uv": [3.5, 8.25, 3.25, 7.5], "texture": "#0"},
				"down": {"uv": [3.75, 7.5, 3.5, 8.25], "texture": "#0"}
			}
		},
		{
			"from": [10.9001, 4.61033, 7.99256],
			"to": [11.4999, 6.21013, 10.49236],
			"rotation": {"angle": 45, "axis": "x", "origin": [11.2, 6.91023, 9.24246]},
			"faces": {
				"north": {"uv": [2.25, 7.75, 2.5, 8.25], "texture": "#0"},
				"east": {"uv": [6, 2.5, 6.75, 3], "texture": "#0"},
				"south": {"uv": [7.75, 2.5, 8, 3], "texture": "#0"},
				"west": {"uv": [3, 6, 3.75, 6.5], "texture": "#0"},
				"up": {"uv": [3, 8.25, 2.75, 7.5], "texture": "#0"},
				"down": {"uv": [3.25, 7.5, 3, 8.25], "texture": "#0"}
			}
		},
		{
			"from": [10.9001, 5.66033, 10.74256],
			"to": [11.4999, 8.16013, 12.34236],
			"rotation": {"angle": -45, "axis": "x", "origin": [11.2, 6.91023, 13.04246]},
			"faces": {
				"north": {"uv": [7.5, 6, 7.75, 6.75], "texture": "#0"},
				"east": {"uv": [0, 6.25, 0.5, 7], "texture": "#0"},
				"south": {"uv": [6.25, 7.5, 6.5, 8.25], "texture": "#0"},
				"west": {"uv": [6.25, 0, 6.75, 0.75], "texture": "#0"},
				"up": {"uv": [8, 4.75, 7.75, 4.25], "texture": "#0"},
				"down": {"uv": [8, 4.75, 7.75, 5.25], "texture": "#0"}
			}
		},
		{
			"from": [2.5001, 5.66033, 10.74256],
			"to": [3.0999, 8.16013, 12.34236],
			"rotation": {"angle": -45, "axis": "x", "origin": [2.8, 6.91023, 13.04246]},
			"faces": {
				"north": {"uv": [5.75, 7.5, 6, 8.25], "texture": "#0"},
				"east": {"uv": [6, 3, 6.5, 3.75], "texture": "#0"},
				"south": {"uv": [6, 7.5, 6.25, 8.25], "texture": "#0"},
				"west": {"uv": [6, 5.75, 6.5, 6.5], "texture": "#0"},
				"up": {"uv": [4, 8.25, 3.75, 7.75], "texture": "#0"},
				"down": {"uv": [4.25, 7.75, 4, 8.25], "texture": "#0"}
			}
		},
		{
			"from": [2.5, 4.4, 6],
			"to": [3.1, 9, 8.5],
			"rotation": {"angle": 0, "axis": "y", "origin": [3, 7.55, 10]},
			"faces": {
				"north": {"uv": [2, 6.5, 2.25, 7.75], "texture": "#0"},
				"east": {"uv": [5, 3.75, 5.75, 5], "texture": "#0"},
				"south": {"uv": [2.25, 6.5, 2.5, 7.75], "texture": "#0"},
				"west": {"uv": [5, 5, 5.75, 6.25], "texture": "#0"},
				"up": {"uv": [7.75, 1.5, 7.5, 0.75], "texture": "#0"},
				"down": {"uv": [7.75, 1.5, 7.5, 2.25], "texture": "#0"}
			}
		},
		{
			"from": [2.5, 0.26209, 6.47692],
			"to": [3.1, 4.86209, 7.37692],
			"rotation": {"angle": 0, "axis": "y", "origin": [7, 2.56209, 6.92692]},
			"faces": {
				"north": {"uv": [5, 6.25, 5.25, 7.5], "texture": "#0"},
				"east": {"uv": [5.25, 6.25, 5.5, 7.5], "texture": "#0"},
				"south": {"uv": [5.5, 6.25, 5.75, 7.5], "texture": "#0"},
				"west": {"uv": [6.5, 0.75, 6.75, 2], "texture": "#0"},
				"up": {"uv": [5.75, 8, 5.5, 7.75], "texture": "#0"},
				"down": {"uv": [8, 5.5, 7.75, 5.75], "texture": "#0"}
			}
		},
		{
			"from": [10.9, 0.26209, 6.47692],
			"to": [11.5, 4.86209, 7.37692],
			"rotation": {"angle": 0, "axis": "y", "origin": [7, 2.56209, 6.92692]},
			"faces": {
				"north": {"uv": [1, 6.5, 1.25, 7.75], "texture": "#0"},
				"east": {"uv": [1.25, 6.5, 1.5, 7.75], "texture": "#0"},
				"south": {"uv": [1.5, 6.5, 1.75, 7.75], "texture": "#0"},
				"west": {"uv": [1.75, 6.5, 2, 7.75], "texture": "#0"},
				"up": {"uv": [8, 6.25, 7.75, 6], "texture": "#0"},
				"down": {"uv": [8, 6.25, 7.75, 6.5], "texture": "#0"}
			}
		},
		{
			"from": [2.5, 0.61209, 10.12692],
			"to": [3.1, 1.21209, 12.72692],
			"rotation": {"angle": -22.5, "axis": "x", "origin": [7, 0.76209, 10.42692]},
			"faces": {
				"north": {"uv": [7.25, 7.75, 7.5, 8], "texture": "#0"},
				"east": {"uv": [6.75, 2.75, 7.5, 3], "texture": "#0"},
				"south": {"uv": [7.75, 7.25, 8, 7.5], "texture": "#0"},
				"west": {"uv": [3, 7.25, 3.75, 7.5], "texture": "#0"},
				"up": {"uv": [4.5, 8, 4.25, 7.25], "texture": "#0"},
				"down": {"uv": [4.75, 7.25, 4.5, 8], "texture": "#0"}
			}
		},
		{
			"from": [10.9, 0.61209, 10.12692],
			"to": [11.5, 1.21209, 12.72692],
			"rotation": {"angle": -22.5, "axis": "x", "origin": [7, 0.76209, 10.42692]},
			"faces": {
				"north": {"uv": [7.75, 6.5, 8, 6.75], "texture": "#0"},
				"east": {"uv": [6.75, 1.5, 7.5, 1.75], "texture": "#0"},
				"south": {"uv": [7, 7.75, 7.25, 8], "texture": "#0"},
				"west": {"uv": [6.75, 1.75, 7.5, 2], "texture": "#0"},
				"up": {"uv": [7.5, 1.5, 7.25, 0.75], "texture": "#0"},
				"down": {"uv": [7.5, 2, 7.25, 2.75], "texture": "#0"}
			}
		},
		{
			"from": [2.5, 0.53154, 7.22196],
			"to": [3.1, 1.13154, 10.32196],
			"rotation": {"angle": 0, "axis": "y", "origin": [7, 0.68154, 8.02196]},
			"faces": {
				"north": {"uv": [7.75, 7.75, 8, 8], "texture": "#0"},
				"east": {"uv": [6.75, 7.25, 7.5, 7.5], "texture": "#0"},
				"south": {"uv": [8, 0.5, 8.25, 0.75], "texture": "#0"},
				"west": {"uv": [7.25, 6.75, 8, 7], "texture": "#0"},
				"up": {"uv": [7.75, 0.75, 7.5, 0], "texture": "#0"},
				"down": {"uv": [0.75, 7.5, 0.5, 8.25], "texture": "#0"}
			}
		},
		{
			"from": [10.9, 0.53154, 7.22196],
			"to": [11.5, 1.13154, 10.32196],
			"rotation": {"angle": 0, "axis": "y", "origin": [7, 0.68154, 8.02196]},
			"faces": {
				"north": {"uv": [7.5, 7.75, 7.75, 8], "texture": "#0"},
				"east": {"uv": [7.25, 3.5, 8, 3.75], "texture": "#0"},
				"south": {"uv": [7.75, 7.5, 8, 7.75], "texture": "#0"},
				"west": {"uv": [7.25, 5.75, 8, 6], "texture": "#0"},
				"up": {"uv": [5, 8, 4.75, 7.25], "texture": "#0"},
				"down": {"uv": [7.5, 6, 7.25, 6.75], "texture": "#0"}
			}
		},
		{
			"from": [3.50758, 0.53154, 5.57842],
			"to": [4.10758, 1.13154, 7.17842],
			"rotation": {"angle": -45, "axis": "y", "origin": [3.80758, 0.68154, 5.62842]},
			"faces": {
				"north": {"uv": [1, 8, 1.25, 8.25], "texture": "#0"},
				"east": {"uv": [7.75, 0, 8.25, 0.25], "texture": "#0"},
				"south": {"uv": [1.25, 8, 1.5, 8.25], "texture": "#0"},
				"west": {"uv": [7.75, 0.25, 8.25, 0.5], "texture": "#0"},
				"up": {"uv": [0.5, 8.25, 0.25, 7.75], "texture": "#0"},
				"down": {"uv": [8, 0.5, 7.75, 1], "texture": "#0"}
			}
		},
		{
			"from": [9.9, 0.53154, 5.5532],
			"to": [10.5, 1.13154, 7.1532],
			"rotation": {"angle": 45, "axis": "y", "origin": [10.23566, 0.68154, 5.6032]},
			"faces": {
				"north": {"uv": [0.75, 8, 1, 8.25], "texture": "#0"},
				"east": {"uv": [6.75, 2.5, 7.25, 2.75], "texture": "#0"},
				"south": {"uv": [8, 0.75, 8.25, 1], "texture": "#0"},
				"west": {"uv": [7, 7.5, 7.5, 7.75], "texture": "#0"},
				"up": {"uv": [7.75, 7.75, 7.5, 7.25], "texture": "#0"},
				"down": {"uv": [0.25, 7.75, 0, 8.25], "texture": "#0"}
			}
		},
		{
			"from": [8.7904, 0.53154, 4.76493],
			"to": [10.3904, 1.13154, 5.36493],
			"rotation": {"angle": -22.5, "axis": "y", "origin": [8.8404, 0.68154, 5.06493]},
			"faces": {
				"north": {"uv": [0.75, 7.75, 1.25, 8], "texture": "#0"},
				"east": {"uv": [1.5, 8, 1.75, 8.25], "texture": "#0"},
				"south": {"uv": [7.75, 1, 8.25, 1.25], "texture": "#0"},
				"west": {"uv": [1.75, 8, 2, 8.25], "texture": "#0"},
				"up": {"uv": [1.75, 8, 1.25, 7.75], "texture": "#0"},
				"down": {"uv": [8.25, 1.25, 7.75, 1.5], "texture": "#0"}
			}
		},
		{
			"from": [3.74181, 0.53154, 5.33896],
			"to": [5.34181, 1.13154, 5.93896],
			"rotation": {"angle": 22.5, "axis": "y", "origin": [3.79181, 0.68154, 5.63896]},
			"faces": {
				"north": {"uv": [7.75, 1.5, 8.25, 1.75], "texture": "#0"},
				"east": {"uv": [2, 8, 2.25, 8.25], "texture": "#0"},
				"south": {"uv": [1.75, 7.75, 2.25, 8], "texture": "#0"},
				"west": {"uv": [8, 2.5, 8.25, 2.75], "texture": "#0"},
				"up": {"uv": [8.25, 2, 7.75, 1.75], "texture": "#0"},
				"down": {"uv": [8.25, 2, 7.75, 2.25], "texture": "#0"}
			}
		},
		{
			"from": [5.10901, 0.53154, 4.76864],
			"to": [8.90901, 1.13154, 5.36864],
			"rotation": {"angle": 0, "axis": "y", "origin": [6.15901, 0.68154, 5.06864]},
			"faces": {
				"north": {"uv": [6.25, 2, 7.25, 2.25], "texture": "#0"},
				"east": {"uv": [8, 2.75, 8.25, 3], "texture": "#0"},
				"south": {"uv": [6.25, 2.25, 7.25, 2.5], "texture": "#0"},
				"west": {"uv": [8, 3, 8.25, 3.25], "texture": "#0"},
				"up": {"uv": [7.5, 3.25, 6.5, 3], "texture": "#0"},
				"down": {"uv": [7.5, 3.25, 6.5, 3.5], "texture": "#0"}
			}
		},
		{
			"from": [11, 6.4, 8.5],
			"to": [11.5, 9, 15],
			"rotation": {"angle": 0, "axis": "y", "origin": [11.5, 7.55, 12]},
			"faces": {
				"north": {"uv": [0, 7, 0.25, 7.75], "texture": "#0"},
				"east": {"uv": [4.25, 2.25, 6, 3], "texture": "#0"},
				"south": {"uv": [0.25, 7, 0.5, 7.75], "texture": "#0"},
				"west": {"uv": [4.25, 3, 6, 3.75], "texture": "#0"},
				"up": {"uv": [5, 7.25, 4.75, 5.5], "texture": "#0"},
				"down": {"uv": [6, 5.75, 5.75, 7.5], "texture": "#0"}
			}
		},
		{
			"from": [2.5, 6.4, 8.5],
			"to": [3, 9, 15],
			"rotation": {"angle": 0, "axis": "y", "origin": [3, 7.55, 12]},
			"faces": {
				"north": {"uv": [6.5, 6.75, 6.75, 7.5], "texture": "#0"},
				"east": {"uv": [4.25, 0.75, 6, 1.5], "texture": "#0"},
				"south": {"uv": [6.75, 6.5, 7, 7.25], "texture": "#0"},
				"west": {"uv": [4.25, 1.5, 6, 2.25], "texture": "#0"},
				"up": {"uv": [4.5, 7.25, 4.25, 5.5], "texture": "#0"},
				"down": {"uv": [4.75, 5.5, 4.5, 7.25], "texture": "#0"}
			}
		},
		{
			"from": [11, -0.1, 12],
			"to": [11.5, 6.4, 15],
			"rotation": {"angle": 0, "axis": "y", "origin": [11.5, 4.95, 12]},
			"faces": {
				"north": {"uv": [0.75, 6, 1, 7.75], "texture": "#0"},
				"east": {"uv": [4.25, 3.75, 5, 5.5], "texture": "#0"},
				"south": {"uv": [6, 0.75, 6.25, 2.5], "texture": "#0"},
				"west": {"uv": [0, 4.5, 0.75, 6.25], "texture": "#0"},
				"up": {"uv": [4.25, 7.75, 4, 7], "texture": "#0"},
				"down": {"uv": [7.25, 6.5, 7, 7.25], "texture": "#0"}
			}
		},
		{
			"from": [2.5, 0.4, 12],
			"to": [3, 6.4, 15],
			"rotation": {"angle": 0, "axis": "y", "origin": [3, 4.95, 12]},
			"faces": {
				"north": {"uv": [2.5, 6, 2.75, 7.5], "texture": "#0"},
				"east": {"uv": [0.75, 4.5, 1.5, 6], "texture": "#0"},
				"south": {"uv": [2.75, 6, 3, 7.5], "texture": "#0"},
				"west": {"uv": [1.5, 4.5, 2.25, 6], "texture": "#0"},
				"up": {"uv": [7.25, 1.5, 7, 0.75], "texture": "#0"},
				"down": {"uv": [4, 7, 3.75, 7.75], "texture": "#0"}
			}
		},
		{
			"from": [8.39212, 5.56311, 6.0001],
			"to": [11.49192, 6.96291, 6.9999],
			"rotation": {"angle": -22.5, "axis": "z", "origin": [9.64202, 6.61301, 6.5]},
			"faces": {
				"north": {"uv": [6.5, 3.5, 7.25, 3.75], "texture": "#0"},
				"east": {"uv": [7.75, 3, 8, 3.25], "texture": "#0"},
				"south": {"uv": [6.5, 5.75, 7.25, 6], "texture": "#0"},
				"west": {"uv": [5, 7.75, 5.25, 8], "texture": "#0"},
				"up": {"uv": [6.75, 6.75, 6, 6.5], "texture": "#0"},
				"down": {"uv": [7.25, 6, 6.5, 6.25], "texture": "#0"}
			}
		},
		{
			"from": [2.50808, 5.56311, 6.0001],
			"to": [5.60788, 6.96291, 6.9999],
			"rotation": {"angle": 22.5, "axis": "z", "origin": [4.35798, 6.61301, 6.5]},
			"faces": {
				"north": {"uv": [6.5, 6.25, 7.25, 6.5], "texture": "#0"},
				"east": {"uv": [5.25, 7.75, 5.5, 8], "texture": "#0"},
				"south": {"uv": [6.75, 0, 7.5, 0.25], "texture": "#0"},
				"west": {"uv": [7.75, 5.25, 8, 5.5], "texture": "#0"},
				"up": {"uv": [7.5, 0.5, 6.75, 0.25], "texture": "#0"},
				"down": {"uv": [7.5, 0.5, 6.75, 0.75], "texture": "#0"}
			}
		}
	],
	"display": {
		"thirdperson_righthand": {
			"translation": [-0.25, 0, 0],
			"scale": [0.27, 0.27, 0.27]
		},
		"firstperson_righthand": {
			"translation": [0, 2, 0],
			"scale": [0.49, 0.49, 0.49]
		},
		"ground": {
			"translation": [-1.5, 9.25, -0.75]
		},
		"gui": {
			"rotation": [30, -150, 0],
			"translation": [1.25, 1, 0],
			"scale": [0.89, 0.89, 0.89]
		},
		"head": {
			"rotation": [180, -90, 180],
			"translation": [1.25, 5.25, -1.5],
			"scale": [1.40789, 1.40789, 1.43914]
		}
	},
	"groups": [
		0,
		1,
		2,
		3,
		4,
		5,
		6,
		7,
		8,
		{
			"name": "chains",
			"origin": [14.45448, 4.07058, 9],
			"color": 0,
			"children": [9, 10, 11, 12, 13, 14, 15, 16]
		},
		{
			"name": "chains",
			"origin": [14.45448, 4.07058, 9],
			"color": 0,
			"children": [17, 18, 19, 20, 21, 22, 23, 24]
		},
		25,
		26,
		27,
		28,
		29
	]
}