{"textures":{"0":"modelengine:entity/beesim_ladybug"},"elements":[{"from":[6.0,6.125,6.125],"to":[10.0,9.875,7.875],"faces":{"east":{"uv":[6.5,9.5,7.5,11.5],"tintindex":0,"rotation":0,"texture":"#0"},"south":{"uv":[10.5,5.5,12.5,7.5],"tintindex":0,"rotation":0,"texture":"#0"},"north":{"uv":[0.0,10.0,2.0,12.0],"tintindex":0,"rotation":0,"texture":"#0"},"west":{"uv":[2.0,10.0,3.0,12.0],"tintindex":0,"rotation":0,"texture":"#0"},"up":{"uv":[12.5,8.5,10.5,7.5],"tintindex":0,"rotation":0,"texture":"#0"},"down":{"uv":[12.5,8.5,10.5,9.5],"tintindex":0,"rotation":0,"texture":"#0"}}}],"display":{"gui":{"rotation":[30,225,0]}}}