{
	"credit": "Made with Blockbench",
	"textures": {
		"0": "item/map/1",
		"particle": "item/map/1"
	},
	"elements": [
		{
			"from": [0, 0, 8],
			"to": [16, 16, 8],
			"faces": {
				"north": {"uv": [0, 0, 16, 16], "texture": "#0"},
				"east": {"uv": [0, 0, 0, 16], "texture": "#missing"},
				"south": {"uv": [0, 0, 16, 16], "texture": "#0"},
				"west": {"uv": [0, 0, 0, 16], "texture": "#missing"},
				"up": {"uv": [0, 0, 16, 0], "texture": "#missing"},
				"down": {"uv": [0, 0, 16, 0], "texture": "#missing"}
			}
		}
	],
	"display": {
		"thirdperson_righthand": {
			"translation": [0, 0, -0.5],
			"scale": [0.73, 0.73, 0.73]
		},
		"firstperson_righthand": {
			"translation": [0, -8, 0]
		},
		"head": {
			"scale": [0, 0, 0]
		}
	}
}