{"textures":{"0":"modelengine:entity/bee_captain"},"elements":[{"from":[3.0,13.4,4.1],"to":[6.0,14.4,7.1],"faces":{"east":{"uv":[11.75,13.25,13.75,14.25],"tintindex":0,"rotation":0,"texture":"#0"},"south":{"uv":[12.75,12.75,14.75,13.75],"tintindex":0,"rotation":0,"texture":"#0"},"north":{"uv":[12.75,12.75,14.75,13.75],"tintindex":0,"rotation":0,"texture":"#0"},"west":{"uv":[13.25,14.25,11.75,15.25],"tintindex":0,"rotation":0,"texture":"#0"},"up":{"uv":[12.0,12.5,13.5,14.0],"tintindex":0,"rotation":0,"texture":"#0"},"down":{"uv":[13.5,13.0,12.0,14.5],"tintindex":0,"rotation":0,"texture":"#0"}}},{"from":[6.0,13.4,4.1],"to":[10.0,16.4,7.1],"faces":{"east":{"uv":[13.0,10.75,14.5,11.75],"tintindex":0,"rotation":0,"texture":"#0"},"south":{"uv":[11.75,12.75,13.75,13.75],"tintindex":0,"rotation":0,"texture":"#0"},"north":{"uv":[5.75,12.75,8.5,15.25],"tintindex":0,"rotation":0,"texture":"#0"},"west":{"uv":[14.5,10.75,13.0,11.75],"tintindex":0,"rotation":0,"texture":"#0"},"up":{"uv":[12.0,12.5,13.5,14.0],"tintindex":0,"rotation":0,"texture":"#0"},"down":{"uv":[1.25,0.75,2.75,2.25],"tintindex":0,"rotation":0,"texture":"#0"}}},{"from":[5.168,8.0,4.224],"to":[10.832,13.664,11.776],"faces":{"east":{"uv":[0.0,0.0,4.0,6.0],"tintindex":0,"rotation":0,"texture":"#0"},"south":{"uv":[3.0,6.0,0.0,9.0],"tintindex":0,"rotation":0,"texture":"#0"},"north":{"uv":[16.0,0.0,10.0,6.0],"tintindex":0,"rotation":0,"texture":"#0"},"west":{"uv":[4.0,0.0,0.0,6.0],"tintindex":0,"rotation":0,"texture":"#0"},"up":{"uv":[7.0,0.0,4.0,4.0],"tintindex":0,"rotation":0,"texture":"#0"},"down":{"uv":[7.0,8.0,4.0,4.0],"tintindex":0,"rotation":0,"texture":"#0"}}},{"from":[10.0,13.4,4.1],"to":[13.0,14.4,7.1],"faces":{"east":{"uv":[13.25,14.25,11.75,15.25],"tintindex":0,"rotation":0,"texture":"#0"},"south":{"uv":[12.75,12.75,14.75,13.75],"tintindex":0,"rotation":0,"texture":"#0"},"north":{"uv":[12.75,12.75,14.75,13.75],"tintindex":0,"rotation":0,"texture":"#0"},"west":{"uv":[13.75,13.25,11.75,14.25],"tintindex":0,"rotation":0,"texture":"#0"},"up":{"uv":[13.5,12.5,12.0,14.0],"tintindex":0,"rotation":0,"texture":"#0"},"down":{"uv":[13.5,13.0,12.0,14.5],"tintindex":0,"rotation":0,"texture":"#0"}}}],"display":{"gui":{"rotation":[30,225,0]}}}