{
    "parent": "item/generated",
    "textures": {
        "layer0": "item/map"
    },
    "overrides": [
        {"predicate": {"custom_model_data":1}, "model": "item/map/1"},
        {"predicate": {"custom_model_data":2}, "model": "item/map/2"},
        {"predicate": {"custom_model_data":3}, "model": "item/map/3"},
        {"predicate": {"custom_model_data":4}, "model": "item/map/4"},
        {"predicate": {"custom_model_data":5}, "model": "item/map/5"},
        {"predicate": {"custom_model_data":6}, "model": "item/map/6"},
        {"predicate": {"custom_model_data":7}, "model": "item/map/7"},
        {"predicate": {"custom_model_data":1010}, "model": "guis/invisibleitem"}
        ]
}
