{
    "parent": "item/handheld",
    "textures": {
        "layer0": "minecraft:item/stone_sword"
    },
    "overrides": [
        {"predicate": {"custom_model_data":1}, "model": "item/stone_sword/1"},
        {"predicate": {"custom_model_data":2}, "model": "item/stone_sword/2"},
        {"predicate": {"custom_model_data":3}, "model": "item/stone_sword/3"},
        {"predicate": {"custom_model_data":4}, "model": "item/stone_sword/4"},
        {"predicate": {"custom_model_data":5}, "model": "item/stone_sword/5"},
        {"predicate": {"custom_model_data":6}, "model": "item/stone_sword/6"},
        {"predicate": {"custom_model_data":7}, "model": "item/stone_sword/7"},
        {"predicate": {"custom_model_data":8}, "model": "item/stone_sword/8"},
        {"predicate": {"custom_model_data":9}, "model": "item/stone_sword/9"},
        {"predicate": {"custom_model_data":10}, "model": "item/stone_sword/10"},
        {"predicate": {"custom_model_data":11}, "model": "item/stone_sword/11"},
        {"predicate": {"custom_model_data":12}, "model": "item/stone_sword/12"},
        {"predicate": {"custom_model_data":13}, "model": "item/stone_sword/13"},
        {"predicate": {"custom_model_data":14}, "model": "item/stone_sword/14"},
        {"predicate": {"custom_model_data":15}, "model": "item/stone_sword/15"},
        {"predicate": {"custom_model_data":16}, "model": "item/stone_sword/16"},
        {"predicate": {"custom_model_data":17}, "model": "item/stone_sword/17"},
        {"predicate": {"custom_model_data":18}, "model": "item/stone_sword/18"},
        {"predicate": {"custom_model_data":19}, "model": "item/stone_sword/19"},
        {"predicate": {"custom_model_data":20}, "model": "item/stone_sword/20"},
        {"predicate": {"custom_model_data":21}, "model": "item/stone_sword/21"},
        {"predicate": {"custom_model_data":22}, "model": "item/stone_sword/22"},
        {"predicate": {"custom_model_data":23}, "model": "item/stone_sword/23"},
        {"predicate": {"custom_model_data":24}, "model": "item/stone_sword/24"},
        {"predicate": {"custom_model_data":25}, "model": "item/stone_sword/25"},
        {"predicate": {"custom_model_data":26}, "model": "item/stone_sword/26"},
        {"predicate": {"custom_model_data":27}, "model": "item/stone_sword/27"},
        {"predicate": {"custom_model_data":28}, "model": "item/stone_sword/28"},
        {"predicate": {"custom_model_data":29}, "model": "item/stone_sword/29"},
        {"predicate": {"custom_model_data":30}, "model": "item/stone_sword/30"},
        {"predicate": {"custom_model_data":31}, "model": "item/stone_sword/31"},
        {"predicate": {"custom_model_data":32}, "model": "item/stone_sword/32"},
        {"predicate": {"custom_model_data":33}, "model": "item/stone_sword/33"},
        {"predicate": {"custom_model_data":100}, "model": "item/stone_sword/100"},
        {"predicate": {"custom_model_data":101}, "model": "item/stone_sword/101"},
        {"predicate": {"custom_model_data":102}, "model": "item/stone_sword/102"},
        {"predicate": {"custom_model_data":103}, "model": "item/stone_sword/103"},
        {"predicate": {"custom_model_data":104}, "model": "item/stone_sword/104"},
        {"predicate": {"custom_model_data":105}, "model": "item/stone_sword/105"},
        {"predicate": {"custom_model_data":106}, "model": "item/stone_sword/106"},
        {"predicate": {"custom_model_data":107}, "model": "item/stone_sword/107"},
        {"predicate": {"custom_model_data":108}, "model": "item/stone_sword/108"},
        {"predicate": {"custom_model_data":109}, "model": "item/stone_sword/109"},
        {"predicate": {"custom_model_data":110}, "model": "item/stone_sword/110"},
        {"predicate": {"custom_model_data":111}, "model": "item/stone_sword/111"},
        {"predicate": {"custom_model_data":112}, "model": "item/stone_sword/112"},
        {"predicate": {"custom_model_data":113}, "model": "item/stone_sword/113"},
        {"predicate": {"custom_model_data":114}, "model": "item/stone_sword/114"}
        ]
}
