{"textures":{"0":"modelengine:entity/bee_butterfly"},"elements":[{"from":[8.72,4.4700003,11.55],"to":[9.08,4.7400002,11.95],"faces":{"east":{"uv":[2.25,1.0,2.35,1.245],"tintindex":0,"rotation":0,"texture":"#0"},"south":{"uv":[1.5,1.75,1.595,1.995],"tintindex":0,"rotation":0,"texture":"#0"},"north":{"uv":[1.75,1.0,1.845,1.245],"tintindex":0,"rotation":0,"texture":"#0"},"west":{"uv":[1.75,1.0,1.85,1.245],"tintindex":0,"rotation":0,"texture":"#0"},"up":{"uv":[2.25,1.25,2.345,1.35],"tintindex":0,"rotation":0,"texture":"#0"},"down":{"uv":[2.0,1.0,2.095,1.1],"tintindex":0,"rotation":0,"texture":"#0"}},"rotation":{"origin":[8.0,6.9500003,8.25],"angle":-45.0,"axis":"x"}},{"from":[8.7,7.5,11.3],"to":[9.1,9.5,11.7],"faces":{"east":{"uv":[2.25,1.0,2.35,1.5],"tintindex":0,"rotation":0,"texture":"#0"},"south":{"uv":[1.5,1.75,1.6,2.25],"tintindex":0,"rotation":0,"texture":"#0"},"north":{"uv":[1.75,1.0,1.85,1.5],"tintindex":0,"rotation":0,"texture":"#0"},"west":{"uv":[1.75,1.0,1.85,1.5],"tintindex":0,"rotation":0,"texture":"#0"},"up":{"uv":[2.25,1.25,2.35,1.35],"tintindex":0,"rotation":0,"texture":"#0"},"down":{"uv":[2.0,1.0,2.1,1.1],"tintindex":0,"rotation":0,"texture":"#0"}}},{"from":[8.71,7.07,10.55],"to":[9.09,8.25,10.95],"faces":{"east":{"uv":[2.25,1.0,2.35,1.245],"tintindex":0,"rotation":0,"texture":"#0"},"south":{"uv":[1.5,1.75,1.595,1.995],"tintindex":0,"rotation":0,"texture":"#0"},"north":{"uv":[1.75,1.0,1.845,1.245],"tintindex":0,"rotation":0,"texture":"#0"},"west":{"uv":[1.75,1.0,1.85,1.245],"tintindex":0,"rotation":0,"texture":"#0"},"up":{"uv":[2.25,1.25,2.345,1.35],"tintindex":0,"rotation":0,"texture":"#0"},"down":{"uv":[2.0,1.0,2.095,1.1],"tintindex":0,"rotation":0,"texture":"#0"}},"rotation":{"origin":[8.0,9.55,7.25],"angle":-22.5,"axis":"x"}}],"display":{"gui":{"rotation":[30,225,0]}}}