{
	"parent": "item/handheld",
	"textures": {
		"layer0": "item/netherite_pickaxe"
	},
	
	"overrides": [
		{"predicate": {"custom_model_data":1}, "model": "item/netherite_pickaxe/1"},
		{"predicate": {"custom_model_data":2}, "model": "item/netherite_pickaxe/2"},
		{"predicate": {"custom_model_data":3}, "model": "item/netherite_pickaxe/3"},
		{"predicate": {"custom_model_data":4}, "model": "item/netherite_pickaxe/4"},
		{"predicate": {"custom_model_data":5}, "model": "item/netherite_pickaxe/5"},
		{"predicate": {"custom_model_data":6}, "model": "item/netherite_pickaxe/6"},
		{"predicate": {"custom_model_data":7}, "model": "item/netherite_pickaxe/7"},
		{"predicate": {"custom_model_data":8}, "model": "item/netherite_pickaxe/8"},
		{"predicate": {"custom_model_data":9}, "model": "item/netherite_pickaxe/9"},
		{"predicate": {"custom_model_data":101}, "model": "item/netherite_pickaxe/101"},
		{"predicate": {"custom_model_data":102}, "model": "item/netherite_pickaxe/102"},
		{"predicate": {"custom_model_data":103}, "model": "item/netherite_pickaxe/103"},
		{"predicate": {"custom_model_data":104}, "model": "item/netherite_pickaxe/104"},
		{"predicate": {"custom_model_data":105}, "model": "item/netherite_pickaxe/105"},
		{"predicate": {"custom_model_data":106}, "model": "item/netherite_pickaxe/106"},
		{"predicate": {"custom_model_data":107}, "model": "item/netherite_pickaxe/107"},
		{"predicate": {"custom_model_data":108}, "model": "item/netherite_pickaxe/108"},
		{"predicate": {"custom_model_data":109}, "model": "item/netherite_pickaxe/109"}
	]
}