{"textures":{"0":"modelengine:entity/bee_robot"},"elements":[{"from":[10.8,8.0,8.0],"to":[15.8,9.0,9.0],"faces":{"east":{"uv":[0.0,0.0,0.25,0.25],"tintindex":0,"rotation":0,"texture":"#0"},"south":{"uv":[0.0,0.0,1.25,0.25],"tintindex":0,"rotation":0,"texture":"#0"},"north":{"uv":[0.0,0.0,1.25,0.25],"tintindex":0,"rotation":0,"texture":"#0"},"west":{"uv":[0.0,0.0,0.25,0.25],"tintindex":0,"rotation":0,"texture":"#0"},"up":{"uv":[1.25,0.25,0.0,0.0],"tintindex":0,"rotation":0,"texture":"#0"},"down":{"uv":[1.25,0.25,0.0,0.0],"tintindex":0,"rotation":0,"texture":"#0"}}},{"from":[10.8,8.0,12.0],"to":[15.8,9.0,13.0],"faces":{"east":{"uv":[0.0,0.0,0.25,0.25],"tintindex":0,"rotation":0,"texture":"#0"},"south":{"uv":[0.0,0.0,1.25,0.25],"tintindex":0,"rotation":0,"texture":"#0"},"north":{"uv":[0.0,0.0,1.25,0.25],"tintindex":0,"rotation":0,"texture":"#0"},"west":{"uv":[0.0,0.0,0.25,0.25],"tintindex":0,"rotation":0,"texture":"#0"},"up":{"uv":[1.25,0.25,0.0,0.0],"tintindex":0,"rotation":0,"texture":"#0"},"down":{"uv":[1.25,0.25,0.0,0.0],"tintindex":0,"rotation":0,"texture":"#0"}}},{"from":[14.8,8.0,9.0],"to":[15.8,9.0,12.0],"faces":{"east":{"uv":[0.0,0.0,0.75,0.25],"tintindex":0,"rotation":0,"texture":"#0"},"south":{"uv":[0.0,0.0,0.25,0.25],"tintindex":0,"rotation":0,"texture":"#0"},"north":{"uv":[0.0,0.0,0.25,0.25],"tintindex":0,"rotation":0,"texture":"#0"},"west":{"uv":[0.0,0.0,0.75,0.25],"tintindex":0,"rotation":0,"texture":"#0"},"up":{"uv":[0.25,0.75,0.0,0.0],"tintindex":0,"rotation":0,"texture":"#0"},"down":{"uv":[0.25,0.75,0.0,0.0],"tintindex":0,"rotation":0,"texture":"#0"}}},{"from":[10.8,8.0,9.0],"to":[11.8,9.0,12.0],"faces":{"east":{"uv":[0.0,0.0,0.75,0.25],"tintindex":0,"rotation":0,"texture":"#0"},"south":{"uv":[0.0,0.0,0.25,0.25],"tintindex":0,"rotation":0,"texture":"#0"},"north":{"uv":[0.0,0.0,0.25,0.25],"tintindex":0,"rotation":0,"texture":"#0"},"west":{"uv":[0.0,0.0,0.75,0.25],"tintindex":0,"rotation":0,"texture":"#0"},"up":{"uv":[0.25,0.75,0.0,0.0],"tintindex":0,"rotation":0,"texture":"#0"},"down":{"uv":[0.25,0.75,0.0,0.0],"tintindex":0,"rotation":0,"texture":"#0"}}}],"display":{"gui":{"rotation":[30,225,0]}}}