{
	"credit": "Made with Blockbench",
	"texture_size": [64, 64],
	"textures": {
		"1": "item/pets/sheep/green",
		"particle": "sheepfinal"
	},
	"elements": [
		{
			"name": "body",
			"from": [2.25, 10.25, -0.75],
			"to": [13.75, 19.75, 18.75],
			"rotation": {"angle": 0, "axis": "x", "origin": [8, 0, 8]},
			"faces": {
				"north": {"uv": [12.5, 10, 10.5, 11.5], "rotation": 180, "texture": "#1"},
				"east": {"uv": [7, 11.5, 8.5, 15.5], "rotation": 270, "texture": "#1"},
				"south": {"uv": [10.5, 11.5, 8.5, 10], "texture": "#1"},
				"west": {"uv": [10.5, 11.5, 12, 15.5], "rotation": 90, "texture": "#1"},
				"up": {"uv": [8.5, 11.5, 10.5, 15.5], "rotation": 180, "texture": "#1"},
				"down": {"uv": [12, 11.5, 14, 15.5], "texture": "#1"}
			}
		},
		{
			"name": "head",
			"from": [5, 16, -6],
			"to": [11, 22, 2],
			"rotation": {"angle": 0, "axis": "y", "origin": [8, 0, 8]},
			"faces": {
				"north": {"uv": [2, 2, 3.5, 3.5], "texture": "#1"},
				"east": {"uv": [0, 2, 2, 3.5], "texture": "#1"},
				"south": {"uv": [5.5, 2, 7, 3.5], "texture": "#1"},
				"west": {"uv": [3.5, 2, 5.5, 3.5], "texture": "#1"},
				"up": {"uv": [3.5, 2, 2, 0], "texture": "#1"},
				"down": {"uv": [5, 0, 3.5, 2], "texture": "#1"}
			}
		},
		{
			"name": "head",
			"from": [4.4, 15.4, -4.6],
			"to": [11.6, 22.6, 2.6],
			"rotation": {"angle": 0, "axis": "y", "origin": [8, 0, 8]},
			"faces": {
				"north": {"uv": [1.5, 9.5, 3, 11], "texture": "#1"},
				"east": {"uv": [0, 9.5, 1.5, 11], "texture": "#1"},
				"south": {"uv": [4.5, 9.5, 6, 11], "texture": "#1"},
				"west": {"uv": [3, 9.5, 4.5, 11], "texture": "#1"},
				"up": {"uv": [3, 9.5, 1.5, 8], "texture": "#1"},
				"down": {"uv": [4.5, 8, 3, 9.5], "texture": "#1"}
			}
		},
		{
			"name": "leg0",
			"from": [9, 0, 13],
			"to": [13, 12, 17],
			"rotation": {"angle": 0, "axis": "y", "origin": [8, 0, 8]},
			"faces": {
				"north": {"uv": [1, 5, 2, 8], "texture": "#1"},
				"east": {"uv": [0, 5, 1, 8], "texture": "#1"},
				"south": {"uv": [3, 5, 4, 8], "texture": "#1"},
				"west": {"uv": [2, 5, 3, 8], "texture": "#1"},
				"up": {"uv": [2, 5, 1, 4], "texture": "#1"},
				"down": {"uv": [3, 4, 2, 5], "texture": "#1"}
			}
		},
		{
			"name": "leg0",
			"from": [8.5, 5.5, 12.5],
			"to": [13.5, 12.5, 17.5],
			"rotation": {"angle": 0, "axis": "y", "origin": [8, 0, 8]},
			"faces": {
				"north": {"uv": [1, 13, 2, 14.5], "texture": "#1"},
				"east": {"uv": [0, 13, 1, 14.5], "texture": "#1"},
				"south": {"uv": [3, 13, 4, 14.5], "texture": "#1"},
				"west": {"uv": [2, 13, 3, 14.5], "texture": "#1"},
				"up": {"uv": [2, 13, 1, 12], "texture": "#1"},
				"down": {"uv": [3, 12, 2, 13], "texture": "#1"}
			}
		},
		{
			"name": "leg1",
			"from": [3, 0, 13],
			"to": [7, 12, 17],
			"rotation": {"angle": 0, "axis": "y", "origin": [8, 0, 8]},
			"faces": {
				"north": {"uv": [1, 5, 2, 8], "texture": "#1"},
				"east": {"uv": [0, 5, 1, 8], "texture": "#1"},
				"south": {"uv": [3, 5, 4, 8], "texture": "#1"},
				"west": {"uv": [2, 5, 3, 8], "texture": "#1"},
				"up": {"uv": [2, 5, 1, 4], "texture": "#1"},
				"down": {"uv": [3, 4, 2, 5], "texture": "#1"}
			}
		},
		{
			"name": "leg1",
			"from": [2.5, 5.5, 12.5],
			"to": [7.5, 12.5, 17.5],
			"rotation": {"angle": 0, "axis": "y", "origin": [8, 0, 8]},
			"faces": {
				"north": {"uv": [1, 13, 2, 14.5], "texture": "#1"},
				"east": {"uv": [0, 13, 1, 14.5], "texture": "#1"},
				"south": {"uv": [3, 13, 4, 14.5], "texture": "#1"},
				"west": {"uv": [2, 13, 3, 14.5], "texture": "#1"},
				"up": {"uv": [2, 13, 1, 12], "texture": "#1"},
				"down": {"uv": [3, 12, 2, 13], "texture": "#1"}
			}
		},
		{
			"name": "leg2",
			"from": [9, 0, 1],
			"to": [13, 12, 5],
			"rotation": {"angle": 0, "axis": "y", "origin": [8, 0, 8]},
			"faces": {
				"north": {"uv": [1, 5, 2, 8], "texture": "#1"},
				"east": {"uv": [0, 5, 1, 8], "texture": "#1"},
				"south": {"uv": [3, 5, 4, 8], "texture": "#1"},
				"west": {"uv": [2, 5, 3, 8], "texture": "#1"},
				"up": {"uv": [2, 5, 1, 4], "texture": "#1"},
				"down": {"uv": [3, 4, 2, 5], "texture": "#1"}
			}
		},
		{
			"name": "leg2",
			"from": [8.5, 5.5, 0.5],
			"to": [13.5, 12.5, 5.5],
			"rotation": {"angle": 0, "axis": "y", "origin": [8, 0, 8]},
			"faces": {
				"north": {"uv": [1, 13, 2, 14.5], "texture": "#1"},
				"east": {"uv": [0, 13, 1, 14.5], "texture": "#1"},
				"south": {"uv": [3, 13, 4, 14.5], "texture": "#1"},
				"west": {"uv": [2, 13, 3, 14.5], "texture": "#1"},
				"up": {"uv": [2, 13, 1, 12], "texture": "#1"},
				"down": {"uv": [3, 12, 2, 13], "texture": "#1"}
			}
		},
		{
			"name": "leg3",
			"from": [3, 0, 1],
			"to": [7, 12, 5],
			"rotation": {"angle": 0, "axis": "y", "origin": [8, 0, 8]},
			"faces": {
				"north": {"uv": [1, 5, 2, 8], "texture": "#1"},
				"east": {"uv": [0, 5, 1, 8], "texture": "#1"},
				"south": {"uv": [3, 5, 4, 8], "texture": "#1"},
				"west": {"uv": [2, 5, 3, 8], "texture": "#1"},
				"up": {"uv": [2, 5, 1, 4], "texture": "#1"},
				"down": {"uv": [3, 4, 2, 5], "texture": "#1"}
			}
		},
		{
			"name": "leg3",
			"from": [2.5, 5.5, 0.5],
			"to": [7.5, 12.5, 5.5],
			"rotation": {"angle": 0, "axis": "y", "origin": [8, 0, 8]},
			"faces": {
				"north": {"uv": [1, 13, 2, 14.5], "texture": "#1"},
				"east": {"uv": [0, 13, 1, 14.5], "texture": "#1"},
				"south": {"uv": [3, 13, 4, 14.5], "texture": "#1"},
				"west": {"uv": [2, 13, 3, 14.5], "texture": "#1"},
				"up": {"uv": [2, 13, 1, 12], "texture": "#1"},
				"down": {"uv": [3, 12, 2, 13], "texture": "#1"}
			}
		}
	],
	"display": {
		"thirdperson_righthand": {
			"rotation": [90, 0, 0],
			"translation": [-0.25, -0.75, -1.75],
			"scale": [0.54, 0.54, 0.54]
		},
		"firstperson_righthand": {
			"translation": [-2.5, -3.25, 3.75],
			"scale": [0.7, 0.7, 0.7]
		},
		"ground": {
			"translation": [0, 4.25, 0],
			"scale": [0.8, 0.8, 0.8]
		},
		"gui": {
			"rotation": [30, -150, 0],
			"translation": [1, -2.75, 0],
			"scale": [1.04, 1.04, 1.04]
		},
		"head": {
			"translation": [0, -12.75, 0],
			"scale": [4, 4, 4]
		},
		"fixed": {
			"translation": [0, -2.5, -0.25],
			"scale": [0.76, 0.76, 0]
		}
	},
	"groups": [
		{
			"name": "body",
			"origin": [0, 19, 2],
			"color": 0,
			"children": [0]
		},
		{
			"name": "head",
			"origin": [0, 18, -8],
			"color": 0,
			"children": [1, 2]
		},
		{
			"name": "leg0",
			"origin": [3, 12, 7],
			"color": 0,
			"children": [3, 4]
		},
		{
			"name": "leg1",
			"origin": [-3, 12, 7],
			"color": 0,
			"children": [5, 6]
		},
		{
			"name": "leg2",
			"origin": [3, 12, -5],
			"color": 0,
			"children": [7, 8]
		},
		{
			"name": "leg3",
			"origin": [-3, 12, -5],
			"color": 0,
			"children": [9, 10]
		}
	]
}