{"textures":{"0":"modelengine:entity/bee_robot"},"elements":[{"from":[0.19999981,8.0,4.0],"to":[1.1999998,9.0,7.0],"faces":{"east":{"uv":[0.0,0.0,0.75,0.25],"tintindex":0,"rotation":0,"texture":"#0"},"south":{"uv":[0.0,0.0,0.25,0.25],"tintindex":0,"rotation":0,"texture":"#0"},"north":{"uv":[0.0,0.0,0.25,0.25],"tintindex":0,"rotation":0,"texture":"#0"},"west":{"uv":[0.0,0.0,0.75,0.25],"tintindex":0,"rotation":0,"texture":"#0"},"up":{"uv":[0.0,0.0,0.25,0.75],"tintindex":0,"rotation":0,"texture":"#0"},"down":{"uv":[0.0,0.0,0.25,0.75],"tintindex":0,"rotation":0,"texture":"#0"}}},{"from":[4.2,8.0,4.0],"to":[5.2,9.0,7.0],"faces":{"east":{"uv":[0.0,0.0,0.75,0.25],"tintindex":0,"rotation":0,"texture":"#0"},"south":{"uv":[0.0,0.0,0.25,0.25],"tintindex":0,"rotation":0,"texture":"#0"},"north":{"uv":[0.0,0.0,0.25,0.25],"tintindex":0,"rotation":0,"texture":"#0"},"west":{"uv":[0.0,0.0,0.75,0.25],"tintindex":0,"rotation":0,"texture":"#0"},"up":{"uv":[0.0,0.0,0.25,0.75],"tintindex":0,"rotation":0,"texture":"#0"},"down":{"uv":[0.0,0.0,0.25,0.75],"tintindex":0,"rotation":0,"texture":"#0"}}},{"from":[0.19999981,8.0,7.0],"to":[5.2,9.0,8.0],"faces":{"east":{"uv":[0.0,0.0,0.25,0.25],"tintindex":0,"rotation":0,"texture":"#0"},"south":{"uv":[0.0,0.0,1.25,0.25],"tintindex":0,"rotation":0,"texture":"#0"},"north":{"uv":[0.0,0.0,1.25,0.25],"tintindex":0,"rotation":0,"texture":"#0"},"west":{"uv":[0.0,0.0,0.25,0.25],"tintindex":0,"rotation":0,"texture":"#0"},"up":{"uv":[0.0,0.0,1.25,0.25],"tintindex":0,"rotation":0,"texture":"#0"},"down":{"uv":[0.0,0.0,1.25,0.25],"tintindex":0,"rotation":0,"texture":"#0"}}},{"from":[0.19999981,8.0,3.0],"to":[5.2,9.0,4.0],"faces":{"east":{"uv":[0.0,0.0,0.25,0.25],"tintindex":0,"rotation":0,"texture":"#0"},"south":{"uv":[0.0,0.0,1.25,0.25],"tintindex":0,"rotation":0,"texture":"#0"},"north":{"uv":[0.0,0.0,1.25,0.25],"tintindex":0,"rotation":0,"texture":"#0"},"west":{"uv":[0.0,0.0,0.25,0.25],"tintindex":0,"rotation":0,"texture":"#0"},"up":{"uv":[0.0,0.0,1.25,0.25],"tintindex":0,"rotation":0,"texture":"#0"},"down":{"uv":[0.0,0.0,1.25,0.25],"tintindex":0,"rotation":0,"texture":"#0"}}}],"display":{"gui":{"rotation":[30,225,0]}}}