{
	"credit": "Made with Blockbench",
	"textures": {
		"0": "block/brown_stained_glass",
		"1": "block/terracotta",
		"2": "block/polished_andesite",
		"particle": "block/brown_stained_glass"
	},
	"elements": [
		{
			"from": [5, 0, 4],
			"to": [11, 8, 10],
			"faces": {
				"north": {"uv": [5, 3, 11, 11], "texture": "#0"},
				"east": {"uv": [5, 3, 11, 11], "texture": "#0"},
				"south": {"uv": [5, 3, 11, 11], "texture": "#0"},
				"west": {"uv": [5, 3, 11, 11], "texture": "#0"},
				"up": {"uv": [5, 3, 11, 9], "texture": "#0"},
				"down": {"uv": [5, 3, 11, 9], "texture": "#0"}
			}
		},
		{
			"from": [4.5, 8, 3.5],
			"to": [11.5, 9, 10.5],
			"faces": {
				"north": {"uv": [9, 15, 15.5, 16], "texture": "#2"},
				"east": {"uv": [9, 15, 15.5, 16], "texture": "#2"},
				"south": {"uv": [9, 15, 15.5, 16], "texture": "#2"},
				"west": {"uv": [9, 15, 15.5, 16], "texture": "#2"},
				"up": {"uv": [8, 8, 14.5, 14.5], "texture": "#2"},
				"down": {"uv": [8, 8, 14.5, 14.5], "texture": "#2"}
			}
		},
		{
			"from": [5.5, 0.5, 4.5],
			"to": [10.5, 7.5, 9.5],
			"faces": {
				"north": {"uv": [5, 3, 11, 11], "texture": "#1"},
				"east": {"uv": [5, 3, 11, 11], "texture": "#1"},
				"south": {"uv": [5, 3, 11, 11], "texture": "#1"},
				"west": {"uv": [5, 3, 11, 11], "texture": "#1"},
				"up": {"uv": [5, 3, 11, 9], "texture": "#1"},
				"down": {"uv": [5, 3, 11, 9], "texture": "#1"}
			}
		}
	],
	"display": {
		"gui": {
			"rotation": [30, 30, 0],
			"translation": [0.5, 3, 0],
			"scale": [1.25, 1.25, 1.25]
		},
		"head": {
			"translation": [0, -7, 8.75],
			"scale": [1.5, 1.5, 1.5]
		}
	}
}