{"textures":{"2":"modelengine:entity/totemgold"},"elements":[{"from":[7.5,6.25,7.2],"to":[8.5,8.25,8.2],"faces":{"east":{"uv":[4.0,3.0,9.0,9.0],"tintindex":0,"rotation":0,"texture":"#2"},"south":{"uv":[4.0,3.0,9.0,9.0],"tintindex":0,"rotation":0,"texture":"#2"},"north":{"uv":[4.0,3.0,9.0,9.0],"tintindex":0,"rotation":0,"texture":"#2"},"west":{"uv":[4.0,3.0,9.0,9.0],"tintindex":0,"rotation":0,"texture":"#2"},"up":{"uv":[7.0,4.0,11.0,8.0],"tintindex":0,"rotation":0,"texture":"#2"},"down":{"uv":[7.0,4.0,11.0,8.0],"tintindex":0,"rotation":0,"texture":"#2"}}}],"display":{"gui":{"rotation":[30,225,0]}}}