{
	"credit": "Made with Blockbench",
	"textures": {
		"0": "block/terracotta",
		"particle": "block/terracotta"
	},
	"elements": [
		{
			"from": [4, 0, 5],
			"to": [10, 4, 11],
			"faces": {
				"north": {"uv": [0, 0, 6, 2], "texture": "#0"},
				"east": {"uv": [0, 0, 6, 2], "texture": "#0"},
				"south": {"uv": [0, 0, 6, 2], "texture": "#0"},
				"west": {"uv": [0, 0, 6, 2], "texture": "#0"},
				"up": {"uv": [7, 4, 13, 10], "texture": "#0"},
				"down": {"uv": [7, 4, 13, 10], "texture": "#0"}
			}
		},
		{
			"from": [5, 4, 5],
			"to": [10, 6, 11],
			"faces": {
				"north": {"uv": [0, 0, 5, 2], "texture": "#0"},
				"east": {"uv": [0, 0, 6, 2], "texture": "#0"},
				"south": {"uv": [0, 0, 5, 2], "texture": "#0"},
				"west": {"uv": [0, 0, 6, 2], "texture": "#0"},
				"up": {"uv": [7, 4, 12, 10], "texture": "#0"},
				"down": {"uv": [7, 4, 12, 10], "texture": "#0"}
			}
		},
		{
			"from": [7, 6, 7],
			"to": [9, 8, 9],
			"faces": {
				"north": {"uv": [0, 0, 2, 2], "texture": "#0"},
				"east": {"uv": [0, 0, 2, 2], "texture": "#0"},
				"south": {"uv": [0, 0, 2, 2], "texture": "#0"},
				"west": {"uv": [0, 0, 2, 2], "texture": "#0"},
				"up": {"uv": [0, 0, 2, 2], "texture": "#0"},
				"down": {"uv": [0, 0, 2, 2], "texture": "#0"}
			}
		}
	],
	"display": {
		"thirdperson_righthand": {
			"rotation": [0, -91, 0],
			"translation": [0, 4.25, 0],
			"scale": [0.79, 0.79, 0.79]
		},
		"ground": {
			"translation": [0, 5.5, 0]
		},
		"gui": {
			"rotation": [12, 120, 0],
			"translation": [-0.5, 6.25, 0],
			"scale": [1.5, 1.5, 1.5]
		},
		"head": {
			"rotation": [0, 90, 0],
			"translation": [0, -4.5, 5.75],
			"scale": [1.64, 1.64, 1.64]
		}
	}
}