{
	"credit": "Made with Blockbench",
	"textures": {
		"1": "block/white_bee_nest_side",
		"2": "block/white_bee_nest_top",
		"3": "block/yellow_concrete",
		"4": "block/red_concrete",
		"5": "block/blue_concrete",
		"particle": "white_bee_nest_side"
	},
	"elements": [
		{
			"from": [1, 0, 11],
			"to": [15, 16, 13],
			"faces": {
				"north": {"uv": [0, 0, 14, 16], "texture": "#2"},
				"east": {"uv": [0, 0, 2, 16], "texture": "#1"},
				"south": {"uv": [0, 0, 14, 16], "texture": "#1"},
				"west": {"uv": [0, 0, 2, 16], "texture": "#1"},
				"up": {"uv": [1, 11, 15, 13], "texture": "#2"},
				"down": {"uv": [1, 11, 15, 13], "texture": "#2"}
			}
		},
		{
			"from": [0, 0, 5],
			"to": [16, 16, 11],
			"faces": {
				"north": {"uv": [0, 0, 16, 16], "texture": "#1"},
				"east": {"uv": [0, 0, 6, 16], "texture": "#1"},
				"south": {"uv": [0, 0, 16, 16], "texture": "#1"},
				"west": {"uv": [0, 0, 6, 16], "texture": "#1"},
				"up": {"uv": [0, 5, 16, 11], "texture": "#2"},
				"down": {"uv": [0, 5, 16, 11], "texture": "#2"}
			}
		},
		{
			"from": [2, 0, 13],
			"to": [14, 16, 14],
			"faces": {
				"north": {"uv": [0, 0, 12, 16], "texture": "#2"},
				"east": {"uv": [0, 0, 1, 16], "texture": "#1"},
				"south": {"uv": [0, 0, 12, 16], "texture": "#1"},
				"west": {"uv": [0, 0, 1, 16], "texture": "#1"},
				"up": {"uv": [2, 13, 14, 14], "texture": "#2"},
				"down": {"uv": [2, 13, 14, 14], "texture": "#2"}
			}
		},
		{
			"from": [3, 0, 14],
			"to": [13, 16, 15],
			"faces": {
				"north": {"uv": [0, 0, 10, 16], "texture": "#2"},
				"east": {"uv": [0, 0, 1, 16], "texture": "#1"},
				"south": {"uv": [0, 0, 10, 16], "texture": "#1"},
				"west": {"uv": [0, 0, 1, 16], "texture": "#1"},
				"up": {"uv": [3, 14, 13, 15], "texture": "#2"},
				"down": {"uv": [3, 14, 13, 15], "texture": "#2"}
			}
		},
		{
			"from": [5, 0, 15],
			"to": [11, 16, 16],
			"faces": {
				"north": {"uv": [0, 0, 6, 16], "texture": "#2"},
				"east": {"uv": [0, 0, 1, 16], "texture": "#1"},
				"south": {"uv": [0, 0, 6, 16], "texture": "#1"},
				"west": {"uv": [0, 0, 1, 16], "texture": "#1"},
				"up": {"uv": [5, 15, 11, 16], "texture": "#2"},
				"down": {"uv": [5, 15, 11, 16], "texture": "#2"}
			}
		},
		{
			"from": [1, 0, 3],
			"to": [15, 16, 5],
			"faces": {
				"north": {"uv": [0, 0, 14, 16], "texture": "#1"},
				"east": {"uv": [0, 0, 2, 16], "texture": "#2"},
				"south": {"uv": [0, 0, 14, 16], "texture": "#2"},
				"west": {"uv": [0, 0, 2, 16], "texture": "#1"},
				"up": {"uv": [1, 3, 15, 5], "texture": "#2"},
				"down": {"uv": [1, 3, 15, 5], "texture": "#2"}
			}
		},
		{
			"from": [2, 0, 2],
			"to": [14, 16, 3],
			"faces": {
				"north": {"uv": [0, 0, 12, 16], "texture": "#1"},
				"east": {"uv": [0, 0, 1, 16], "texture": "#2"},
				"south": {"uv": [0, 0, 12, 16], "texture": "#2"},
				"west": {"uv": [0, 0, 1, 16], "texture": "#1"},
				"up": {"uv": [2, 2, 14, 3], "texture": "#2"},
				"down": {"uv": [2, 2, 14, 3], "texture": "#2"}
			}
		},
		{
			"from": [3, 0, 1],
			"to": [13, 16, 2],
			"faces": {
				"north": {"uv": [0, 0, 10, 16], "texture": "#1"},
				"east": {"uv": [0, 0, 1, 16], "texture": "#2"},
				"south": {"uv": [0, 0, 10, 16], "texture": "#2"},
				"west": {"uv": [0, 0, 1, 16], "texture": "#1"},
				"up": {"uv": [3, 1, 13, 2], "texture": "#2"},
				"down": {"uv": [3, 1, 13, 2], "texture": "#2"}
			}
		},
		{
			"from": [5, 0, 0],
			"to": [11, 16, 1],
			"faces": {
				"north": {"uv": [0, 0, 6, 16], "texture": "#1"},
				"east": {"uv": [0, 0, 1, 16], "texture": "#2"},
				"south": {"uv": [0, 0, 6, 16], "texture": "#2"},
				"west": {"uv": [0, 0, 1, 16], "texture": "#1"},
				"up": {"uv": [5, 0, 11, 1], "texture": "#2"},
				"down": {"uv": [5, 0, 11, 1], "texture": "#2"}
			}
		},
		{
			"from": [2.75, 6, 14],
			"to": [13.25, 11.5, 16.25],
			"rotation": {"angle": 0, "axis": "x", "origin": [8, 0, 8]},
			"faces": {
				"north": {"uv": [0, 0, 10.5, 5.5], "texture": "#3"},
				"east": {"uv": [0, 0, 2.25, 5.5], "texture": "#3"},
				"south": {"uv": [0, 0, 10.5, 5.5], "texture": "#3"},
				"west": {"uv": [0, 0, 2.25, 5.5], "texture": "#3"},
				"up": {"uv": [0, 0, 2.25, 10.5], "rotation": 90, "texture": "#3"},
				"down": {"uv": [0, 0, 2.25, 10.5], "rotation": 270, "texture": "#3"}
			}
		},
		{
			"from": [-5.25, 7, 8.1],
			"to": [-1, 9, 9.6],
			"rotation": {"angle": -22.5, "axis": "z", "origin": [8, 16, 11]},
			"faces": {
				"north": {"uv": [0, 0, 4.25, 2], "texture": "#5"},
				"east": {"uv": [0, 0, 1.5, 2], "texture": "#5"},
				"south": {"uv": [0, 0, 4.25, 2], "texture": "#5"},
				"west": {"uv": [0, 0, 1.5, 2], "texture": "#5"},
				"up": {"uv": [0, 0, 4.25, 1.5], "texture": "#5"},
				"down": {"uv": [0, 0, 4.25, 1.5], "texture": "#5"}
			}
		},
		{
			"from": [-2.25, 6.5, 7.6],
			"to": [2, 9.5, 12.6],
			"rotation": {"angle": -22.5, "axis": "z", "origin": [8, 16, 11]},
			"faces": {
				"north": {"uv": [0, 0, 4.25, 3], "texture": "#5"},
				"east": {"uv": [0, 0, 5, 3], "texture": "#5"},
				"south": {"uv": [0, 0, 4.25, 3], "texture": "#5"},
				"west": {"uv": [0, 0, 5, 3], "texture": "#5"},
				"up": {"uv": [0, 0, 4.25, 5], "texture": "#5"},
				"down": {"uv": [0, 0, 4.25, 5], "texture": "#5"}
			}
		},
		{
			"from": [0.75, 6, 7.1],
			"to": [5.75, 10, 12.9],
			"rotation": {"angle": -22.5, "axis": "z", "origin": [8, 16, 11]},
			"faces": {
				"north": {"uv": [0, 0, 5, 4], "texture": "#5"},
				"east": {"uv": [0, 0, 5.8, 4], "texture": "#5"},
				"south": {"uv": [0, 0, 5, 4], "texture": "#5"},
				"west": {"uv": [0, 0, 5.8, 4], "texture": "#5"},
				"up": {"uv": [0, 0, 5, 5.8], "texture": "#5"},
				"down": {"uv": [0, 0, 5, 5.8], "texture": "#5"}
			}
		},
		{
			"from": [-5.25, 7, 10.6],
			"to": [-1, 9, 12.1],
			"rotation": {"angle": -22.5, "axis": "z", "origin": [8, 16, 11]},
			"faces": {
				"north": {"uv": [0, 0, 4.25, 2], "texture": "#5"},
				"east": {"uv": [0, 0, 1.5, 2], "texture": "#5"},
				"south": {"uv": [0, 0, 4.25, 2], "texture": "#5"},
				"west": {"uv": [0, 0, 1.5, 2], "texture": "#5"},
				"up": {"uv": [0, 0, 4.25, 1.5], "texture": "#5"},
				"down": {"uv": [0, 0, 4.25, 1.5], "texture": "#5"}
			}
		},
		{
			"from": [17, 7, 10.4],
			"to": [21.25, 9, 11.9],
			"rotation": {"angle": 22.5, "axis": "z", "origin": [8, 16, 11]},
			"faces": {
				"north": {"uv": [0, 0, 4.25, 2], "texture": "#4"},
				"east": {"uv": [0, 0, 1.5, 2], "texture": "#4"},
				"south": {"uv": [0, 0, 4.25, 2], "texture": "#4"},
				"west": {"uv": [0, 0, 1.5, 2], "texture": "#4"},
				"up": {"uv": [0, 0, 4.25, 1.5], "rotation": 180, "texture": "#4"},
				"down": {"uv": [0, 0, 4.25, 1.5], "rotation": 180, "texture": "#4"}
			}
		},
		{
			"from": [14, 6.5, 7.4],
			"to": [18.25, 9.5, 12.4],
			"rotation": {"angle": 22.5, "axis": "z", "origin": [8, 16, 11]},
			"faces": {
				"north": {"uv": [0, 0, 4.25, 3], "texture": "#4"},
				"east": {"uv": [0, 0, 5, 3], "texture": "#4"},
				"south": {"uv": [0, 0, 4.25, 3], "texture": "#4"},
				"west": {"uv": [0, 0, 5, 3], "texture": "#4"},
				"up": {"uv": [0, 0, 4.25, 5], "rotation": 180, "texture": "#4"},
				"down": {"uv": [0, 0, 4.25, 5], "rotation": 180, "texture": "#4"}
			}
		},
		{
			"from": [10.25, 6, 7.1],
			"to": [15.25, 10, 12.9],
			"rotation": {"angle": 22.5, "axis": "z", "origin": [8, 16, 11]},
			"faces": {
				"north": {"uv": [0, 0, 5, 4], "texture": "#4"},
				"east": {"uv": [0, 0, 5.8, 4], "texture": "#4"},
				"south": {"uv": [0, 0, 5, 4], "texture": "#4"},
				"west": {"uv": [0, 0, 5.8, 4], "texture": "#4"},
				"up": {"uv": [0, 0, 5, 5.8], "rotation": 180, "texture": "#4"},
				"down": {"uv": [0, 0, 5, 5.8], "rotation": 180, "texture": "#4"}
			}
		},
		{
			"from": [17, 7, 7.9],
			"to": [21.25, 9, 9.4],
			"rotation": {"angle": 22.5, "axis": "z", "origin": [8, 16, 11]},
			"faces": {
				"north": {"uv": [0, 0, 4.25, 2], "texture": "#4"},
				"east": {"uv": [0, 0, 1.5, 2], "texture": "#4"},
				"south": {"uv": [0, 0, 4.25, 2], "texture": "#4"},
				"west": {"uv": [0, 0, 1.5, 2], "texture": "#4"},
				"up": {"uv": [0, 0, 4.25, 1.5], "rotation": 180, "texture": "#4"},
				"down": {"uv": [0, 0, 4.25, 1.5], "rotation": 180, "texture": "#4"}
			}
		}
	],
	"display": {
		"thirdperson_righthand": {
			"scale": [0.3, 0.3, 0.3]
		},
		"firstperson_righthand": {
			"scale": [0.47, 0.47, 0.47]
		},
		"ground": {
			"translation": [0, 7.25, 0]
		},
		"gui": {
			"rotation": [30, 30, 0],
			"scale": [0.68, 0.68, 0.68]
		},
		"head": {
			"translation": [0, -11.75, 8]
		}
	},
	"groups": [
		0,
		1,
		2,
		3,
		4,
		5,
		6,
		7,
		8,
		9,
		{
			"name": "group",
			"origin": [8, 16, 8],
			"color": 0,
			"children": [10, 11, 12, 13]
		},
		{
			"name": "group",
			"origin": [8, 16, 8],
			"color": 0,
			"children": [14, 15, 16, 17]
		}
	]
}