{
	"credit": "Made with Blockbench",
	"textures": {
		"1": "block/black",
		"particle": "block/black"
	},
	"elements": [
		{
			"from": [3, 10, 1],
			"to": [7, 11, 2],
			"rotation": {"angle": 0, "axis": "y", "origin": [5, 9, 0]},
			"faces": {
				"north": {"uv": [2.25, 0.25, 2.75, 0.75], "texture": "#1"},
				"east": {"uv": [3.25, 0.25, 3.75, 0.75], "texture": "#1"},
				"south": {"uv": [0.25, 0.25, 0.75, 0.75], "texture": "#1"},
				"west": {"uv": [1.25, 0.25, 1.75, 0.75], "texture": "#1"},
				"up": {"uv": [4.25, 0.25, 4.75, 0.75], "rotation": 180, "texture": "#1"},
				"down": {"uv": [5.25, 0.25, 5.75, 0.75], "rotation": 180, "texture": "#1"}
			}
		},
		{
			"from": [7, 8, 1],
			"to": [8, 11, 2],
			"rotation": {"angle": 0, "axis": "y", "origin": [5, 9, 0]},
			"faces": {
				"north": {"uv": [2.25, 0.25, 2.75, 0.75], "texture": "#1"},
				"east": {"uv": [3.25, 0.25, 3.75, 0.75], "texture": "#1"},
				"south": {"uv": [0.25, 0.25, 0.75, 0.75], "texture": "#1"},
				"west": {"uv": [1.25, 0.25, 1.75, 0.75], "texture": "#1"},
				"up": {"uv": [4.25, 0.25, 4.75, 0.75], "rotation": 180, "texture": "#1"},
				"down": {"uv": [5.25, 0.25, 5.75, 0.75], "rotation": 180, "texture": "#1"}
			}
		},
		{
			"from": [2, 6, 1],
			"to": [7, 10, 2],
			"rotation": {"angle": 0, "axis": "y", "origin": [5, 9, 0]},
			"faces": {
				"north": {"uv": [2.25, 0.25, 2.75, 0.75], "texture": "#1"},
				"east": {"uv": [3.25, 0.25, 3.75, 0.75], "texture": "#1"},
				"south": {"uv": [0.25, 0.25, 0.75, 0.75], "texture": "#1"},
				"west": {"uv": [1.25, 0.25, 1.75, 0.75], "texture": "#1"},
				"up": {"uv": [4.25, 0.25, 4.75, 0.75], "rotation": 180, "texture": "#1"},
				"down": {"uv": [5.25, 0.25, 5.75, 0.75], "rotation": 180, "texture": "#1"}
			}
		},
		{
			"from": [4, 11, 1],
			"to": [8, 12, 2],
			"rotation": {"angle": 0, "axis": "y", "origin": [5, 9, 0]},
			"faces": {
				"north": {"uv": [2.25, 0.25, 2.75, 0.75], "texture": "#1"},
				"east": {"uv": [3.25, 0.25, 3.75, 0.75], "texture": "#1"},
				"south": {"uv": [0.25, 0.25, 0.75, 0.75], "texture": "#1"},
				"west": {"uv": [1.25, 0.25, 1.75, 0.75], "texture": "#1"},
				"up": {"uv": [4.25, 0.25, 4.75, 0.75], "rotation": 180, "texture": "#1"},
				"down": {"uv": [5.25, 0.25, 5.75, 0.75], "rotation": 180, "texture": "#1"}
			}
		},
		{
			"from": [5, 12, 1],
			"to": [7, 13, 2],
			"rotation": {"angle": 0, "axis": "y", "origin": [5, 9, 0]},
			"faces": {
				"north": {"uv": [2.25, 0.25, 2.75, 0.75], "texture": "#1"},
				"east": {"uv": [3.25, 0.25, 3.75, 0.75], "texture": "#1"},
				"south": {"uv": [0.25, 0.25, 0.75, 0.75], "texture": "#1"},
				"west": {"uv": [1.25, 0.25, 1.75, 0.75], "texture": "#1"},
				"up": {"uv": [4.25, 0.25, 4.75, 0.75], "rotation": 180, "texture": "#1"},
				"down": {"uv": [5.25, 0.25, 5.75, 0.75], "rotation": 180, "texture": "#1"}
			}
		},
		{
			"from": [0, 8, 1],
			"to": [1, 12, 2],
			"rotation": {"angle": 0, "axis": "y", "origin": [5, 9, 0]},
			"faces": {
				"north": {"uv": [2.25, 0.25, 2.75, 0.75], "texture": "#1"},
				"east": {"uv": [3.25, 0.25, 3.75, 0.75], "texture": "#1"},
				"south": {"uv": [0.25, 0.25, 0.75, 0.75], "texture": "#1"},
				"west": {"uv": [1.25, 0.25, 1.75, 0.75], "texture": "#1"},
				"up": {"uv": [4.25, 0.25, 4.75, 0.75], "rotation": 180, "texture": "#1"},
				"down": {"uv": [5.25, 0.25, 5.75, 0.75], "rotation": 180, "texture": "#1"}
			}
		},
		{
			"from": [1, 7, 1],
			"to": [2, 11, 2],
			"rotation": {"angle": 0, "axis": "y", "origin": [5, 9, 0]},
			"faces": {
				"north": {"uv": [2.25, 0.25, 2.75, 0.75], "texture": "#1"},
				"east": {"uv": [3.25, 0.25, 3.75, 0.75], "texture": "#1"},
				"south": {"uv": [0.25, 0.25, 0.75, 0.75], "texture": "#1"},
				"west": {"uv": [1.25, 0.25, 1.75, 0.75], "texture": "#1"},
				"up": {"uv": [4.25, 0.25, 4.75, 0.75], "rotation": 180, "texture": "#1"},
				"down": {"uv": [5.25, 0.25, 5.75, 0.75], "rotation": 180, "texture": "#1"}
			}
		},
		{
			"from": [1, 12, 1],
			"to": [2, 13, 2],
			"rotation": {"angle": 0, "axis": "y", "origin": [5, 9, 0]},
			"faces": {
				"north": {"uv": [2.25, 0.25, 2.75, 0.75], "texture": "#1"},
				"east": {"uv": [3.25, 0.25, 3.75, 0.75], "texture": "#1"},
				"south": {"uv": [0.25, 0.25, 0.75, 0.75], "texture": "#1"},
				"west": {"uv": [1.25, 0.25, 1.75, 0.75], "texture": "#1"},
				"up": {"uv": [4.25, 0.25, 4.75, 0.75], "rotation": 180, "texture": "#1"},
				"down": {"uv": [5.25, 0.25, 5.75, 0.75], "rotation": 180, "texture": "#1"}
			}
		},
		{
			"from": [7, 7, 1],
			"to": [8, 8, 2],
			"rotation": {"angle": 0, "axis": "y", "origin": [5, 9, 0]},
			"faces": {
				"north": {"uv": [2.25, 0.25, 2.75, 0.75], "texture": "#1"},
				"east": {"uv": [3.25, 0.25, 3.75, 0.75], "texture": "#1"},
				"south": {"uv": [0.25, 0.25, 0.75, 0.75], "texture": "#1"},
				"west": {"uv": [1.25, 0.25, 1.75, 0.75], "texture": "#1"},
				"up": {"uv": [4.25, 0.25, 4.75, 0.75], "rotation": 180, "texture": "#1"},
				"down": {"uv": [5.25, 0.25, 5.75, 0.75], "rotation": 180, "texture": "#1"}
			}
		},
		{
			"from": [8, 8, 1],
			"to": [9, 11, 2],
			"rotation": {"angle": 0, "axis": "y", "origin": [5, 9, 0]},
			"faces": {
				"north": {"uv": [2.25, 0.25, 2.75, 0.75], "texture": "#1"},
				"east": {"uv": [3.25, 0.25, 3.75, 0.75], "texture": "#1"},
				"south": {"uv": [0.25, 0.25, 0.75, 0.75], "texture": "#1"},
				"west": {"uv": [1.25, 0.25, 1.75, 0.75], "texture": "#1"},
				"up": {"uv": [4.25, 0.25, 4.75, 0.75], "rotation": 180, "texture": "#1"},
				"down": {"uv": [5.25, 0.25, 5.75, 0.75], "rotation": 180, "texture": "#1"}
			}
		},
		{
			"from": [9, 8, 1],
			"to": [10, 11, 2],
			"faces": {
				"north": {"uv": [0.25, 0.25, 0.75, 0.75], "texture": "#1"},
				"east": {"uv": [1.25, 0.25, 1.75, 0.75], "texture": "#1"},
				"south": {"uv": [2.25, 0.25, 2.75, 0.75], "texture": "#1"},
				"west": {"uv": [3.25, 0.25, 3.75, 0.75], "texture": "#1"},
				"up": {"uv": [4.25, 0.25, 4.75, 0.75], "texture": "#1"},
				"down": {"uv": [5.25, 0.25, 5.75, 0.75], "texture": "#1"}
			}
		},
		{
			"from": [10, 6, 1],
			"to": [15, 10, 2],
			"faces": {
				"north": {"uv": [0.25, 0.25, 0.75, 0.75], "texture": "#1"},
				"east": {"uv": [1.25, 0.25, 1.75, 0.75], "texture": "#1"},
				"south": {"uv": [2.25, 0.25, 2.75, 0.75], "texture": "#1"},
				"west": {"uv": [3.25, 0.25, 3.75, 0.75], "texture": "#1"},
				"up": {"uv": [4.25, 0.25, 4.75, 0.75], "texture": "#1"},
				"down": {"uv": [5.25, 0.25, 5.75, 0.75], "texture": "#1"}
			}
		},
		{
			"from": [9, 11, 1],
			"to": [13, 12, 2],
			"faces": {
				"north": {"uv": [0.25, 0.25, 0.75, 0.75], "texture": "#1"},
				"east": {"uv": [1.25, 0.25, 1.75, 0.75], "texture": "#1"},
				"south": {"uv": [2.25, 0.25, 2.75, 0.75], "texture": "#1"},
				"west": {"uv": [3.25, 0.25, 3.75, 0.75], "texture": "#1"},
				"up": {"uv": [4.25, 0.25, 4.75, 0.75], "texture": "#1"},
				"down": {"uv": [5.25, 0.25, 5.75, 0.75], "texture": "#1"}
			}
		},
		{
			"from": [10, 12, 1],
			"to": [12, 13, 2],
			"faces": {
				"north": {"uv": [0.25, 0.25, 0.75, 0.75], "texture": "#1"},
				"east": {"uv": [1.25, 0.25, 1.75, 0.75], "texture": "#1"},
				"south": {"uv": [2.25, 0.25, 2.75, 0.75], "texture": "#1"},
				"west": {"uv": [3.25, 0.25, 3.75, 0.75], "texture": "#1"},
				"up": {"uv": [4.25, 0.25, 4.75, 0.75], "texture": "#1"},
				"down": {"uv": [5.25, 0.25, 5.75, 0.75], "texture": "#1"}
			}
		},
		{
			"from": [16, 8, 1],
			"to": [17, 12, 2],
			"faces": {
				"north": {"uv": [0.25, 0.25, 0.75, 0.75], "texture": "#1"},
				"east": {"uv": [1.25, 0.25, 1.75, 0.75], "texture": "#1"},
				"south": {"uv": [2.25, 0.25, 2.75, 0.75], "texture": "#1"},
				"west": {"uv": [3.25, 0.25, 3.75, 0.75], "texture": "#1"},
				"up": {"uv": [4.25, 0.25, 4.75, 0.75], "texture": "#1"},
				"down": {"uv": [5.25, 0.25, 5.75, 0.75], "texture": "#1"}
			}
		},
		{
			"from": [15, 7, 1],
			"to": [16, 11, 2],
			"faces": {
				"north": {"uv": [0.25, 0.25, 0.75, 0.75], "texture": "#1"},
				"east": {"uv": [1.25, 0.25, 1.75, 0.75], "texture": "#1"},
				"south": {"uv": [2.25, 0.25, 2.75, 0.75], "texture": "#1"},
				"west": {"uv": [3.25, 0.25, 3.75, 0.75], "texture": "#1"},
				"up": {"uv": [4.25, 0.25, 4.75, 0.75], "texture": "#1"},
				"down": {"uv": [5.25, 0.25, 5.75, 0.75], "texture": "#1"}
			}
		},
		{
			"from": [15, 12, 1],
			"to": [16, 13, 2],
			"faces": {
				"north": {"uv": [0.25, 0.25, 0.75, 0.75], "texture": "#1"},
				"east": {"uv": [1.25, 0.25, 1.75, 0.75], "texture": "#1"},
				"south": {"uv": [2.25, 0.25, 2.75, 0.75], "texture": "#1"},
				"west": {"uv": [3.25, 0.25, 3.75, 0.75], "texture": "#1"},
				"up": {"uv": [4.25, 0.25, 4.75, 0.75], "texture": "#1"},
				"down": {"uv": [5.25, 0.25, 5.75, 0.75], "texture": "#1"}
			}
		},
		{
			"from": [9, 7, 1],
			"to": [10, 8, 2],
			"faces": {
				"north": {"uv": [0.25, 0.25, 0.75, 0.75], "texture": "#1"},
				"east": {"uv": [1.25, 0.25, 1.75, 0.75], "texture": "#1"},
				"south": {"uv": [2.25, 0.25, 2.75, 0.75], "texture": "#1"},
				"west": {"uv": [3.25, 0.25, 3.75, 0.75], "texture": "#1"},
				"up": {"uv": [4.25, 0.25, 4.75, 0.75], "texture": "#1"},
				"down": {"uv": [5.25, 0.25, 5.75, 0.75], "texture": "#1"}
			}
		},
		{
			"from": [10, 10, 1],
			"to": [14, 11, 2],
			"faces": {
				"north": {"uv": [0.25, 0.25, 0.75, 0.75], "texture": "#1"},
				"east": {"uv": [1.25, 0.25, 1.75, 0.75], "texture": "#1"},
				"south": {"uv": [2.25, 0.25, 2.75, 0.75], "texture": "#1"},
				"west": {"uv": [3.25, 0.25, 3.75, 0.75], "texture": "#1"},
				"up": {"uv": [4.25, 0.25, 4.75, 0.75], "texture": "#1"},
				"down": {"uv": [5.25, 0.25, 5.75, 0.75], "texture": "#1"}
			}
		}
	],
	"display": {
		"thirdperson_righthand": {
			"rotation": [73, 0, 0],
			"translation": [-6, -0.75, 11.25],
			"scale": [0.57, 0.57, 0.57]
		},
		"firstperson_righthand": {
			"translation": [2.5, 0, 3.25]
		},
		"ground": {
			"translation": [-0.5, 2.25, 0.25]
		},
		"gui": {
			"rotation": [-28, 35, 1],
			"translation": [2.75, 0.25, 0],
			"scale": [0.91, 0.91, 0.91]
		},
		"head": {
			"translation": [-0.75, -6, 0]
		},
		"fixed": {
			"translation": [-0.5, -1.25, 0]
		}
	},
	"groups": [
		{
			"name": "bone",
			"origin": [0, 0, 0],
			"color": 0,
			"children": [0, 1, 2, 3, 4, 5, 6, 7, 8, 9]
		},
		{
			"name": "bone2",
			"origin": [0, 0, 0],
			"rotation": [0, -180, 0],
			"color": 0,
			"children": [10, 11, 12, 13, 14, 15, 16, 17, 18]
		}
	]
}