{"textures":{"2":"modelengine:entity/sculk_sensor_tendril_active"},"elements":[{"from":[9.0,8.5,8.0],"to":[11.0,10.5,8.0],"faces":{"east":{"uv":[5.0,8.0,11.0,16.0],"tintindex":0,"rotation":0,"texture":"#2"},"south":{"uv":[11.0,8.0,5.0,16.0],"tintindex":0,"rotation":0,"texture":"#2"},"north":{"uv":[5.0,8.0,11.0,16.0],"tintindex":0,"rotation":0,"texture":"#2"},"west":{"uv":[5.0,8.0,11.0,16.0],"tintindex":0,"rotation":0,"texture":"#2"},"up":{"uv":[5.0,8.0,11.0,16.0],"tintindex":0,"rotation":0,"texture":"#2"},"down":{"uv":[5.0,8.0,11.0,16.0],"tintindex":0,"rotation":0,"texture":"#2"}}},{"from":[5.0,8.5,8.0],"to":[7.0,10.5,8.0],"faces":{"east":{"uv":[11.0,8.0,5.0,16.0],"tintindex":0,"rotation":0,"texture":"#2"},"south":{"uv":[5.0,8.0,11.0,16.0],"tintindex":0,"rotation":0,"texture":"#2"},"north":{"uv":[11.0,8.0,5.0,16.0],"tintindex":0,"rotation":0,"texture":"#2"},"west":{"uv":[5.0,8.0,11.0,16.0],"tintindex":0,"rotation":0,"texture":"#2"},"up":{"uv":[5.0,8.0,11.0,16.0],"tintindex":0,"rotation":0,"texture":"#2"},"down":{"uv":[5.0,8.0,11.0,16.0],"tintindex":0,"rotation":0,"texture":"#2"}}}],"display":{"gui":{"rotation":[30,225,0]}}}