{"textures":{"0":"modelengine:entity/piranha_plant"},"elements":[{"from":[7.9857144,7.385714,5.685714],"to":[8.042857,11.957143,10.257143],"rotation":{"angle":0.0,"axis":"y","origin":[8.014286,9.671429,7.9714284]},"faces":{"east":{"uv":[4.25,0.0,8.25,7.0],"rotation":180,"texture":"#0","tintindex":0},"south":{"uv":[4.75,7.5,7.75,8.0],"rotation":180,"texture":"#0","tintindex":0},"north":{"uv":[4.75,7.5,7.5,8.0],"rotation":180,"texture":"#0","tintindex":0},"west":{"uv":[4.25,0.0,8.25,7.0],"rotation":180,"texture":"#0","tintindex":0},"up":{"uv":[4.5,7.5,7.75,8.5],"rotation":180,"texture":"#0","tintindex":0},"down":{"uv":[4.5,7.5,7.5,8.0],"rotation":180,"texture":"#0","tintindex":0}}}],"display":{"head":{"translation":[0.0,-6.4,0.0],"scale":[4.0,4.0,4.0]}}}