{
	"credit": "Made with Blockbench",
	"texture_size": [64, 64],
	"textures": {
		"0": "block/equipment/mega_jug",
		"particle": "block/equipment/mega_jug"
	},
	"elements": [
		{
			"from": [6.61763, 0.0001, 6.27455],
			"to": [10.31743, 7.4999, 7.67435],
			"rotation": {"angle": 22.5, "axis": "y", "origin": [9.61753, 0, 6.27445]},
			"faces": {
				"north": {"uv": [2, 0, 3, 2], "texture": "#0"},
				"east": {"uv": [1.5, 8.5, 1.75, 10.5], "texture": "#0"},
				"south": {"uv": [2, 2, 3, 4], "texture": "#0"},
				"west": {"uv": [1.75, 8.5, 2, 10.5], "texture": "#0"},
				"up": {"uv": [4.75, 10.25, 3.75, 10], "texture": "#0"},
				"down": {"uv": [11, 4.5, 10, 4.75], "texture": "#0"}
			}
		},
		{
			"from": [8.77922, -0.0001, 4.81149],
			"to": [10.17942, 7.5001, 8.51169],
			"rotation": {"angle": -45, "axis": "y", "origin": [8.77932, 0, 5.51159]},
			"faces": {
				"north": {"uv": [5.25, 9.25, 5.5, 11.25], "texture": "#0"},
				"east": {"uv": [0, 2.5, 1, 4.5], "texture": "#0"},
				"south": {"uv": [5.5, 9.25, 5.75, 11.25], "texture": "#0"},
				"west": {"uv": [1, 2.5, 2, 4.5], "texture": "#0"},
				"up": {"uv": [9.75, 7.75, 9.5, 6.75], "texture": "#0"},
				"down": {"uv": [2.75, 10, 2.5, 11], "texture": "#0"}
			}
		},
		{
			"from": [7.71308, 0.0001, 4.42768],
			"to": [9.11288, 7.4999, 8.12748],
			"rotation": {"angle": -22.5, "axis": "y", "origin": [7.71298, 0, 5.12758]},
			"faces": {
				"north": {"uv": [3, 9.5, 3.25, 11.5], "texture": "#0"},
				"east": {"uv": [3, 0, 4, 2], "texture": "#0"},
				"south": {"uv": [3.25, 9.5, 3.5, 11.5], "texture": "#0"},
				"west": {"uv": [3, 2, 4, 4], "texture": "#0"},
				"up": {"uv": [3, 11, 2.75, 10], "texture": "#0"},
				"down": {"uv": [5, 10, 4.75, 11], "texture": "#0"}
			}
		},
		{
			"from": [4.38231, -0.0001, 4.81149],
			"to": [5.78251, 7.5001, 8.51169],
			"rotation": {"angle": 45, "axis": "y", "origin": [5.78241, 0, 5.51159]},
			"faces": {
				"north": {"uv": [3.5, 9.5, 3.75, 11.5], "texture": "#0"},
				"east": {"uv": [4, 0, 5, 2], "texture": "#0"},
				"south": {"uv": [9.5, 4.75, 9.75, 6.75], "texture": "#0"},
				"west": {"uv": [2, 4, 3, 6], "texture": "#0"},
				"up": {"uv": [10.25, 5.75, 10, 4.75], "texture": "#0"},
				"down": {"uv": [5.25, 10, 5, 11], "texture": "#0"}
			}
		},
		{
			"from": [4.2443, 0.0001, 6.27455],
			"to": [7.9441, 7.4999, 7.67435],
			"rotation": {"angle": -22.5, "axis": "y", "origin": [4.9442, 0, 6.27445]},
			"faces": {
				"north": {"uv": [4, 2, 5, 4], "texture": "#0"},
				"east": {"uv": [5.75, 9.5, 6, 11.5], "texture": "#0"},
				"south": {"uv": [3, 4, 4, 6], "texture": "#0"},
				"west": {"uv": [6, 9.5, 6.25, 11.5], "texture": "#0"},
				"up": {"uv": [11, 6, 10, 5.75], "texture": "#0"},
				"down": {"uv": [11, 6, 10, 6.25], "texture": "#0"}
			}
		},
		{
			"from": [5.44884, 0.0001, 4.42768],
			"to": [6.84864, 7.4999, 8.12748],
			"rotation": {"angle": 22.5, "axis": "y", "origin": [6.84874, 0, 5.12758]},
			"faces": {
				"north": {"uv": [6.25, 9.5, 6.5, 11.5], "texture": "#0"},
				"east": {"uv": [4, 4, 5, 6], "texture": "#0"},
				"south": {"uv": [6.5, 9.5, 6.75, 11.5], "texture": "#0"},
				"west": {"uv": [0, 4.5, 1, 6.5], "texture": "#0"},
				"up": {"uv": [10.25, 7.25, 10, 6.25], "texture": "#0"},
				"down": {"uv": [10.25, 7.25, 10, 8.25], "texture": "#0"}
			}
		},
		{
			"from": [6.58076, -0.0001, 4.48076],
			"to": [7.98096, 7.5001, 8.18096],
			"rotation": {"angle": 0, "axis": "y", "origin": [5.18086, 0.7, 4.48086]},
			"faces": {
				"north": {"uv": [6.75, 9.5, 7, 11.5], "texture": "#0"},
				"east": {"uv": [1, 4.5, 2, 6.5], "texture": "#0"},
				"south": {"uv": [7, 9.5, 7.25, 11.5], "texture": "#0"},
				"west": {"uv": [5, 0, 6, 2], "texture": "#0"},
				"up": {"uv": [8.25, 11, 8, 10], "texture": "#0"},
				"down": {"uv": [8.5, 10, 8.25, 11], "texture": "#0"}
			}
		},
		{
			"from": [6.58186, 0.001, 7.82014],
			"to": [7.97986, 7.499, 11.51814],
			"rotation": {"angle": 0, "axis": "y", "origin": [5.18086, 0.7, 11.51914]},
			"faces": {
				"north": {"uv": [7.25, 9.5, 7.5, 11.5], "texture": "#0"},
				"east": {"uv": [5, 2, 6, 4], "texture": "#0"},
				"south": {"uv": [7.5, 9.5, 7.75, 11.5], "texture": "#0"},
				"west": {"uv": [5, 4, 6, 6], "texture": "#0"},
				"up": {"uv": [10.25, 9.25, 10, 8.25], "texture": "#0"},
				"down": {"uv": [8.75, 10, 8.5, 11], "texture": "#0"}
			}
		},
		{
			"from": [5.44884, 0.0001, 7.87252],
			"to": [6.84864, 7.4999, 11.57232],
			"rotation": {"angle": -22.5, "axis": "y", "origin": [6.84874, 0, 10.87242]},
			"faces": {
				"north": {"uv": [7.75, 9.5, 8, 11.5], "texture": "#0"},
				"east": {"uv": [6, 0, 7, 2], "texture": "#0"},
				"south": {"uv": [9.5, 9.25, 9.75, 11.25], "texture": "#0"},
				"west": {"uv": [2, 6, 3, 8], "texture": "#0"},
				"up": {"uv": [9, 11, 8.75, 10], "texture": "#0"},
				"down": {"uv": [9.25, 10, 9, 11], "texture": "#0"}
			}
		},
		{
			"from": [3.76172, 0, 7.3],
			"to": [7.46172, 7.5, 8.7],
			"rotation": {"angle": 0, "axis": "y", "origin": [4.46172, 0, 8.7]},
			"faces": {
				"north": {"uv": [6, 2, 7, 4], "texture": "#0"},
				"east": {"uv": [9.75, 0, 10, 2], "texture": "#0"},
				"south": {"uv": [3, 6, 4, 8], "texture": "#0"},
				"west": {"uv": [9.75, 4.25, 10, 6.25], "texture": "#0"},
				"up": {"uv": [11, 9.5, 10, 9.25], "texture": "#0"},
				"down": {"uv": [11, 9.5, 10, 9.75], "texture": "#0"}
			}
		},
		{
			"from": [4.2443, 0.0001, 8.32565],
			"to": [7.9441, 7.4999, 9.72545],
			"rotation": {"angle": 22.5, "axis": "y", "origin": [4.9442, 0, 9.72555]},
			"faces": {
				"north": {"uv": [4, 6, 5, 8], "texture": "#0"},
				"east": {"uv": [9.75, 6.25, 10, 8.25], "texture": "#0"},
				"south": {"uv": [6, 4, 7, 6], "texture": "#0"},
				"west": {"uv": [9.75, 8.25, 10, 10.25], "texture": "#0"},
				"up": {"uv": [11, 10, 10, 9.75], "texture": "#0"},
				"down": {"uv": [11, 10, 10, 10.25], "texture": "#0"}
			}
		},
		{
			"from": [4.38241, 0, 7.48841],
			"to": [5.78241, 7.5, 11.18841],
			"rotation": {"angle": -45, "axis": "y", "origin": [5.78241, 0, 10.48841]},
			"faces": {
				"north": {"uv": [0, 10, 0.25, 12], "texture": "#0"},
				"east": {"uv": [5, 6, 6, 8], "texture": "#0"},
				"south": {"uv": [10, 0, 10.25, 2], "texture": "#0"},
				"west": {"uv": [6, 6, 7, 8], "texture": "#0"},
				"up": {"uv": [9.5, 11, 9.25, 10], "texture": "#0"},
				"down": {"uv": [10.5, 0, 10.25, 1], "texture": "#0"}
			}
		},
		{
			"from": [7.71308, 0.0001, 7.87252],
			"to": [9.11288, 7.4999, 11.57232],
			"rotation": {"angle": 22.5, "axis": "y", "origin": [7.71298, 0, 10.87242]},
			"faces": {
				"north": {"uv": [0.25, 10, 0.5, 12], "texture": "#0"},
				"east": {"uv": [0, 6.5, 1, 8.5], "texture": "#0"},
				"south": {"uv": [0.5, 10, 0.75, 12], "texture": "#0"},
				"west": {"uv": [1, 6.5, 2, 8.5], "texture": "#0"},
				"up": {"uv": [10.5, 2, 10.25, 1], "texture": "#0"},
				"down": {"uv": [10.5, 2, 10.25, 3], "texture": "#0"}
			}
		},
		{
			"from": [8.77832, -0.001, 7.48741],
			"to": [10.18032, 7.501, 11.18941],
			"rotation": {"angle": 45, "axis": "y", "origin": [8.77932, 0, 10.48841]},
			"faces": {
				"north": {"uv": [0.75, 10, 1, 12], "texture": "#0"},
				"east": {"uv": [7, 0, 8, 2], "texture": "#0"},
				"south": {"uv": [1, 10, 1.25, 12], "texture": "#0"},
				"west": {"uv": [7, 2, 8, 4], "texture": "#0"},
				"up": {"uv": [10.5, 4, 10.25, 3], "texture": "#0"},
				"down": {"uv": [4, 10.25, 3.75, 11.25], "texture": "#0"}
			}
		},
		{
			"from": [6.61763, 0.0001, 8.32565],
			"to": [10.31743, 7.4999, 9.72545],
			"rotation": {"angle": -22.5, "axis": "y", "origin": [9.61753, 0, 9.72555]},
			"faces": {
				"north": {"uv": [7, 4, 8, 6], "texture": "#0"},
				"east": {"uv": [1.25, 10, 1.5, 12], "texture": "#0"},
				"south": {"uv": [7, 6, 8, 8], "texture": "#0"},
				"west": {"uv": [2, 10, 2.25, 12], "texture": "#0"},
				"up": {"uv": [11.25, 5, 10.25, 4.75], "texture": "#0"},
				"down": {"uv": [11.25, 5, 10.25, 5.25], "texture": "#0"}
			}
		},
		{
			"from": [7.0999, -0.0001, 7.2999],
			"to": [10.8001, 7.5001, 8.7001],
			"rotation": {"angle": 0, "axis": "y", "origin": [10.1, 0, 8.7]},
			"faces": {
				"north": {"uv": [8, 0, 9, 2], "texture": "#0"},
				"east": {"uv": [10, 2, 10.25, 4], "texture": "#0"},
				"south": {"uv": [2, 8, 3, 10], "texture": "#0"},
				"west": {"uv": [2.25, 10, 2.5, 12], "texture": "#0"},
				"up": {"uv": [11.25, 5.5, 10.25, 5.25], "texture": "#0"},
				"down": {"uv": [11.25, 5.5, 10.25, 5.75], "texture": "#0"}
			}
		},
		{
			"from": [7.24392, 6.29992, 7.41192],
			"to": [10.35208, 9.60008, 8.58808],
			"rotation": {"angle": 0, "axis": "y", "origin": [9.764, 6.3, 8.588]},
			"faces": {
				"north": {"uv": [8, 4.75, 8.75, 5.5], "texture": "#0"},
				"east": {"uv": [4, 10.25, 4.25, 11], "texture": "#0"},
				"south": {"uv": [8, 5.5, 8.75, 6.25], "texture": "#0"},
				"west": {"uv": [4.25, 10.25, 4.5, 11], "texture": "#0"},
				"up": {"uv": [9.75, 1.75, 9, 1.5], "texture": "#0"},
				"down": {"uv": [9.75, 1.75, 9, 2], "texture": "#0"}
			}
		},
		{
			"from": [6.83881, 6.30008, 8.27355],
			"to": [9.94664, 9.59992, 9.44938],
			"rotation": {"angle": -22.5, "axis": "y", "origin": [9.35872, 6.3, 9.44946]},
			"faces": {
				"north": {"uv": [6, 8, 6.75, 8.75], "texture": "#0"},
				"east": {"uv": [4.5, 10.25, 4.75, 11], "texture": "#0"},
				"south": {"uv": [8, 6.25, 8.75, 7], "texture": "#0"},
				"west": {"uv": [10.25, 6.25, 10.5, 7], "texture": "#0"},
				"up": {"uv": [11, 7.25, 10.25, 7], "texture": "#0"},
				"down": {"uv": [11, 7.25, 10.25, 7.5], "texture": "#0"}
			}
		},
		{
			"from": [8.65379, 6.29916, 7.56942],
			"to": [9.83147, 9.60084, 10.6791],
			"rotation": {"angle": 45, "axis": "y", "origin": [8.65463, 6.3, 10.09026]},
			"faces": {
				"north": {"uv": [10.25, 7.5, 10.5, 8.25], "texture": "#0"},
				"east": {"uv": [6.75, 8, 7.5, 8.75], "texture": "#0"},
				"south": {"uv": [10.25, 8.25, 10.5, 9], "texture": "#0"},
				"west": {"uv": [8, 7, 8.75, 7.75], "texture": "#0"},
				"up": {"uv": [10, 11, 9.75, 10.25], "texture": "#0"},
				"down": {"uv": [10.25, 10.25, 10, 11], "texture": "#0"}
			}
		},
		{
			"from": [7.75899, 6.30008, 7.89292],
			"to": [8.93482, 9.59992, 11.00075],
			"rotation": {"angle": 22.5, "axis": "y", "origin": [7.75891, 6.3, 10.41283]},
			"faces": {
				"north": {"uv": [10.25, 10.25, 10.5, 11], "texture": "#0"},
				"east": {"uv": [7.5, 8, 8.25, 8.75], "texture": "#0"},
				"south": {"uv": [10.5, 0, 10.75, 0.75], "texture": "#0"},
				"west": {"uv": [8.25, 7.75, 9, 8.5], "texture": "#0"},
				"up": {"uv": [10.75, 1.5, 10.5, 0.75], "texture": "#0"},
				"down": {"uv": [1.75, 10.5, 1.5, 11.25], "texture": "#0"}
			}
		},
		{
			"from": [4.96122, 6.3, 7.57026],
			"to": [6.13722, 9.6, 10.67826],
			"rotation": {"angle": -45, "axis": "y", "origin": [6.13722, 6.3, 10.09026]},
			"faces": {
				"north": {"uv": [10.5, 1.5, 10.75, 2.25], "texture": "#0"},
				"east": {"uv": [0, 8.5, 0.75, 9.25], "texture": "#0"},
				"south": {"uv": [1.75, 10.5, 2, 11.25], "texture": "#0"},
				"west": {"uv": [0.75, 8.5, 1.5, 9.25], "texture": "#0"},
				"up": {"uv": [10.75, 3, 10.5, 2.25], "texture": "#0"},
				"down": {"uv": [10.75, 3, 10.5, 3.75], "texture": "#0"}
			}
		},
		{
			"from": [4.84521, 6.30008, 8.27355],
			"to": [7.95304, 9.59992, 9.44938],
			"rotation": {"angle": 22.5, "axis": "y", "origin": [5.43313, 6.3, 9.44946]},
			"faces": {
				"north": {"uv": [4.25, 8.5, 5, 9.25], "texture": "#0"},
				"east": {"uv": [10.5, 6.25, 10.75, 7], "texture": "#0"},
				"south": {"uv": [5, 8.5, 5.75, 9.25], "texture": "#0"},
				"west": {"uv": [10.5, 7.5, 10.75, 8.25], "texture": "#0"},
				"up": {"uv": [11, 9.25, 10.25, 9], "texture": "#0"},
				"down": {"uv": [11.25, 3.75, 10.5, 4], "texture": "#0"}
			}
		},
		{
			"from": [4.43985, 6.3, 7.412],
			"to": [7.54785, 9.6, 8.588],
			"rotation": {"angle": 0, "axis": "y", "origin": [5.02785, 6.3, 8.588]},
			"faces": {
				"north": {"uv": [8.25, 8.5, 9, 9.25], "texture": "#0"},
				"east": {"uv": [10.5, 8.25, 10.75, 9], "texture": "#0"},
				"south": {"uv": [3, 8.75, 3.75, 9.5], "texture": "#0"},
				"west": {"uv": [10.5, 10.25, 10.75, 11], "texture": "#0"},
				"up": {"uv": [11.5, 0.25, 10.75, 0], "texture": "#0"},
				"down": {"uv": [11.5, 0.25, 10.75, 0.5], "texture": "#0"}
			}
		},
		{
			"from": [5.85703, 6.30008, 7.89292],
			"to": [7.03286, 9.59992, 11.00075],
			"rotation": {"angle": -22.5, "axis": "y", "origin": [7.03294, 6.3, 10.41283]},
			"faces": {
				"north": {"uv": [10.75, 0.5, 11, 1.25], "texture": "#0"},
				"east": {"uv": [8.75, 4.75, 9.5, 5.5], "texture": "#0"},
				"south": {"uv": [10.75, 1.25, 11, 2], "texture": "#0"},
				"west": {"uv": [8.75, 5.5, 9.5, 6.25], "texture": "#0"},
				"up": {"uv": [11, 2.75, 10.75, 2], "texture": "#0"},
				"down": {"uv": [11, 2.75, 10.75, 3.5], "texture": "#0"}
			}
		},
		{
			"from": [6.80876, 6.30084, 7.84892],
			"to": [7.98308, 9.59916, 10.95524],
			"rotation": {"angle": 0, "axis": "y", "origin": [5.63192, 6.888, 10.95608]},
			"faces": {
				"north": {"uv": [10.75, 6.25, 11, 7], "texture": "#0"},
				"east": {"uv": [5.75, 8.75, 6.5, 9.5], "texture": "#0"},
				"south": {"uv": [10.75, 7.5, 11, 8.25], "texture": "#0"},
				"west": {"uv": [8.75, 6.25, 9.5, 7], "texture": "#0"},
				"up": {"uv": [11, 9, 10.75, 8.25], "texture": "#0"},
				"down": {"uv": [11, 10.25, 10.75, 11], "texture": "#0"}
			}
		},
		{
			"from": [6.80784, 6.29992, 5.04384],
			"to": [7.98401, 9.60008, 8.15201],
			"rotation": {"angle": 0, "axis": "y", "origin": [5.63192, 6.888, 5.04392]},
			"faces": {
				"north": {"uv": [11, 0.5, 11.25, 1.25], "texture": "#0"},
				"east": {"uv": [6.5, 8.75, 7.25, 9.5], "texture": "#0"},
				"south": {"uv": [11, 1.25, 11.25, 2], "texture": "#0"},
				"west": {"uv": [8.75, 7, 9.5, 7.75], "texture": "#0"},
				"up": {"uv": [11.25, 2.75, 11, 2], "texture": "#0"},
				"down": {"uv": [2.75, 11, 2.5, 11.75], "texture": "#0"}
			}
		},
		{
			"from": [5.85703, 6.30008, 4.99925],
			"to": [7.03286, 9.59992, 8.10708],
			"rotation": {"angle": 22.5, "axis": "y", "origin": [7.03294, 6.3, 5.58717]},
			"faces": {
				"north": {"uv": [2.75, 11, 3, 11.75], "texture": "#0"},
				"east": {"uv": [7.25, 8.75, 8, 9.5], "texture": "#0"},
				"south": {"uv": [11, 2.75, 11.25, 3.5], "texture": "#0"},
				"west": {"uv": [9, 0, 9.75, 0.75], "texture": "#0"},
				"up": {"uv": [4.25, 11.75, 4, 11], "texture": "#0"},
				"down": {"uv": [4.5, 11, 4.25, 11.75], "texture": "#0"}
			}
		},
		{
			"from": [4.84521, 6.30008, 6.55062],
			"to": [7.95304, 9.59992, 7.72645],
			"rotation": {"angle": -22.5, "axis": "y", "origin": [5.43313, 6.3, 6.55054]},
			"faces": {
				"north": {"uv": [9, 0.75, 9.75, 1.5], "texture": "#0"},
				"east": {"uv": [4.5, 11, 4.75, 11.75], "texture": "#0"},
				"south": {"uv": [9, 7.75, 9.75, 8.5], "texture": "#0"},
				"west": {"uv": [4.75, 11, 5, 11.75], "texture": "#0"},
				"up": {"uv": [11.5, 3.75, 10.75, 3.5], "texture": "#0"},
				"down": {"uv": [11.75, 4.5, 11, 4.75], "texture": "#0"}
			}
		},
		{
			"from": [4.96114, 6.29992, 5.32165],
			"to": [6.1373, 9.60008, 8.42982],
			"rotation": {"angle": 45, "axis": "y", "origin": [6.13722, 6.3, 5.90974]},
			"faces": {
				"north": {"uv": [5, 11, 5.25, 11.75], "texture": "#0"},
				"east": {"uv": [9, 8.5, 9.75, 9.25], "texture": "#0"},
				"south": {"uv": [11, 5.75, 11.25, 6.5], "texture": "#0"},
				"west": {"uv": [0, 9.25, 0.75, 10], "texture": "#0"},
				"up": {"uv": [11.25, 7.25, 11, 6.5], "texture": "#0"},
				"down": {"uv": [11.25, 7.25, 11, 8], "texture": "#0"}
			}
		},
		{
			"from": [7.75899, 6.30008, 4.99925],
			"to": [8.93482, 9.59992, 8.10708],
			"rotation": {"angle": -22.5, "axis": "y", "origin": [7.75891, 6.3, 5.58717]},
			"faces": {
				"north": {"uv": [8, 11, 8.25, 11.75], "texture": "#0"},
				"east": {"uv": [0.75, 9.25, 1.5, 10], "texture": "#0"},
				"south": {"uv": [11, 8, 11.25, 8.75], "texture": "#0"},
				"west": {"uv": [9.25, 3.5, 10, 4.25], "texture": "#0"},
				"up": {"uv": [8.5, 11.75, 8.25, 11], "texture": "#0"},
				"down": {"uv": [8.75, 11, 8.5, 11.75], "texture": "#0"}
			}
		},
		{
			"from": [8.65454, 6.29992, 5.32165],
			"to": [9.83071, 9.60008, 8.42982],
			"rotation": {"angle": -45, "axis": "y", "origin": [8.65463, 6.3, 5.90974]},
			"faces": {
				"north": {"uv": [8.75, 11, 9, 11.75], "texture": "#0"},
				"east": {"uv": [3.75, 9.25, 4.5, 10], "texture": "#0"},
				"south": {"uv": [11, 8.75, 11.25, 9.5], "texture": "#0"},
				"west": {"uv": [4.5, 9.25, 5.25, 10], "texture": "#0"},
				"up": {"uv": [9.25, 11.75, 9, 11], "texture": "#0"},
				"down": {"uv": [9.5, 11, 9.25, 11.75], "texture": "#0"}
			}
		},
		{
			"from": [6.83881, 6.30008, 6.55062],
			"to": [9.94664, 9.59992, 7.72645],
			"rotation": {"angle": 22.5, "axis": "y", "origin": [9.35872, 6.3, 6.55054]},
			"faces": {
				"north": {"uv": [8, 9.25, 8.75, 10], "texture": "#0"},
				"east": {"uv": [11, 9.5, 11.25, 10.25], "texture": "#0"},
				"south": {"uv": [8.75, 9.25, 9.5, 10], "texture": "#0"},
				"west": {"uv": [9.75, 11, 10, 11.75], "texture": "#0"},
				"up": {"uv": [10.75, 11.25, 10, 11], "texture": "#0"},
				"down": {"uv": [11.75, 10.25, 11, 10.5], "texture": "#0"}
			}
		},
		{
			"from": [7.32063, 8.6106, 7.47082],
			"to": [10.11799, 10.08076, 8.52937],
			"rotation": {"angle": 0, "axis": "y", "origin": [9.58871, 8.61068, 8.5293]},
			"faces": {
				"north": {"uv": [11, 10.5, 11.75, 10.75], "texture": "#0"},
				"east": {"uv": [8, 7.75, 8.25, 8], "texture": "#0"},
				"south": {"uv": [10.75, 11, 11.5, 11.25], "texture": "#0"},
				"west": {"uv": [5.75, 8.5, 6, 8.75], "texture": "#0"},
				"up": {"uv": [11.75, 11, 11, 10.75], "texture": "#0"},
				"down": {"uv": [12, 0.5, 11.25, 0.75], "texture": "#0"}
			}
		},
		{
			"from": [6.95604, 8.61076, 8.24629],
			"to": [9.75309, 10.0806, 9.30454],
			"rotation": {"angle": -22.5, "axis": "y", "origin": [9.22396, 8.61068, 9.30462]},
			"faces": {
				"north": {"uv": [11.25, 0.75, 12, 1], "texture": "#0"},
				"east": {"uv": [12, 11.5, 12.25, 11.75], "texture": "#0"},
				"south": {"uv": [11.25, 1, 12, 1.25], "texture": "#0"},
				"west": {"uv": [12.25, 3.5, 12.5, 3.75], "texture": "#0"},
				"up": {"uv": [12, 1.5, 11.25, 1.25], "texture": "#0"},
				"down": {"uv": [12, 1.5, 11.25, 1.75], "texture": "#0"}
			}
		},
		{
			"from": [8.58952, 8.60992, 7.61258],
			"to": [9.64943, 10.08144, 10.41129],
			"rotation": {"angle": 45, "axis": "y", "origin": [8.59028, 8.61068, 9.88133]},
			"faces": {
				"north": {"uv": [12.25, 4.5, 12.5, 4.75], "texture": "#0"},
				"east": {"uv": [11.25, 1.75, 12, 2], "texture": "#0"},
				"south": {"uv": [12.25, 5.5, 12.5, 5.75], "texture": "#0"},
				"west": {"uv": [11.25, 2, 12, 2.25], "texture": "#0"},
				"up": {"uv": [1.75, 12, 1.5, 11.25], "texture": "#0"},
				"down": {"uv": [2, 11.25, 1.75, 12], "texture": "#0"}
			}
		},
		{
			"from": [7.7842, 8.61076, 7.90373],
			"to": [8.84245, 10.0806, 10.70077],
			"rotation": {"angle": 22.5, "axis": "y", "origin": [7.78413, 8.61068, 10.17165]},
			"faces": {
				"north": {"uv": [1.75, 12.5, 2, 12.75], "texture": "#0"},
				"east": {"uv": [11.25, 2.25, 12, 2.5], "texture": "#0"},
				"south": {"uv": [12.5, 2, 12.75, 2.25], "texture": "#0"},
				"west": {"uv": [11.25, 2.5, 12, 2.75], "texture": "#0"},
				"up": {"uv": [11.5, 3.5, 11.25, 2.75], "texture": "#0"},
				"down": {"uv": [4, 11.25, 3.75, 12], "texture": "#0"}
			}
		},
		{
			"from": [5.26621, 8.61068, 7.61333],
			"to": [6.32461, 10.08068, 10.41053],
			"rotation": {"angle": -45, "axis": "y", "origin": [6.32461, 8.61068, 9.88133]},
			"faces": {
				"north": {"uv": [12.5, 2.25, 12.75, 2.5], "texture": "#0"},
				"east": {"uv": [11.25, 3.75, 12, 4], "texture": "#0"},
				"south": {"uv": [2.5, 12.5, 2.75, 12.75], "texture": "#0"},
				"west": {"uv": [11.25, 4.75, 12, 5], "texture": "#0"},
				"up": {"uv": [11.5, 5.75, 11.25, 5], "texture": "#0"},
				"down": {"uv": [5.5, 11.25, 5.25, 12], "texture": "#0"}
			}
		},
		{
			"from": [5.1618, 8.61076, 8.24629],
			"to": [7.95885, 10.0806, 9.30454],
			"rotation": {"angle": 22.5, "axis": "y", "origin": [5.69092, 8.61068, 9.30462]},
			"faces": {
				"north": {"uv": [11.25, 5.75, 12, 6], "texture": "#0"},
				"east": {"uv": [12.5, 2.5, 12.75, 2.75], "texture": "#0"},
				"south": {"uv": [11.25, 6, 12, 6.25], "texture": "#0"},
				"west": {"uv": [2.75, 12.5, 3, 12.75], "texture": "#0"},
				"up": {"uv": [12, 6.5, 11.25, 6.25], "texture": "#0"},
				"down": {"uv": [12, 6.5, 11.25, 6.75], "texture": "#0"}
			}
		},
		{
			"from": [4.79697, 8.61068, 7.4709],
			"to": [7.59417, 10.08068, 8.5293],
			"rotation": {"angle": 0, "axis": "y", "origin": [5.32617, 8.61068, 8.5293]},
			"faces": {
				"north": {"uv": [11.25, 6.75, 12, 7], "texture": "#0"},
				"east": {"uv": [12.5, 2.75, 12.75, 3], "texture": "#0"},
				"south": {"uv": [11.25, 7, 12, 7.25], "texture": "#0"},
				"west": {"uv": [12.5, 3, 12.75, 3.25], "texture": "#0"},
				"up": {"uv": [12, 7.5, 11.25, 7.25], "texture": "#0"},
				"down": {"uv": [12, 7.5, 11.25, 7.75], "texture": "#0"}
			}
		},
		{
			"from": [6.07243, 8.61076, 7.90373],
			"to": [7.13068, 10.0806, 10.70077],
			"rotation": {"angle": -22.5, "axis": "y", "origin": [7.13076, 8.61068, 10.17165]},
			"faces": {
				"north": {"uv": [12.5, 3.25, 12.75, 3.5], "texture": "#0"},
				"east": {"uv": [11.25, 7.75, 12, 8], "texture": "#0"},
				"south": {"uv": [12.5, 3.5, 12.75, 3.75], "texture": "#0"},
				"west": {"uv": [11.25, 8, 12, 8.25], "texture": "#0"},
				"up": {"uv": [5.75, 12, 5.5, 11.25], "texture": "#0"},
				"down": {"uv": [11.5, 8.25, 11.25, 9], "texture": "#0"}
			}
		},
		{
			"from": [6.929, 8.61144, 7.86412],
			"to": [7.98589, 10.07992, 10.65981],
			"rotation": {"angle": 0, "axis": "y", "origin": [5.86984, 9.13988, 10.66057]},
			"faces": {
				"north": {"uv": [12.5, 3.75, 12.75, 4], "texture": "#0"},
				"east": {"uv": [11.25, 9, 12, 9.25], "texture": "#0"},
				"south": {"uv": [12.5, 4, 12.75, 4.25], "texture": "#0"},
				"west": {"uv": [11.25, 9.25, 12, 9.5], "texture": "#0"},
				"up": {"uv": [9.75, 12, 9.5, 11.25], "texture": "#0"},
				"down": {"uv": [11.5, 9.5, 11.25, 10.25], "texture": "#0"}
			}
		},
		{
			"from": [6.92817, 8.6106, 5.33956],
			"to": [7.98672, 10.08076, 8.13691],
			"rotation": {"angle": 0, "axis": "y", "origin": [5.86984, 9.13988, 5.33963]},
			"faces": {
				"north": {"uv": [12.5, 4.25, 12.75, 4.5], "texture": "#0"},
				"east": {"uv": [10, 11.25, 10.75, 11.5], "texture": "#0"},
				"south": {"uv": [12.5, 4.5, 12.75, 4.75], "texture": "#0"},
				"west": {"uv": [10.75, 11.25, 11.5, 11.5], "texture": "#0"},
				"up": {"uv": [11.75, 3.5, 11.5, 2.75], "texture": "#0"},
				"down": {"uv": [3.25, 11.5, 3, 12.25], "texture": "#0"}
			}
		},
		{
			"from": [6.07243, 8.61076, 5.29942],
			"to": [7.13068, 10.0806, 8.09647],
			"rotation": {"angle": 22.5, "axis": "y", "origin": [7.13076, 8.61068, 5.82855]},
			"faces": {
				"north": {"uv": [4.75, 12.5, 5, 12.75], "texture": "#0"},
				"east": {"uv": [11.5, 0, 12.25, 0.25], "texture": "#0"},
				"south": {"uv": [12.5, 4.75, 12.75, 5], "texture": "#0"},
				"west": {"uv": [11.5, 0.25, 12.25, 0.5], "texture": "#0"},
				"up": {"uv": [3.5, 12.25, 3.25, 11.5], "texture": "#0"},
				"down": {"uv": [3.75, 11.5, 3.5, 12.25], "texture": "#0"}
			}
		},
		{
			"from": [5.1618, 8.61076, 6.69566],
			"to": [7.95885, 10.0806, 7.75391],
			"rotation": {"angle": -22.5, "axis": "y", "origin": [5.69092, 8.61068, 6.69558]},
			"faces": {
				"north": {"uv": [11.5, 3.5, 12.25, 3.75], "texture": "#0"},
				"east": {"uv": [12.5, 5, 12.75, 5.25], "texture": "#0"},
				"south": {"uv": [11.5, 5, 12.25, 5.25], "texture": "#0"},
				"west": {"uv": [12.5, 5.25, 12.75, 5.5], "texture": "#0"},
				"up": {"uv": [12.25, 5.5, 11.5, 5.25], "texture": "#0"},
				"down": {"uv": [12.25, 5.5, 11.5, 5.75], "texture": "#0"}
			}
		},
		{
			"from": [5.26613, 8.6106, 5.58959],
			"to": [6.32468, 10.08076, 8.38694],
			"rotation": {"angle": 45, "axis": "y", "origin": [6.32461, 8.61068, 6.11886]},
			"faces": {
				"north": {"uv": [12.5, 5.5, 12.75, 5.75], "texture": "#0"},
				"east": {"uv": [5.75, 11.5, 6.5, 11.75], "texture": "#0"},
				"south": {"uv": [12.5, 5.75, 12.75, 6], "texture": "#0"},
				"west": {"uv": [6.5, 11.5, 7.25, 11.75], "texture": "#0"},
				"up": {"uv": [7.5, 12.25, 7.25, 11.5], "texture": "#0"},
				"down": {"uv": [7.75, 11.5, 7.5, 12.25], "texture": "#0"}
			}
		},
		{
			"from": [7.7842, 8.61076, 5.29942],
			"to": [8.84245, 10.0806, 8.09647],
			"rotation": {"angle": -22.5, "axis": "y", "origin": [7.78413, 8.61068, 5.82855]},
			"faces": {
				"north": {"uv": [12.5, 6, 12.75, 6.25], "texture": "#0"},
				"east": {"uv": [11.5, 8.25, 12.25, 8.5], "texture": "#0"},
				"south": {"uv": [6.25, 12.5, 6.5, 12.75], "texture": "#0"},
				"west": {"uv": [11.5, 8.5, 12.25, 8.75], "texture": "#0"},
				"up": {"uv": [8, 12.25, 7.75, 11.5], "texture": "#0"},
				"down": {"uv": [11.75, 9.5, 11.5, 10.25], "texture": "#0"}
			}
		},
		{
			"from": [8.5902, 8.6106, 5.58959],
			"to": [9.64875, 10.08076, 8.38694],
			"rotation": {"angle": -45, "axis": "y", "origin": [8.59028, 8.61068, 6.11886]},
			"faces": {
				"north": {"uv": [12.5, 6.25, 12.75, 6.5], "texture": "#0"},
				"east": {"uv": [11.5, 8.75, 12.25, 9], "texture": "#0"},
				"south": {"uv": [6.5, 12.5, 6.75, 12.75], "texture": "#0"},
				"west": {"uv": [10, 11.5, 10.75, 11.75], "texture": "#0"},
				"up": {"uv": [11, 12.25, 10.75, 11.5], "texture": "#0"},
				"down": {"uv": [11.25, 11.5, 11, 12.25], "texture": "#0"}
			}
		},
		{
			"from": [6.95604, 8.61076, 6.69566],
			"to": [9.75309, 10.0806, 7.75391],
			"rotation": {"angle": 22.5, "axis": "y", "origin": [9.22396, 8.61068, 6.69558]},
			"faces": {
				"north": {"uv": [11.5, 11, 12.25, 11.25], "texture": "#0"},
				"east": {"uv": [12.5, 6.5, 12.75, 6.75], "texture": "#0"},
				"south": {"uv": [11.25, 11.5, 12, 11.75], "texture": "#0"},
				"west": {"uv": [12.5, 6.75, 12.75, 7], "texture": "#0"},
				"up": {"uv": [12.25, 11.5, 11.5, 11.25], "texture": "#0"},
				"down": {"uv": [12.5, 2.75, 11.75, 3], "texture": "#0"}
			}
		},
		{
			"from": [7.25121, 10.01709, 7.62239],
			"to": [9.43063, 10.52648, 8.4471],
			"rotation": {"angle": 0, "axis": "y", "origin": [9.01827, 10.01714, 8.44704]},
			"faces": {
				"north": {"uv": [3.75, 8.75, 4.25, 9], "texture": "#0"},
				"east": {"uv": [12.5, 7, 12.75, 7.25], "texture": "#0"},
				"south": {"uv": [3.75, 9, 4.25, 9.25], "texture": "#0"},
				"west": {"uv": [12.5, 7.25, 12.75, 7.5], "texture": "#0"},
				"up": {"uv": [3, 12, 2.5, 11.75], "texture": "#0"},
				"down": {"uv": [12.25, 3, 11.75, 3.25], "texture": "#0"}
			}
		},
		{
			"from": [6.96716, 10.0172, 8.22655],
			"to": [9.14634, 10.52636, 9.05104],
			"rotation": {"angle": -22.5, "axis": "y", "origin": [8.7341, 10.01714, 9.05109]},
			"faces": {
				"north": {"uv": [11.75, 3.25, 12.25, 3.5], "texture": "#0"},
				"east": {"uv": [12.5, 7.5, 12.75, 7.75], "texture": "#0"},
				"south": {"uv": [4, 11.75, 4.5, 12], "texture": "#0"},
				"west": {"uv": [12.5, 7.75, 12.75, 8], "texture": "#0"},
				"up": {"uv": [12.25, 4.25, 11.75, 4], "texture": "#0"},
				"down": {"uv": [12.25, 4.25, 11.75, 4.5], "texture": "#0"}
			}
		},
		{
			"from": [8.2398, 10.01656, 7.73283],
			"to": [9.06558, 10.52701, 9.9133],
			"rotation": {"angle": 45, "axis": "y", "origin": [8.24039, 10.01714, 9.50041]},
			"faces": {
				"north": {"uv": [12.5, 8, 12.75, 8.25], "texture": "#0"},
				"east": {"uv": [4.5, 11.75, 5, 12], "texture": "#0"},
				"south": {"uv": [12.5, 8.25, 12.75, 8.5], "texture": "#0"},
				"west": {"uv": [11.75, 4.5, 12.25, 4.75], "texture": "#0"},
				"up": {"uv": [8.25, 9.25, 8, 8.75], "texture": "#0"},
				"down": {"uv": [5.25, 11.75, 5, 12.25], "texture": "#0"}
			}
		},
		{
			"from": [7.61238, 10.0172, 7.95966],
			"to": [8.43686, 10.52636, 10.13884],
			"rotation": {"angle": 22.5, "axis": "y", "origin": [7.61232, 10.01714, 9.7266]},
			"faces": {
				"north": {"uv": [12.5, 8.5, 12.75, 8.75], "texture": "#0"},
				"east": {"uv": [5.75, 11.75, 6.25, 12], "texture": "#0"},
				"south": {"uv": [12.5, 8.75, 12.75, 9], "texture": "#0"},
				"west": {"uv": [6.25, 11.75, 6.75, 12], "texture": "#0"},
				"up": {"uv": [7, 12.25, 6.75, 11.75], "texture": "#0"},
				"down": {"uv": [7.25, 11.75, 7, 12.25], "texture": "#0"}
			}
		},
		{
			"from": [5.65061, 10.01714, 7.73342],
			"to": [6.47521, 10.52642, 9.91271],
			"rotation": {"angle": -45, "axis": "y", "origin": [6.47521, 10.01714, 9.50041]},
			"faces": {
				"north": {"uv": [12.5, 9, 12.75, 9.25], "texture": "#0"},
				"east": {"uv": [8, 11.75, 8.5, 12], "texture": "#0"},
				"south": {"uv": [12.5, 9.25, 12.75, 9.5], "texture": "#0"},
				"west": {"uv": [8.5, 11.75, 9, 12], "texture": "#0"},
				"up": {"uv": [9.25, 12.25, 9, 11.75], "texture": "#0"},
				"down": {"uv": [9.5, 11.75, 9.25, 12.25], "texture": "#0"}
			}
		},
		{
			"from": [5.56926, 10.0172, 8.22655],
			"to": [7.74845, 10.52636, 9.05104],
			"rotation": {"angle": 22.5, "axis": "y", "origin": [5.98151, 10.01714, 9.05109]},
			"faces": {
				"north": {"uv": [11.75, 9.5, 12.25, 9.75], "texture": "#0"},
				"east": {"uv": [9.5, 12.5, 9.75, 12.75], "texture": "#0"},
				"south": {"uv": [9.75, 11.75, 10.25, 12], "texture": "#0"},
				"west": {"uv": [12.5, 9.5, 12.75, 9.75], "texture": "#0"},
				"up": {"uv": [12.25, 10, 11.75, 9.75], "texture": "#0"},
				"down": {"uv": [12.25, 10, 11.75, 10.25], "texture": "#0"}
			}
		},
		{
			"from": [5.28503, 10.01714, 7.62244],
			"to": [7.46433, 10.52642, 8.44704],
			"rotation": {"angle": 0, "axis": "y", "origin": [5.69733, 10.01714, 8.44704]},
			"faces": {
				"north": {"uv": [10.25, 11.75, 10.75, 12], "texture": "#0"},
				"east": {"uv": [9.75, 12.5, 10, 12.75], "texture": "#0"},
				"south": {"uv": [11.75, 10.25, 12.25, 10.5], "texture": "#0"},
				"west": {"uv": [12.5, 9.75, 12.75, 10], "texture": "#0"},
				"up": {"uv": [12.25, 10.75, 11.75, 10.5], "texture": "#0"},
				"down": {"uv": [12.25, 10.75, 11.75, 11], "texture": "#0"}
			}
		},
		{
			"from": [6.27874, 10.0172, 7.95966],
			"to": [7.10322, 10.52636, 10.13884],
			"rotation": {"angle": -22.5, "axis": "y", "origin": [7.10328, 10.01714, 9.7266]},
			"faces": {
				"north": {"uv": [10, 12.5, 10.25, 12.75], "texture": "#0"},
				"east": {"uv": [11.25, 11.75, 11.75, 12], "texture": "#0"},
				"south": {"uv": [12.5, 10, 12.75, 10.25], "texture": "#0"},
				"west": {"uv": [11.75, 11.75, 12.25, 12], "texture": "#0"},
				"up": {"uv": [0.25, 12.5, 0, 12], "texture": "#0"},
				"down": {"uv": [0.5, 12, 0.25, 12.5], "texture": "#0"}
			}
		},
		{
			"from": [6.94609, 10.01773, 7.92881],
			"to": [7.76951, 10.52583, 10.10693],
			"rotation": {"angle": 0, "axis": "y", "origin": [6.1209, 10.42944, 10.10751]},
			"faces": {
				"north": {"uv": [10.25, 12.5, 10.5, 12.75], "texture": "#0"},
				"east": {"uv": [0.5, 12, 1, 12.25], "texture": "#0"},
				"south": {"uv": [12.5, 10.25, 12.75, 10.5], "texture": "#0"},
				"west": {"uv": [12, 0.5, 12.5, 0.75], "texture": "#0"},
				"up": {"uv": [12.25, 1.25, 12, 0.75], "texture": "#0"},
				"down": {"uv": [1.25, 12, 1, 12.5], "texture": "#0"}
			}
		},
		{
			"from": [6.94544, 10.01709, 5.96191],
			"to": [7.77016, 10.52648, 8.14133],
			"rotation": {"angle": 0, "axis": "y", "origin": [6.1209, 10.42944, 5.96197]},
			"faces": {
				"north": {"uv": [10.5, 12.5, 10.75, 12.75], "texture": "#0"},
				"east": {"uv": [1.25, 12, 1.75, 12.25], "texture": "#0"},
				"south": {"uv": [12.5, 10.5, 12.75, 10.75], "texture": "#0"},
				"west": {"uv": [12, 1.25, 12.5, 1.5], "texture": "#0"},
				"up": {"uv": [12.25, 2, 12, 1.5], "texture": "#0"},
				"down": {"uv": [2, 12, 1.75, 12.5], "texture": "#0"}
			}
		},
		{
			"from": [6.27874, 10.0172, 5.93065],
			"to": [7.10322, 10.52636, 8.10983],
			"rotation": {"angle": 22.5, "axis": "y", "origin": [7.10328, 10.01714, 6.34289]},
			"faces": {
				"north": {"uv": [12.5, 10.75, 12.75, 11], "texture": "#0"},
				"east": {"uv": [2, 12, 2.5, 12.25], "texture": "#0"},
				"south": {"uv": [12.5, 11, 12.75, 11.25], "texture": "#0"},
				"west": {"uv": [12, 2, 12.5, 2.25], "texture": "#0"},
				"up": {"uv": [12.25, 2.75, 12, 2.25], "texture": "#0"},
				"down": {"uv": [2.75, 12, 2.5, 12.5], "texture": "#0"}
			}
		},
		{
			"from": [5.56926, 10.0172, 7.01845],
			"to": [7.74845, 10.52636, 7.84293],
			"rotation": {"angle": -22.5, "axis": "y", "origin": [5.98151, 10.01714, 7.01839]},
			"faces": {
				"north": {"uv": [3.75, 12, 4.25, 12.25], "texture": "#0"},
				"east": {"uv": [11.25, 12.5, 11.5, 12.75], "texture": "#0"},
				"south": {"uv": [12, 3.75, 12.5, 4], "texture": "#0"},
				"west": {"uv": [12.5, 11.25, 12.75, 11.5], "texture": "#0"},
				"up": {"uv": [4.75, 12.25, 4.25, 12], "texture": "#0"},
				"down": {"uv": [12.5, 4.75, 12, 5], "texture": "#0"}
			}
		},
		{
			"from": [5.65055, 10.01709, 6.15672],
			"to": [6.47527, 10.52648, 8.33613],
			"rotation": {"angle": 45, "axis": "y", "origin": [6.47521, 10.01714, 6.56907]},
			"faces": {
				"north": {"uv": [11.5, 12.5, 11.75, 12.75], "texture": "#0"},
				"east": {"uv": [5.25, 12, 5.75, 12.25], "texture": "#0"},
				"south": {"uv": [12.5, 11.5, 12.75, 11.75], "texture": "#0"},
				"west": {"uv": [5.75, 12, 6.25, 12.25], "texture": "#0"},
				"up": {"uv": [3, 12.5, 2.75, 12], "texture": "#0"},
				"down": {"uv": [5, 12, 4.75, 12.5], "texture": "#0"}
			}
		},
		{
			"from": [7.61238, 10.0172, 5.93065],
			"to": [8.43686, 10.52636, 8.10983],
			"rotation": {"angle": -22.5, "axis": "y", "origin": [7.61232, 10.01714, 6.34289]},
			"faces": {
				"north": {"uv": [11.75, 12.5, 12, 12.75], "texture": "#0"},
				"east": {"uv": [12, 5.75, 12.5, 6], "texture": "#0"},
				"south": {"uv": [12.5, 11.75, 12.75, 12], "texture": "#0"},
				"west": {"uv": [12, 6, 12.5, 6.25], "texture": "#0"},
				"up": {"uv": [6.5, 12.5, 6.25, 12], "texture": "#0"},
				"down": {"uv": [12.25, 6.25, 12, 6.75], "texture": "#0"}
			}
		},
		{
			"from": [8.24033, 10.01709, 6.15672],
			"to": [9.06505, 10.52648, 8.33613],
			"rotation": {"angle": -45, "axis": "y", "origin": [8.24039, 10.01714, 6.56907]},
			"faces": {
				"north": {"uv": [12, 12.5, 12.25, 12.75], "texture": "#0"},
				"east": {"uv": [12, 6.75, 12.5, 7], "texture": "#0"},
				"south": {"uv": [12.5, 12, 12.75, 12.25], "texture": "#0"},
				"west": {"uv": [12, 7, 12.5, 7.25], "texture": "#0"},
				"up": {"uv": [6.75, 12.5, 6.5, 12], "texture": "#0"},
				"down": {"uv": [12.25, 7.25, 12, 7.75], "texture": "#0"}
			}
		},
		{
			"from": [6.96716, 10.0172, 7.01845],
			"to": [9.14634, 10.52636, 7.84293],
			"rotation": {"angle": 22.5, "axis": "y", "origin": [8.7341, 10.01714, 7.01839]},
			"faces": {
				"north": {"uv": [12, 7.75, 12.5, 8], "texture": "#0"},
				"east": {"uv": [12.5, 12.25, 12.75, 12.5], "texture": "#0"},
				"south": {"uv": [8, 12, 8.5, 12.25], "texture": "#0"},
				"west": {"uv": [12.5, 12.5, 12.75, 12.75], "texture": "#0"},
				"up": {"uv": [12.5, 8.25, 12, 8], "texture": "#0"},
				"down": {"uv": [9, 12, 8.5, 12.25], "texture": "#0"}
			}
		},
		{
			"from": [7.35908, 9.98005, 7.86005],
			"to": [8.18374, 11.91345, 8.17211],
			"rotation": {"angle": 0, "axis": "y", "origin": [7.39941, 10.19675, 8.01608]},
			"faces": {
				"north": {"uv": [12, 9, 12.25, 9.5], "texture": "#0"},
				"east": {"uv": [9.5, 12, 9.75, 12.5], "texture": "#0"},
				"south": {"uv": [9.75, 12, 10, 12.5], "texture": "#0"},
				"west": {"uv": [10, 12, 10.25, 12.5], "texture": "#0"},
				"up": {"uv": [13, 0.25, 12.75, 0], "texture": "#0"},
				"down": {"uv": [13, 0.25, 12.75, 0.5], "texture": "#0"}
			}
		},
		{
			"from": [7.35912, 9.9801, 7.8601],
			"to": [8.18369, 11.91341, 8.17207],
			"rotation": {"angle": -22.5, "axis": "y", "origin": [7.39941, 10.19675, 8.01608]},
			"faces": {
				"north": {"uv": [10.25, 12, 10.5, 12.5], "texture": "#0"},
				"east": {"uv": [10.5, 12, 10.75, 12.5], "texture": "#0"},
				"south": {"uv": [11.25, 12, 11.5, 12.5], "texture": "#0"},
				"west": {"uv": [11.5, 12, 11.75, 12.5], "texture": "#0"},
				"up": {"uv": [0.75, 13, 0.5, 12.75], "texture": "#0"},
				"down": {"uv": [13, 0.5, 12.75, 0.75], "texture": "#0"}
			}
		},
		{
			"from": [7.24318, 9.97985, 7.97555],
			"to": [7.55564, 11.91366, 8.80061],
			"rotation": {"angle": 45, "axis": "y", "origin": [7.39941, 10.19675, 8.01608]},
			"faces": {
				"north": {"uv": [11.75, 12, 12, 12.5], "texture": "#0"},
				"east": {"uv": [12, 12, 12.25, 12.5], "texture": "#0"},
				"south": {"uv": [12.25, 0, 12.5, 0.5], "texture": "#0"},
				"west": {"uv": [0.5, 12.25, 0.75, 12.75], "texture": "#0"},
				"up": {"uv": [1, 13, 0.75, 12.75], "texture": "#0"},
				"down": {"uv": [13, 0.75, 12.75, 1], "texture": "#0"}
			}
		},
		{
			"from": [7.24342, 9.9801, 7.9758],
			"to": [7.55539, 11.91341, 8.80037],
			"rotation": {"angle": 22.5, "axis": "y", "origin": [7.39941, 10.19675, 8.01608]},
			"faces": {
				"north": {"uv": [0.75, 12.25, 1, 12.75], "texture": "#0"},
				"east": {"uv": [12.25, 0.75, 12.5, 1.25], "texture": "#0"},
				"south": {"uv": [1.25, 12.25, 1.5, 12.75], "texture": "#0"},
				"west": {"uv": [1.5, 12.25, 1.75, 12.75], "texture": "#0"},
				"up": {"uv": [13, 1.25, 12.75, 1], "texture": "#0"},
				"down": {"uv": [1.5, 12.75, 1.25, 13], "texture": "#0"}
			}
		},
		{
			"from": [7.2434, 9.98008, 7.97577],
			"to": [7.55542, 11.91343, 8.80039],
			"rotation": {"angle": -45, "axis": "y", "origin": [7.39941, 10.19675, 8.01608]},
			"faces": {
				"north": {"uv": [12.25, 1.5, 12.5, 2], "texture": "#0"},
				"east": {"uv": [2, 12.25, 2.25, 12.75], "texture": "#0"},
				"south": {"uv": [2.25, 12.25, 2.5, 12.75], "texture": "#0"},
				"west": {"uv": [12.25, 2.25, 12.5, 2.75], "texture": "#0"},
				"up": {"uv": [13, 1.5, 12.75, 1.25], "texture": "#0"},
				"down": {"uv": [1.75, 12.75, 1.5, 13], "texture": "#0"}
			}
		},
		{
			"from": [6.61512, 9.9801, 7.8601],
			"to": [7.43969, 11.91341, 8.17207],
			"rotation": {"angle": 22.5, "axis": "y", "origin": [7.39941, 10.19675, 8.01608]},
			"faces": {
				"north": {"uv": [3, 12.25, 3.25, 12.75], "texture": "#0"},
				"east": {"uv": [12.25, 3, 12.5, 3.5], "texture": "#0"},
				"south": {"uv": [3.25, 12.25, 3.5, 12.75], "texture": "#0"},
				"west": {"uv": [3.5, 12.25, 3.75, 12.75], "texture": "#0"},
				"up": {"uv": [13, 1.75, 12.75, 1.5], "texture": "#0"},
				"down": {"uv": [2, 12.75, 1.75, 13], "texture": "#0"}
			}
		},
		{
			"from": [6.6151, 9.98008, 7.86007],
			"to": [7.43972, 11.91343, 8.17209],
			"rotation": {"angle": 0, "axis": "y", "origin": [7.39941, 10.19675, 8.01608]},
			"faces": {
				"north": {"uv": [3.75, 12.25, 4, 12.75], "texture": "#0"},
				"east": {"uv": [4, 12.25, 4.25, 12.75], "texture": "#0"},
				"south": {"uv": [12.25, 4, 12.5, 4.5], "texture": "#0"},
				"west": {"uv": [4.25, 12.25, 4.5, 12.75], "texture": "#0"},
				"up": {"uv": [13, 2, 12.75, 1.75], "texture": "#0"},
				"down": {"uv": [2.25, 12.75, 2, 13], "texture": "#0"}
			}
		},
		{
			"from": [7.24342, 9.9801, 7.9758],
			"to": [7.55539, 11.91341, 8.80037],
			"rotation": {"angle": -22.5, "axis": "y", "origin": [7.39941, 10.19675, 8.01608]},
			"faces": {
				"north": {"uv": [4.5, 12.25, 4.75, 12.75], "texture": "#0"},
				"east": {"uv": [5, 12.25, 5.25, 12.75], "texture": "#0"},
				"south": {"uv": [12.25, 5, 12.5, 5.5], "texture": "#0"},
				"west": {"uv": [5.25, 12.25, 5.5, 12.75], "texture": "#0"},
				"up": {"uv": [13, 2.25, 12.75, 2], "texture": "#0"},
				"down": {"uv": [2.5, 12.75, 2.25, 13], "texture": "#0"}
			}
		},
		{
			"from": [7.24362, 9.9803, 7.976],
			"to": [7.55519, 11.91321, 8.80017],
			"rotation": {"angle": 0, "axis": "y", "origin": [7.39941, 10.19675, 8.01608]},
			"faces": {
				"north": {"uv": [5.5, 12.25, 5.75, 12.75], "texture": "#0"},
				"east": {"uv": [5.75, 12.25, 6, 12.75], "texture": "#0"},
				"south": {"uv": [6, 12.25, 6.25, 12.75], "texture": "#0"},
				"west": {"uv": [12.25, 6.25, 12.5, 6.75], "texture": "#0"},
				"up": {"uv": [13, 2.5, 12.75, 2.25], "texture": "#0"},
				"down": {"uv": [2.75, 12.75, 2.5, 13], "texture": "#0"}
			}
		},
		{
			"from": [7.24338, 9.98005, 7.23175],
			"to": [7.55544, 11.91345, 8.05641],
			"rotation": {"angle": 0, "axis": "y", "origin": [7.39941, 10.19675, 8.01608]},
			"faces": {
				"north": {"uv": [6.75, 12.25, 7, 12.75], "texture": "#0"},
				"east": {"uv": [7, 12.25, 7.25, 12.75], "texture": "#0"},
				"south": {"uv": [7.25, 12.25, 7.5, 12.75], "texture": "#0"},
				"west": {"uv": [12.25, 7.25, 12.5, 7.75], "texture": "#0"},
				"up": {"uv": [13, 2.75, 12.75, 2.5], "texture": "#0"},
				"down": {"uv": [3, 12.75, 2.75, 13], "texture": "#0"}
			}
		},
		{
			"from": [7.24342, 9.9801, 7.2318],
			"to": [7.55539, 11.91341, 8.05637],
			"rotation": {"angle": 22.5, "axis": "y", "origin": [7.39941, 10.19675, 8.01608]},
			"faces": {
				"north": {"uv": [7.5, 12.25, 7.75, 12.75], "texture": "#0"},
				"east": {"uv": [7.75, 12.25, 8, 12.75], "texture": "#0"},
				"south": {"uv": [8, 12.25, 8.25, 12.75], "texture": "#0"},
				"west": {"uv": [8.25, 12.25, 8.5, 12.75], "texture": "#0"},
				"up": {"uv": [13, 3, 12.75, 2.75], "texture": "#0"},
				"down": {"uv": [3.25, 12.75, 3, 13], "texture": "#0"}
			}
		},
		{
			"from": [6.61512, 9.9801, 7.8601],
			"to": [7.43969, 11.91341, 8.17207],
			"rotation": {"angle": -22.5, "axis": "y", "origin": [7.39941, 10.19675, 8.01608]},
			"faces": {
				"north": {"uv": [12.25, 8.25, 12.5, 8.75], "texture": "#0"},
				"east": {"uv": [8.5, 12.25, 8.75, 12.75], "texture": "#0"},
				"south": {"uv": [8.75, 12.25, 9, 12.75], "texture": "#0"},
				"west": {"uv": [12.25, 8.75, 12.5, 9.25], "texture": "#0"},
				"up": {"uv": [13, 3.25, 12.75, 3], "texture": "#0"},
				"down": {"uv": [3.5, 12.75, 3.25, 13], "texture": "#0"}
			}
		},
		{
			"from": [7.24338, 9.98005, 7.23175],
			"to": [7.55544, 11.91345, 8.05641],
			"rotation": {"angle": 45, "axis": "y", "origin": [7.39941, 10.19675, 8.01608]},
			"faces": {
				"north": {"uv": [9, 12.25, 9.25, 12.75], "texture": "#0"},
				"east": {"uv": [9.25, 12.25, 9.5, 12.75], "texture": "#0"},
				"south": {"uv": [12.25, 9.25, 12.5, 9.75], "texture": "#0"},
				"west": {"uv": [12.25, 9.75, 12.5, 10.25], "texture": "#0"},
				"up": {"uv": [13, 3.5, 12.75, 3.25], "texture": "#0"},
				"down": {"uv": [3.75, 12.75, 3.5, 13], "texture": "#0"}
			}
		},
		{
			"from": [7.24342, 9.9801, 7.2318],
			"to": [7.55539, 11.91341, 8.05637],
			"rotation": {"angle": -22.5, "axis": "y", "origin": [7.39941, 10.19675, 8.01608]},
			"faces": {
				"north": {"uv": [12.25, 10.25, 12.5, 10.75], "texture": "#0"},
				"east": {"uv": [10.75, 12.25, 11, 12.75], "texture": "#0"},
				"south": {"uv": [12.25, 10.75, 12.5, 11.25], "texture": "#0"},
				"west": {"uv": [11, 12.25, 11.25, 12.75], "texture": "#0"},
				"up": {"uv": [13, 3.75, 12.75, 3.5], "texture": "#0"},
				"down": {"uv": [4, 12.75, 3.75, 13], "texture": "#0"}
			}
		},
		{
			"from": [7.24338, 9.98005, 7.23175],
			"to": [7.55544, 11.91345, 8.05641],
			"rotation": {"angle": -45, "axis": "y", "origin": [7.39941, 10.19675, 8.01608]},
			"faces": {
				"north": {"uv": [12.25, 11.25, 12.5, 11.75], "texture": "#0"},
				"east": {"uv": [12.25, 11.75, 12.5, 12.25], "texture": "#0"},
				"south": {"uv": [12.25, 12.25, 12.5, 12.75], "texture": "#0"},
				"west": {"uv": [0, 12.5, 0.25, 13], "texture": "#0"},
				"up": {"uv": [13, 4, 12.75, 3.75], "texture": "#0"},
				"down": {"uv": [4.25, 12.75, 4, 13], "texture": "#0"}
			}
		},
		{
			"from": [7.35912, 9.9801, 7.8601],
			"to": [8.18369, 11.91341, 8.17207],
			"rotation": {"angle": 22.5, "axis": "y", "origin": [7.39941, 10.19675, 8.01608]},
			"faces": {
				"north": {"uv": [12.5, 0, 12.75, 0.5], "texture": "#0"},
				"east": {"uv": [0.25, 12.5, 0.5, 13], "texture": "#0"},
				"south": {"uv": [12.5, 0.5, 12.75, 1], "texture": "#0"},
				"west": {"uv": [1, 12.5, 1.25, 13], "texture": "#0"},
				"up": {"uv": [13, 4.25, 12.75, 4], "texture": "#0"},
				"down": {"uv": [4.5, 12.75, 4.25, 13], "texture": "#0"}
			}
		},
		{
			"from": [7.36396, 11.9101, 7.87882],
			"to": [8.08958, 12.34992, 8.15335],
			"rotation": {"angle": 22.5, "axis": "y", "origin": [7.39941, 12.10075, 8.01608]},
			"faces": {
				"north": {"uv": [12.75, 4.25, 13, 4.5], "texture": "#0"},
				"east": {"uv": [4.5, 12.75, 4.75, 13], "texture": "#0"},
				"south": {"uv": [12.75, 4.5, 13, 4.75], "texture": "#0"},
				"west": {"uv": [4.75, 12.75, 5, 13], "texture": "#0"},
				"up": {"uv": [13, 5, 12.75, 4.75], "texture": "#0"},
				"down": {"uv": [5.25, 12.75, 5, 13], "texture": "#0"}
			}
		},
		{
			"from": [7.2621, 11.91006, 7.32587],
			"to": [7.53672, 12.35023, 8.05157],
			"rotation": {"angle": -45, "axis": "y", "origin": [7.39941, 12.10075, 8.01608]},
			"faces": {
				"north": {"uv": [12.75, 5, 13, 5.25], "texture": "#0"},
				"east": {"uv": [5.25, 12.75, 5.5, 13], "texture": "#0"},
				"south": {"uv": [12.75, 5.25, 13, 5.5], "texture": "#0"},
				"west": {"uv": [5.5, 12.75, 5.75, 13], "texture": "#0"},
				"up": {"uv": [13, 5.75, 12.75, 5.5], "texture": "#0"},
				"down": {"uv": [6, 12.75, 5.75, 13], "texture": "#0"}
			}
		},
		{
			"from": [7.26214, 11.9101, 7.32591],
			"to": [7.53668, 12.34992, 8.05153],
			"rotation": {"angle": -22.5, "axis": "y", "origin": [7.39941, 12.10075, 8.01608]},
			"faces": {
				"north": {"uv": [12.75, 5.75, 13, 6], "texture": "#0"},
				"east": {"uv": [6, 12.75, 6.25, 13], "texture": "#0"},
				"south": {"uv": [12.75, 6, 13, 6.25], "texture": "#0"},
				"west": {"uv": [6.25, 12.75, 6.5, 13], "texture": "#0"},
				"up": {"uv": [13, 6.5, 12.75, 6.25], "texture": "#0"},
				"down": {"uv": [6.75, 12.75, 6.5, 13], "texture": "#0"}
			}
		},
		{
			"from": [7.2621, 11.91006, 7.32587],
			"to": [7.53672, 12.35023, 8.05157],
			"rotation": {"angle": 45, "axis": "y", "origin": [7.39941, 12.10075, 8.01608]},
			"faces": {
				"north": {"uv": [12.75, 6.5, 13, 6.75], "texture": "#0"},
				"east": {"uv": [6.75, 12.75, 7, 13], "texture": "#0"},
				"south": {"uv": [12.75, 6.75, 13, 7], "texture": "#0"},
				"west": {"uv": [7, 12.75, 7.25, 13], "texture": "#0"},
				"up": {"uv": [13, 7.25, 12.75, 7], "texture": "#0"},
				"down": {"uv": [7.5, 12.75, 7.25, 13], "texture": "#0"}
			}
		},
		{
			"from": [6.70924, 11.9101, 7.87882],
			"to": [7.43486, 12.34992, 8.15335],
			"rotation": {"angle": -22.5, "axis": "y", "origin": [7.39941, 12.10075, 8.01608]},
			"faces": {
				"north": {"uv": [12.75, 7.25, 13, 7.5], "texture": "#0"},
				"east": {"uv": [7.5, 12.75, 7.75, 13], "texture": "#0"},
				"south": {"uv": [12.75, 7.5, 13, 7.75], "texture": "#0"},
				"west": {"uv": [7.75, 12.75, 8, 13], "texture": "#0"},
				"up": {"uv": [13, 8, 12.75, 7.75], "texture": "#0"},
				"down": {"uv": [8.25, 12.75, 8, 13], "texture": "#0"}
			}
		},
		{
			"from": [7.26214, 11.9101, 7.32591],
			"to": [7.53668, 12.34992, 8.05153],
			"rotation": {"angle": 22.5, "axis": "y", "origin": [7.39941, 12.10075, 8.01608]},
			"faces": {
				"north": {"uv": [12.75, 8, 13, 8.25], "texture": "#0"},
				"east": {"uv": [8.25, 12.75, 8.5, 13], "texture": "#0"},
				"south": {"uv": [12.75, 8.25, 13, 8.5], "texture": "#0"},
				"west": {"uv": [8.5, 12.75, 8.75, 13], "texture": "#0"},
				"up": {"uv": [13, 8.75, 12.75, 8.5], "texture": "#0"},
				"down": {"uv": [9, 12.75, 8.75, 13], "texture": "#0"}
			}
		},
		{
			"from": [7.2621, 11.91006, 7.32587],
			"to": [7.53672, 12.35023, 8.05157],
			"rotation": {"angle": 0, "axis": "y", "origin": [7.39941, 12.10075, 8.01608]},
			"faces": {
				"north": {"uv": [12.75, 8.75, 13, 9], "texture": "#0"},
				"east": {"uv": [9, 12.75, 9.25, 13], "texture": "#0"},
				"south": {"uv": [12.75, 9, 13, 9.25], "texture": "#0"},
				"west": {"uv": [9.25, 12.75, 9.5, 13], "texture": "#0"},
				"up": {"uv": [13, 9.5, 12.75, 9.25], "texture": "#0"},
				"down": {"uv": [9.75, 12.75, 9.5, 13], "texture": "#0"}
			}
		},
		{
			"from": [7.26232, 11.91027, 7.98081],
			"to": [7.5365, 12.34851, 8.70608],
			"rotation": {"angle": 0, "axis": "y", "origin": [7.39941, 12.10075, 8.01608]},
			"faces": {
				"north": {"uv": [12.75, 9.5, 13, 9.75], "texture": "#0"},
				"east": {"uv": [9.75, 12.75, 10, 13], "texture": "#0"},
				"south": {"uv": [12.75, 9.75, 13, 10], "texture": "#0"},
				"west": {"uv": [10, 12.75, 10.25, 13], "texture": "#0"},
				"up": {"uv": [13, 10.25, 12.75, 10], "texture": "#0"},
				"down": {"uv": [10.5, 12.75, 10.25, 13], "texture": "#0"}
			}
		},
		{
			"from": [7.26214, 11.9101, 7.98063],
			"to": [7.53668, 12.34992, 8.70625],
			"rotation": {"angle": -22.5, "axis": "y", "origin": [7.39941, 12.10075, 8.01608]},
			"faces": {
				"north": {"uv": [12.75, 10.25, 13, 10.5], "texture": "#0"},
				"east": {"uv": [10.5, 12.75, 10.75, 13], "texture": "#0"},
				"south": {"uv": [12.75, 10.5, 13, 10.75], "texture": "#0"},
				"west": {"uv": [10.75, 12.75, 11, 13], "texture": "#0"},
				"up": {"uv": [13, 11, 12.75, 10.75], "texture": "#0"},
				"down": {"uv": [11.25, 12.75, 11, 13], "texture": "#0"}
			}
		},
		{
			"from": [6.70922, 11.91008, 7.8788],
			"to": [7.43488, 12.35008, 8.15337],
			"rotation": {"angle": 0, "axis": "y", "origin": [7.39941, 12.10075, 8.01608]},
			"faces": {
				"north": {"uv": [12.75, 11, 13, 11.25], "texture": "#0"},
				"east": {"uv": [11.25, 12.75, 11.5, 13], "texture": "#0"},
				"south": {"uv": [12.75, 11.25, 13, 11.5], "texture": "#0"},
				"west": {"uv": [11.5, 12.75, 11.75, 13], "texture": "#0"},
				"up": {"uv": [13, 11.75, 12.75, 11.5], "texture": "#0"},
				"down": {"uv": [12, 12.75, 11.75, 13], "texture": "#0"}
			}
		},
		{
			"from": [6.70924, 11.9101, 7.87882],
			"to": [7.43486, 12.34992, 8.15335],
			"rotation": {"angle": 22.5, "axis": "y", "origin": [7.39941, 12.10075, 8.01608]},
			"faces": {
				"north": {"uv": [12.75, 11.75, 13, 12], "texture": "#0"},
				"east": {"uv": [12, 12.75, 12.25, 13], "texture": "#0"},
				"south": {"uv": [12.75, 12, 13, 12.25], "texture": "#0"},
				"west": {"uv": [12.25, 12.75, 12.5, 13], "texture": "#0"},
				"up": {"uv": [13, 12.5, 12.75, 12.25], "texture": "#0"},
				"down": {"uv": [12.75, 12.75, 12.5, 13], "texture": "#0"}
			}
		},
		{
			"from": [7.26212, 11.91008, 7.98061],
			"to": [7.5367, 12.35008, 8.70627],
			"rotation": {"angle": -45, "axis": "y", "origin": [7.39941, 12.10075, 8.01608]},
			"faces": {
				"north": {"uv": [12.75, 12.5, 13, 12.75], "texture": "#0"},
				"east": {"uv": [12.75, 12.75, 13, 13], "texture": "#0"},
				"south": {"uv": [0, 13, 0.25, 13.25], "texture": "#0"},
				"west": {"uv": [13, 0, 13.25, 0.25], "texture": "#0"},
				"up": {"uv": [0.5, 13.25, 0.25, 13], "texture": "#0"},
				"down": {"uv": [13.25, 0.25, 13, 0.5], "texture": "#0"}
			}
		},
		{
			"from": [7.26214, 11.9101, 7.98063],
			"to": [7.53668, 12.34992, 8.70625],
			"rotation": {"angle": 22.5, "axis": "y", "origin": [7.39941, 12.10075, 8.01608]},
			"faces": {
				"north": {"uv": [0.5, 13, 0.75, 13.25], "texture": "#0"},
				"east": {"uv": [13, 0.5, 13.25, 0.75], "texture": "#0"},
				"south": {"uv": [0.75, 13, 1, 13.25], "texture": "#0"},
				"west": {"uv": [13, 0.75, 13.25, 1], "texture": "#0"},
				"up": {"uv": [1.25, 13.25, 1, 13], "texture": "#0"},
				"down": {"uv": [13.25, 1, 13, 1.25], "texture": "#0"}
			}
		},
		{
			"from": [7.26192, 11.90988, 7.98042],
			"to": [7.53689, 12.35164, 8.70647],
			"rotation": {"angle": 45, "axis": "y", "origin": [7.39941, 12.10075, 8.01608]},
			"faces": {
				"north": {"uv": [1.25, 13, 1.5, 13.25], "texture": "#0"},
				"east": {"uv": [13, 1.25, 13.25, 1.5], "texture": "#0"},
				"south": {"uv": [1.5, 13, 1.75, 13.25], "texture": "#0"},
				"west": {"uv": [13, 1.5, 13.25, 1.75], "texture": "#0"},
				"up": {"uv": [2, 13.25, 1.75, 13], "texture": "#0"},
				"down": {"uv": [13.25, 1.75, 13, 2], "texture": "#0"}
			}
		},
		{
			"from": [7.36396, 11.9101, 7.87882],
			"to": [8.08958, 12.34992, 8.15335],
			"rotation": {"angle": -22.5, "axis": "y", "origin": [7.39941, 12.10075, 8.01608]},
			"faces": {
				"north": {"uv": [2, 13, 2.25, 13.25], "texture": "#0"},
				"east": {"uv": [13, 2, 13.25, 2.25], "texture": "#0"},
				"south": {"uv": [2.25, 13, 2.5, 13.25], "texture": "#0"},
				"west": {"uv": [13, 2.25, 13.25, 2.5], "texture": "#0"},
				"up": {"uv": [2.75, 13.25, 2.5, 13], "texture": "#0"},
				"down": {"uv": [13.25, 2.5, 13, 2.75], "texture": "#0"}
			}
		},
		{
			"from": [7.36392, 11.91006, 7.87878],
			"to": [8.08962, 12.35023, 8.15339],
			"rotation": {"angle": 0, "axis": "y", "origin": [7.39941, 12.10075, 8.01608]},
			"faces": {
				"north": {"uv": [2.75, 13, 3, 13.25], "texture": "#0"},
				"east": {"uv": [13, 2.75, 13.25, 3], "texture": "#0"},
				"south": {"uv": [3, 13, 3.25, 13.25], "texture": "#0"},
				"west": {"uv": [13, 3, 13.25, 3.25], "texture": "#0"},
				"up": {"uv": [3.5, 13.25, 3.25, 13], "texture": "#0"},
				"down": {"uv": [13.25, 3.25, 13, 3.5], "texture": "#0"}
			}
		},
		{
			"from": [7.1999, 11.05243, 5.72328],
			"to": [7.52462, 11.55263, 5.92348],
			"rotation": {"angle": 22.5, "axis": "x", "origin": [7.36226, 11.50713, 5.87338]},
			"faces": {
				"north": {"uv": [3.5, 13, 3.75, 13.25], "texture": "#0"},
				"east": {"uv": [13, 3.5, 13.25, 3.75], "texture": "#0"},
				"south": {"uv": [3.75, 13, 4, 13.25], "texture": "#0"},
				"west": {"uv": [13, 3.75, 13.25, 4], "texture": "#0"},
				"up": {"uv": [4.25, 13.25, 4, 13], "texture": "#0"},
				"down": {"uv": [13.25, 4, 13, 4.25], "texture": "#0"}
			}
		},
		{
			"from": [7.1999, 11.36729, 6.02967],
			"to": [7.52462, 11.86749, 6.22987],
			"rotation": {"angle": 45, "axis": "x", "origin": [7.36226, 11.82199, 6.17977]},
			"faces": {
				"north": {"uv": [4.25, 13, 4.5, 13.25], "texture": "#0"},
				"east": {"uv": [13, 4.25, 13.25, 4.5], "texture": "#0"},
				"south": {"uv": [4.5, 13, 4.75, 13.25], "texture": "#0"},
				"west": {"uv": [13, 4.5, 13.25, 4.75], "texture": "#0"},
				"up": {"uv": [5, 13.25, 4.75, 13], "texture": "#0"},
				"down": {"uv": [13.25, 4.75, 13, 5], "texture": "#0"}
			}
		},
		{
			"from": [7.1999, 11.94553, 6.12864],
			"to": [7.52462, 12.14573, 6.62884],
			"rotation": {"angle": -22.5, "axis": "x", "origin": [7.36226, 11.99563, 6.58334]},
			"faces": {
				"north": {"uv": [5, 13, 5.25, 13.25], "texture": "#0"},
				"east": {"uv": [13, 5, 13.25, 5.25], "texture": "#0"},
				"south": {"uv": [5.25, 13, 5.5, 13.25], "texture": "#0"},
				"west": {"uv": [13, 5.25, 13.25, 5.5], "texture": "#0"},
				"up": {"uv": [5.75, 13.25, 5.5, 13], "texture": "#0"},
				"down": {"uv": [13.25, 5.5, 13, 5.75], "texture": "#0"}
			}
		},
		{
			"from": [7.1999, 11.78894, 6.47589],
			"to": [7.52462, 11.98914, 6.97609],
			"rotation": {"angle": 22.5, "axis": "x", "origin": [7.36226, 11.83904, 6.93058]},
			"faces": {
				"north": {"uv": [5.75, 13, 6, 13.25], "texture": "#0"},
				"east": {"uv": [13, 5.75, 13.25, 6], "texture": "#0"},
				"south": {"uv": [6, 13, 6.25, 13.25], "texture": "#0"},
				"west": {"uv": [13, 6, 13.25, 6.25], "texture": "#0"},
				"up": {"uv": [6.5, 13.25, 6.25, 13], "texture": "#0"},
				"down": {"uv": [13.25, 6.25, 13, 6.5], "texture": "#0"}
			}
		},
		{
			"from": [7.1999, 11.48254, 6.79075],
			"to": [7.52462, 11.68274, 7.29095],
			"rotation": {"angle": 45, "axis": "x", "origin": [7.36226, 11.53264, 7.24545]},
			"faces": {
				"north": {"uv": [6.5, 13, 6.75, 13.25], "texture": "#0"},
				"east": {"uv": [13, 6.5, 13.25, 6.75], "texture": "#0"},
				"south": {"uv": [6.75, 13, 7, 13.25], "texture": "#0"},
				"west": {"uv": [13, 6.75, 13.25, 7], "texture": "#0"},
				"up": {"uv": [7.25, 13.25, 7, 13], "texture": "#0"},
				"down": {"uv": [13.25, 7, 13, 7.25], "texture": "#0"}
			}
		},
		{
			"from": [7.1999, 10.74428, 5.5607],
			"to": [7.52462, 11.14448, 5.7609],
			"rotation": {"angle": 0, "axis": "y", "origin": [7.36226, 11.19898, 5.7108]},
			"faces": {
				"north": {"uv": [7.25, 13, 7.5, 13.25], "texture": "#0"},
				"east": {"uv": [13, 7.25, 13.25, 7.5], "texture": "#0"},
				"south": {"uv": [7.5, 13, 7.75, 13.25], "texture": "#0"},
				"west": {"uv": [13, 7.5, 13.25, 7.75], "texture": "#0"},
				"up": {"uv": [8, 13.25, 7.75, 13], "texture": "#0"},
				"down": {"uv": [13.25, 7.75, 13, 8], "texture": "#0"}
			}
		},
		{
			"from": [7.1999, 10.39737, 5.52842],
			"to": [7.52462, 10.79757, 5.72862],
			"rotation": {"angle": -22.5, "axis": "x", "origin": [7.36226, 10.85207, 5.67852]},
			"faces": {
				"north": {"uv": [8, 13, 8.25, 13.25], "texture": "#0"},
				"east": {"uv": [13, 8, 13.25, 8.25], "texture": "#0"},
				"south": {"uv": [8.25, 13, 8.5, 13.25], "texture": "#0"},
				"west": {"uv": [13, 8.25, 13.25, 8.5], "texture": "#0"},
				"up": {"uv": [8.75, 13.25, 8.5, 13], "texture": "#0"},
				"down": {"uv": [13.25, 8.5, 13, 8.75], "texture": "#0"}
			}
		},
		{
			"from": [7.1999, 9.45839, 5.92595],
			"to": [7.52462, 10.16778, 6.12615],
			"rotation": {"angle": -45, "axis": "x", "origin": [6.84544, 10.01514, 5.57032]},
			"faces": {
				"north": {"uv": [8.75, 13, 9, 13.25], "texture": "#0"},
				"east": {"uv": [13, 8.75, 13.25, 9], "texture": "#0"},
				"south": {"uv": [9, 13, 9.25, 13.25], "texture": "#0"},
				"west": {"uv": [13, 9, 13.25, 9.25], "texture": "#0"},
				"up": {"uv": [9.5, 13.25, 9.25, 13], "texture": "#0"},
				"down": {"uv": [13.25, 9.25, 13, 9.5], "texture": "#0"}
			}
		},
		{
			"from": [3.38076, 3.4999, 3.28076],
			"to": [11.18096, 6.5001, 8.48096],
			"rotation": {"angle": 0, "axis": "y", "origin": [5.18086, 0.7, 0.78086]},
			"faces": {
				"north": {"uv": [8, 2, 10, 2.75], "texture": "#0"},
				"east": {"uv": [3, 8, 4.25, 8.75], "texture": "#0"},
				"south": {"uv": [8, 2.75, 10, 3.5], "texture": "#0"},
				"west": {"uv": [8, 3.5, 9.25, 4.25], "texture": "#0"},
				"up": {"uv": [2, 1.25, 0, 0], "texture": "#0"},
				"down": {"uv": [2, 1.25, 0, 2.5], "texture": "#0"}
			}
		},
		{
			"from": [3.88076, 3.8999, 3.08076],
			"to": [10.68096, 6.1001, 3.28096],
			"rotation": {"angle": 0, "axis": "y", "origin": [5.18086, 0.7, -4.41914]},
			"faces": {
				"north": {"uv": [4.25, 8, 6, 8.5], "texture": "#0"},
				"east": {"uv": [12.5, 1, 12.75, 1.5], "texture": "#0"},
				"south": {"uv": [8, 4.25, 9.75, 4.75], "texture": "#0"},
				"west": {"uv": [12.5, 1.5, 12.75, 2], "texture": "#0"},
				"up": {"uv": [11.75, 4.25, 10, 4], "texture": "#0"},
				"down": {"uv": [11.75, 4.25, 10, 4.5], "texture": "#0"}
			}
		}
	],
	"display": {
		"thirdperson_righthand": {
			"scale": [0.4, 0.4, 0.4]
		},
		"firstperson_righthand": {
			"translation": [1.75, 2.5, 0]
		},
		"ground": {
			"translation": [0.5, 10.25, 0],
			"scale": [1.28, 1.28, 1.28]
		},
		"gui": {
			"rotation": [30, -150, 0],
			"translation": [-0.75, 2.75, 0],
			"scale": [1.16, 1.16, 1.16]
		}
	},
	"groups": [
		{
			"name": "1_part",
			"origin": [10.1, 0, 8.7],
			"color": 0,
			"children": [0, 1, 2, 3, 4, 5, 6, 7, 8, 9, 10, 11, 12, 13, 14, 15]
		},
		{
			"name": "2_part",
			"origin": [9.35872, 6.3, 6.55054],
			"color": 0,
			"children": [16, 17, 18, 19, 20, 21, 22, 23, 24, 25, 26, 27, 28, 29, 30, 31]
		},
		{
			"name": "3_part",
			"origin": [9.22285, 8.64, 6.69548],
			"color": 0,
			"children": [32, 33, 34, 35, 36, 37, 38, 39, 40, 41, 42, 43, 44, 45, 46, 47]
		},
		{
			"name": "4_part",
			"origin": [9.22285, 8.64, 6.69548],
			"color": 0,
			"children": [48, 49, 50, 51, 52, 53, 54, 55, 56, 57, 58, 59, 60, 61, 62, 63]
		},
		{
			"name": "5_part",
			"origin": [9.22285, 8.64, 6.69548],
			"color": 0,
			"children": [64, 65, 66, 67, 68, 69, 70, 71, 72, 73, 74, 75, 76, 77, 78, 79]
		},
		{
			"name": "6_part",
			"origin": [7.39941, 12.10075, 8.01608],
			"color": 0,
			"children": [80, 81, 82, 83, 84, 85, 86, 87, 88, 89, 90, 91, 92, 93, 94, 95]
		},
		{
			"name": "7_part",
			"origin": [6.84544, 10.01514, 5.57032],
			"color": 0,
			"children": [96, 97, 98, 99, 100, 101, 102, 103]
		},
		104,
		105
	]
}