{
	"credit": "Made with Blockbench",
	"textures": {
		"1": "item/netherite_pickaxe/8",
		"2": "block/gold_block",
		"particle": "block/gold_block"
	},
	"elements": [
		{
			"from": [0, 1, 7],
			"to": [16, 15, 9],
			"faces": {
				"north": {"uv": [0, 1, 16, 15], "texture": "#2"},
				"east": {"uv": [0, 0, 2, 14], "texture": "#2"},
				"south": {"uv": [0, 1, 16, 15], "texture": "#2"},
				"west": {"uv": [0, 0, 2, 14], "texture": "#2"},
				"up": {"uv": [0, 0, 16, 2], "texture": "#2"},
				"down": {"uv": [0, 0, 16, 2], "texture": "#2"}
			}
		},
		{
			"from": [1, 0, 7],
			"to": [15, 1, 9],
			"faces": {
				"north": {"uv": [0, 15, 14, 16], "texture": "#2"},
				"east": {"uv": [0, 0, 2, 1], "texture": "#2"},
				"south": {"uv": [0, 0, 14, 1], "texture": "#2"},
				"west": {"uv": [0, 15, 2, 16], "texture": "#2"},
				"up": {"uv": [0, 14, 14, 16], "texture": "#2"},
				"down": {"uv": [0, 14, 14, 16], "texture": "#2"}
			}
		},
		{
			"from": [1, 15, 7],
			"to": [15, 16, 9],
			"faces": {
				"north": {"uv": [0, 0, 14, 1], "texture": "#2"},
				"east": {"uv": [0, 0, 2, 1], "texture": "#2"},
				"south": {"uv": [0, 0, 14, 1], "texture": "#2"},
				"west": {"uv": [0, 0, 2, 1], "texture": "#2"},
				"up": {"uv": [0, 0, 14, 2], "texture": "#2"},
				"down": {"uv": [0, 0, 14, 2], "texture": "#2"}
			}
		},
		{
			"from": [2, 2, 6.75],
			"to": [14, 14, 6.85],
			"faces": {
				"north": {"uv": [0, 0, 16, 16], "texture": "#1"},
				"east": {"uv": [0, 0, 0, 0], "texture": "#1"},
				"south": {"uv": [0, 0, 16, 16], "texture": "#1"},
				"west": {"uv": [0, 0, 0, 0], "texture": "#1"},
				"up": {"uv": [0, 0, 0, 0], "texture": "#1"},
				"down": {"uv": [0, 0, 0, 0], "texture": "#1"}
			}
		}
	],
	"display": {
		"thirdperson_righthand": {
			"translation": [0, -0.25, -0.25],
			"scale": [0.25, 0.25, 0.25]
		},
		"firstperson_righthand": {
			"rotation": [0, 180, 0],
			"translation": [1.5, 3.25, 0],
			"scale": [0.45, 0.45, 0.45]
		},
		"ground": {
			"translation": [0, 1.25, 0],
			"scale": [0.5, 0.5, 0.5]
		},
		"gui": {
			"rotation": [20, -160, 0],
			"scale": [0.82, 0.82, 0.82]
		},
		"head": {
			"translation": [0, 0.25, -7.25],
			"scale": [0.83, 0.83, 0.83]
		}
	}
}