{"textures":{"1":"modelengine:entity/crownking"},"elements":[{"from":[5.45,13.6,4.5],"to":[10.55,16.6,4.5],"faces":{"east":{"uv":[6.0,6.0,9.5,9.0],"tintindex":0,"rotation":0,"texture":"#1"},"south":{"uv":[6.0,0.0,11.5,3.0],"tintindex":0,"rotation":0,"texture":"#1"},"north":{"uv":[6.0,0.0,11.5,3.0],"tintindex":0,"rotation":0,"texture":"#1"},"west":{"uv":[0.0,8.0,3.5,11.0],"tintindex":0,"rotation":0,"texture":"#1"},"up":{"uv":[5.5,3.5,0.0,0.0],"tintindex":0,"rotation":0,"texture":"#1"},"down":{"uv":[5.5,4.0,0.0,7.5],"tintindex":0,"rotation":0,"texture":"#1"}}},{"from":[5.45,13.6,4.5],"to":[5.45,16.6,7.5],"faces":{"east":{"uv":[6.0,6.0,9.5,9.0],"tintindex":0,"rotation":0,"texture":"#1"},"south":{"uv":[6.0,0.0,11.5,3.0],"tintindex":0,"rotation":0,"texture":"#1"},"north":{"uv":[6.0,0.0,11.5,3.0],"tintindex":0,"rotation":0,"texture":"#1"},"west":{"uv":[0.0,8.0,3.5,11.0],"tintindex":0,"rotation":0,"texture":"#1"},"up":{"uv":[5.5,3.5,0.0,0.0],"tintindex":0,"rotation":0,"texture":"#1"},"down":{"uv":[5.5,4.0,0.0,7.5],"tintindex":0,"rotation":0,"texture":"#1"}}},{"from":[10.45,13.6,4.5],"to":[10.45,16.6,7.5],"faces":{"east":{"uv":[6.0,6.0,9.5,9.0],"tintindex":0,"rotation":0,"texture":"#1"},"south":{"uv":[6.0,0.0,11.5,3.0],"tintindex":0,"rotation":0,"texture":"#1"},"north":{"uv":[6.0,0.0,11.5,3.0],"tintindex":0,"rotation":0,"texture":"#1"},"west":{"uv":[0.0,8.0,3.5,11.0],"tintindex":0,"rotation":0,"texture":"#1"},"up":{"uv":[5.5,3.5,0.0,0.0],"tintindex":0,"rotation":0,"texture":"#1"},"down":{"uv":[5.5,4.0,0.0,7.5],"tintindex":0,"rotation":0,"texture":"#1"}}}],"display":{"gui":{"rotation":[30,225,0]}}}