{
	"credit": "Made with Blockbench",
	"textures": {
		"0": "block/stripped_birch_log",
		"2": "block/green_concrete_powder",
		"particle": "block/stripped_birch_log"
	},
	"elements": [
		{
			"from": [4, 0, 4],
			"to": [12, 8, 12],
			"faces": {
				"north": {"uv": [0, 0, 7, 8], "texture": "#0"},
				"east": {"uv": [0, 0, 8, 8], "texture": "#0"},
				"south": {"uv": [0, 0, 7, 8], "texture": "#0"},
				"west": {"uv": [0, 0, 8, 8], "texture": "#0"},
				"up": {"uv": [4, 4, 11, 12], "texture": "#0"},
				"down": {"uv": [5, 4, 12, 12], "texture": "#0"}
			}
		},
		{
			"from": [3.5, 8, 3.5],
			"to": [12.5, 10, 12.5],
			"faces": {
				"north": {"uv": [0, 0, 9, 2], "texture": "#2"},
				"east": {"uv": [0, 0, 9, 2], "texture": "#2"},
				"south": {"uv": [0, 0, 9, 2], "texture": "#2"},
				"west": {"uv": [0, 0, 9, 2], "texture": "#2"},
				"up": {"uv": [0, 0, 9, 9], "texture": "#2"},
				"down": {"uv": [0, 0, 9, 9], "texture": "#2"}
			}
		},
		{
			"from": [5, 10, 5],
			"to": [11, 12, 11],
			"faces": {
				"north": {"uv": [0, 0, 6, 2], "texture": "#2"},
				"east": {"uv": [0, 0, 6, 2], "texture": "#2"},
				"south": {"uv": [0, 0, 6, 2], "texture": "#2"},
				"west": {"uv": [0, 0, 6, 2], "texture": "#2"},
				"up": {"uv": [0, 0, 6, 6], "texture": "#2"},
				"down": {"uv": [0, 0, 6, 6], "texture": "#2"}
			}
		},
		{
			"from": [7, 12, 7],
			"to": [9, 14, 9],
			"faces": {
				"north": {"uv": [0, 0, 2, 2], "texture": "#2"},
				"east": {"uv": [0, 0, 2, 2], "texture": "#2"},
				"south": {"uv": [0, 0, 2, 2], "texture": "#2"},
				"west": {"uv": [0, 0, 2, 2], "texture": "#2"},
				"up": {"uv": [0, 0, 2, 2], "texture": "#2"},
				"down": {"uv": [0, 0, 2, 2], "texture": "#2"}
			}
		},
		{
			"from": [5, 4, 3],
			"to": [11, 7, 4],
			"faces": {
				"north": {"uv": [0, 0, 6, 3], "texture": "#2"},
				"east": {"uv": [0, 0, 1, 3], "texture": "#2"},
				"south": {"uv": [0, 0, 6, 3], "texture": "#2"},
				"west": {"uv": [0, 0, 1, 3], "texture": "#2"},
				"up": {"uv": [0, 0, 6, 1], "texture": "#2"},
				"down": {"uv": [0, 0, 6, 1], "texture": "#2"}
			}
		}
	],
	"display": {
		"thirdperson_righthand": {
			"scale": [0.53, 0.53, 0.53]
		},
		"firstperson_righthand": {
			"translation": [-2, 6.25, 0]
		},
		"ground": {
			"translation": [0, 6, 0]
		},
		"gui": {
			"rotation": [30, -150, 0],
			"translation": [0, 2, 0]
		},
		"head": {
			"rotation": [0, 180, 0],
			"translation": [0, -8.75, 7],
			"scale": [1.35, 1.35, 1.35]
		}
	}
}