{"textures":{"0":"modelengine:entity/piranha_plant"},"elements":[{"from":[8.0,7.9714284,6.285714],"to":[12.571428,8.028571,9.714286],"rotation":{"angle":0.0,"axis":"y","origin":[10.285714,8.0,8.0]},"faces":{"east":{"uv":[6.0,15.5,6.75,16.0],"rotation":270,"texture":"#0","tintindex":0},"south":{"uv":[6.25,15.5,6.75,16.0],"rotation":270,"texture":"#0","tintindex":0},"north":{"uv":[6.0,15.0,6.25,15.5],"rotation":270,"texture":"#0","tintindex":0},"west":{"uv":[6.0,15.0,6.25,15.5],"rotation":270,"texture":"#0","tintindex":0},"up":{"uv":[4.25,11.0,6.0,15.0],"rotation":270,"texture":"#0","tintindex":0},"down":{"uv":[4.25,11.0,6.0,15.0],"rotation":270,"texture":"#0","tintindex":0}}},{"from":[11.9,7.957143,7.4],"to":[13.614286,8.014286,8.542857],"rotation":{"angle":0.0,"axis":"y","origin":[8.014286,3.9571428,7.9714284]},"faces":{"east":{"uv":[6.25,15.5,6.75,16.0],"rotation":270,"texture":"#0","tintindex":0},"south":{"uv":[6.25,15.5,6.5,16.0],"rotation":270,"texture":"#0","tintindex":0},"north":{"uv":[6.25,15.5,6.5,16.0],"rotation":270,"texture":"#0","tintindex":0},"west":{"uv":[6.25,15.5,6.5,16.0],"rotation":270,"texture":"#0","tintindex":0},"up":{"uv":[6.5,11.0,8.0,14.5],"rotation":270,"texture":"#0","tintindex":0},"down":{"uv":[6.25,11.5,7.5,14.0],"rotation":270,"texture":"#0","tintindex":0}}}],"display":{"head":{"translation":[0.0,-6.4,0.0],"scale":[4.0,4.0,4.0]}}}