{
	"credit": "Made with Blockbench",
	"textures": {
		"0": "block/equipment/emagnet",
		"1": "block/equipment/handle_magnet",
		"particle": "block/equipment/emagnet"
	},
	"elements": [
		{
			"from": [6.99988, 16.96115, 12.32895],
			"to": [9.00012, 19.96139, 14.02919],
			"rotation": {"angle": 22.5, "axis": "x", "origin": [8, 17.96127, 13.32907]},
			"faces": {
				"north": {"uv": [0, 0, 1, 1.5], "texture": "#0"},
				"east": {"uv": [6, 5.5, 6.75, 7], "texture": "#0"},
				"south": {"uv": [1, 0, 2, 1.5], "texture": "#0"},
				"west": {"uv": [6.5, 0, 7.25, 1.5], "texture": "#0"},
				"up": {"uv": [9, 9.75, 8, 9], "texture": "#0"},
				"down": {"uv": [10, 9, 9, 9.75], "texture": "#0"}
			}
		},
		{
			"from": [6.99988, 16.88503, 1.58813],
			"to": [9.00012, 19.88527, 3.28837],
			"rotation": {"angle": -22.5, "axis": "x", "origin": [8, 18.88515, 2.28825]},
			"faces": {
				"north": {"uv": [0, 1.5, 1, 3], "texture": "#0"},
				"east": {"uv": [6.5, 1.5, 7.25, 3], "texture": "#0"},
				"south": {"uv": [1, 1.5, 2, 3], "texture": "#0"},
				"west": {"uv": [7, 3, 7.75, 4.5], "texture": "#0"},
				"up": {"uv": [10.5, 5.25, 9.5, 4.5], "texture": "#0"},
				"down": {"uv": [6, 9.5, 5, 10.25], "texture": "#0"}
			}
		},
		{
			"from": [6.99988, 14.21196, 4.72],
			"to": [9.00012, 15.9122, 7.72024],
			"rotation": {"angle": 22.5, "axis": "x", "origin": [8, 14.91208, 5.72012]},
			"faces": {
				"north": {"uv": [6, 9.5, 7, 10.25], "texture": "#0"},
				"east": {"uv": [7, 4.5, 8.5, 5.25], "texture": "#0"},
				"south": {"uv": [7, 9.5, 8, 10.25], "texture": "#0"},
				"west": {"uv": [5, 7, 6.5, 7.75], "texture": "#0"},
				"up": {"uv": [3, 1.5, 2, 0], "texture": "#0"},
				"down": {"uv": [3, 1.5, 2, 3], "texture": "#0"}
			}
		},
		{
			"from": [6.99988, 14.21196, 8.27976],
			"to": [9.00012, 15.9122, 11.28],
			"rotation": {"angle": -22.5, "axis": "x", "origin": [8, 14.91208, 10.27988]},
			"faces": {
				"north": {"uv": [9.5, 7.5, 10.5, 8.25], "texture": "#0"},
				"east": {"uv": [7, 5.5, 8.5, 6.25], "texture": "#0"},
				"south": {"uv": [10, 0, 11, 0.75], "texture": "#0"},
				"west": {"uv": [6.5, 7, 8, 7.75], "texture": "#0"},
				"up": {"uv": [1, 4.5, 0, 3], "texture": "#0"},
				"down": {"uv": [4, 0, 3, 1.5], "texture": "#0"}
			}
		},
		{
			"from": [2.90909, 14.55744, 6.99992],
			"to": [4.60929, 17.55764, 9.00012],
			"rotation": {"angle": 45, "axis": "z", "origin": [3.60919, 16.55754, 8.00002]},
			"faces": {
				"north": {"uv": [0, 7.5, 0.75, 9], "texture": "#0"},
				"east": {"uv": [1, 3, 2, 4.5], "texture": "#0"},
				"south": {"uv": [7.5, 0, 8.25, 1.5], "texture": "#0"},
				"west": {"uv": [3, 1.5, 4, 3], "texture": "#0"},
				"up": {"uv": [10.75, 2, 10, 1], "texture": "#0"},
				"down": {"uv": [10.75, 2, 10, 3], "texture": "#0"}
			}
		},
		{
			"from": [1.97088, 16.96131, 7],
			"to": [3.67112, 19.96155, 9.00024],
			"rotation": {"angle": 22.5, "axis": "z", "origin": [2.671, 17.96143, 8.00012]},
			"faces": {
				"north": {"uv": [1, 7.5, 1.75, 9], "texture": "#0"},
				"east": {"uv": [2, 3, 3, 4.5], "texture": "#0"},
				"south": {"uv": [7.5, 1.5, 8.25, 3], "texture": "#0"},
				"west": {"uv": [3, 3, 4, 4.5], "texture": "#0"},
				"up": {"uv": [10.75, 4, 10, 3], "texture": "#0"},
				"down": {"uv": [10.75, 5.5, 10, 6.5], "texture": "#0"}
			}
		},
		{
			"from": [1.25891, 19.54131, 7.00012],
			"to": [2.95891, 22.54131, 9.00012],
			"rotation": {"angle": 0, "axis": "y", "origin": [1.95891, 20.54131, 8.00012]},
			"faces": {
				"north": {"uv": [2, 7.5, 2.75, 9], "texture": "#0"},
				"east": {"uv": [4, 0, 5, 1.5], "texture": "#0"},
				"south": {"uv": [3, 7.5, 3.75, 9], "texture": "#0"},
				"west": {"uv": [4, 1.5, 5, 3], "texture": "#0"},
				"up": {"uv": [10.75, 7.5, 10, 6.5], "texture": "#0"},
				"down": {"uv": [8.75, 10, 8, 11], "texture": "#0"}
			}
		},
		{
			"from": [11.39084, 14.55744, 6.99992],
			"to": [13.09104, 17.55764, 9.00012],
			"rotation": {"angle": -45, "axis": "z", "origin": [12.39094, 16.55754, 8.00002]},
			"faces": {
				"north": {"uv": [4, 7.5, 4.75, 9], "texture": "#0"},
				"east": {"uv": [4, 3, 5, 4.5], "texture": "#0"},
				"south": {"uv": [8, 3, 8.75, 4.5], "texture": "#0"},
				"west": {"uv": [0, 4.5, 1, 6], "texture": "#0"},
				"up": {"uv": [10.75, 9.5, 10, 8.5], "texture": "#0"},
				"down": {"uv": [9.75, 10, 9, 11], "texture": "#0"}
			}
		},
		{
			"from": [12.7117, 16.88519, 7],
			"to": [14.41194, 19.88543, 9.00024],
			"rotation": {"angle": -22.5, "axis": "z", "origin": [13.71182, 18.88531, 8.00012]},
			"faces": {
				"north": {"uv": [5, 8, 5.75, 9.5], "texture": "#0"},
				"east": {"uv": [1, 4.5, 2, 6], "texture": "#0"},
				"south": {"uv": [6, 8, 6.75, 9.5], "texture": "#0"},
				"west": {"uv": [2, 4.5, 3, 6], "texture": "#0"},
				"up": {"uv": [10.75, 10.5, 10, 9.5], "texture": "#0"},
				"down": {"uv": [0.75, 10.5, 0, 11.5], "texture": "#0"}
			}
		},
		{
			"from": [13.04122, 19.54131, 7.00012],
			"to": [14.74122, 22.54131, 9.00012],
			"rotation": {"angle": 0, "axis": "y", "origin": [14.04122, 21.54131, 8.00012]},
			"faces": {
				"north": {"uv": [8, 6.5, 8.75, 8], "texture": "#0"},
				"east": {"uv": [3, 4.5, 4, 6], "texture": "#0"},
				"south": {"uv": [7, 8, 7.75, 9.5], "texture": "#0"},
				"west": {"uv": [4, 4.5, 5, 6], "texture": "#0"},
				"up": {"uv": [1.75, 11.5, 1, 10.5], "texture": "#0"},
				"down": {"uv": [2.75, 10.5, 2, 11.5], "texture": "#0"}
			}
		},
		{
			"from": [4.72006, 14.21212, 7],
			"to": [7.7203, 15.91236, 9.00024],
			"rotation": {"angle": -22.5, "axis": "z", "origin": [5.72018, 14.91224, 8.00012]},
			"faces": {
				"north": {"uv": [8, 8, 9.5, 8.75], "texture": "#0"},
				"east": {"uv": [3, 10.5, 4, 11.25], "texture": "#0"},
				"south": {"uv": [8.5, 0, 10, 0.75], "texture": "#0"},
				"west": {"uv": [4, 10.5, 5, 11.25], "texture": "#0"},
				"up": {"uv": [6.5, 1, 5, 0], "texture": "#0"},
				"down": {"uv": [6.5, 1, 5, 2], "texture": "#0"}
			}
		},
		{
			"from": [8.27983, 14.21212, 7],
			"to": [11.28007, 15.91236, 9.00024],
			"rotation": {"angle": 22.5, "axis": "z", "origin": [10.27995, 14.91224, 8.00012]},
			"faces": {
				"north": {"uv": [8.5, 1, 10, 1.75], "texture": "#0"},
				"east": {"uv": [10.5, 4, 11.5, 4.75], "texture": "#0"},
				"south": {"uv": [8.5, 2, 10, 2.75], "texture": "#0"},
				"west": {"uv": [5, 10.5, 6, 11.25], "texture": "#0"},
				"up": {"uv": [6.5, 3, 5, 2], "texture": "#0"},
				"down": {"uv": [6.5, 3, 5, 4], "texture": "#0"}
			}
		},
		{
			"from": [7, 19.54115, 13.04115],
			"to": [9, 22.54115, 14.74115],
			"rotation": {"angle": 0, "axis": "y", "origin": [8, 20.54115, 14.04115]},
			"faces": {
				"north": {"uv": [5, 4, 6, 5.5], "texture": "#0"},
				"east": {"uv": [8.5, 4.5, 9.25, 6], "texture": "#0"},
				"south": {"uv": [5, 5.5, 6, 7], "texture": "#0"},
				"west": {"uv": [0, 9, 0.75, 10.5], "texture": "#0"},
				"up": {"uv": [7, 11.25, 6, 10.5], "texture": "#0"},
				"down": {"uv": [8, 10.5, 7, 11.25], "texture": "#0"}
			}
		},
		{
			"from": [6.9998, 14.55728, 11.39078],
			"to": [9, 17.55748, 13.09098],
			"rotation": {"angle": 45, "axis": "x", "origin": [7.9999, 16.55738, 12.39088]},
			"faces": {
				"north": {"uv": [0, 6, 1, 7.5], "texture": "#0"},
				"east": {"uv": [1, 9, 1.75, 10.5], "texture": "#0"},
				"south": {"uv": [1, 6, 2, 7.5], "texture": "#0"},
				"west": {"uv": [2, 9, 2.75, 10.5], "texture": "#0"},
				"up": {"uv": [11.5, 8.25, 10.5, 7.5], "texture": "#0"},
				"down": {"uv": [11, 10.5, 10, 11.25], "texture": "#0"}
			}
		},
		{
			"from": [6.9998, 14.55728, 2.90902],
			"to": [9, 17.55748, 4.60922],
			"rotation": {"angle": -45, "axis": "x", "origin": [7.9999, 16.55738, 3.60912]},
			"faces": {
				"north": {"uv": [2, 6, 3, 7.5], "texture": "#0"},
				"east": {"uv": [3, 9, 3.75, 10.5], "texture": "#0"},
				"south": {"uv": [3, 6, 4, 7.5], "texture": "#0"},
				"west": {"uv": [9, 3, 9.75, 4.5], "texture": "#0"},
				"up": {"uv": [12, 0.75, 11, 0], "texture": "#0"},
				"down": {"uv": [12, 1, 11, 1.75], "texture": "#0"}
			}
		},
		{
			"from": [7, 19.54115, 1.25885],
			"to": [9, 22.54115, 2.95885],
			"rotation": {"angle": 0, "axis": "y", "origin": [8, 21.54115, 1.95885]},
			"faces": {
				"north": {"uv": [4, 6, 5, 7.5], "texture": "#0"},
				"east": {"uv": [4, 9, 4.75, 10.5], "texture": "#0"},
				"south": {"uv": [6, 4, 7, 5.5], "texture": "#0"},
				"west": {"uv": [9, 6, 9.75, 7.5], "texture": "#0"},
				"up": {"uv": [12, 2.75, 11, 2], "texture": "#0"},
				"down": {"uv": [12, 3, 11, 3.75], "texture": "#0"}
			}
		},
		{
			"from": [7.3, 1.5, 7.3],
			"to": [8.7, 15.3, 8.7],
			"rotation": {"angle": 0, "axis": "y", "origin": [7, 1.5, 7]},
			"faces": {
				"north": {"uv": [0, 0, 1.5, 14], "texture": "#1"},
				"east": {"uv": [2, 0, 3.5, 14], "texture": "#1"},
				"south": {"uv": [4, 0, 5.5, 14], "texture": "#1"},
				"west": {"uv": [6, 0, 7.5, 14], "texture": "#1"},
				"up": {"uv": [11.5, 3.5, 10, 2], "texture": "#1"},
				"down": {"uv": [11.5, 4, 10, 5.5], "texture": "#1"}
			}
		},
		{
			"from": [7, 0, 7],
			"to": [9, 1.5, 9],
			"rotation": {"angle": 0, "axis": "y", "origin": [7, 0, 7]},
			"faces": {
				"north": {"uv": [8, 4, 10, 5.5], "texture": "#1"},
				"east": {"uv": [8, 6, 10, 7.5], "texture": "#1"},
				"south": {"uv": [8, 8, 10, 9.5], "texture": "#1"},
				"west": {"uv": [10, 0, 12, 1.5], "texture": "#1"},
				"up": {"uv": [10, 2, 8, 0], "texture": "#1"},
				"down": {"uv": [10, 2, 8, 4], "texture": "#1"}
			}
		}
	],
	"display": {
		"thirdperson_righthand": {
			"translation": [0, 0, 1],
			"scale": [0.58, 0.58, 0.58]
		},
		"firstperson_righthand": {
			"rotation": [-25, 0, 0],
			"translation": [1, 3, 0],
			"scale": [0.55, 0.55, 0.55]
		},
		"ground": {
			"translation": [0, 2.75, 0],
			"scale": [0.43, 0.43, 0.43]
		},
		"gui": {
			"rotation": [30, -150, 0],
			"translation": [0, -2.75, 0],
			"scale": [0.65, 0.65, 0.65]
		}
	},
	"groups": [
		{
			"name": "magnnet",
			"origin": [8, 21.54115, 1.95885],
			"color": 0,
			"children": [0, 1, 2, 3, 4, 5, 6, 7, 8, 9, 10, 11, 12, 13, 14, 15]
		},
		{
			"name": "handle",
			"origin": [8, 8, 8],
			"color": 0,
			"children": [16, 17]
		}
	]
}