{
	"credit": "Made with Blockbench",
	"texture_size": [32, 32],
	"textures": {
		"0": "block/equipment/golden_rake",
		"particle": "block/equipment/golden_rake"
	},
	"elements": [
		{
			"from": [-0.47084, 0.1, 15.54922],
			"to": [4.62916, 2.1, 16.64922],
			"rotation": {"angle": 0, "axis": "y", "origin": [2.12916, 1.1, 16.09922]},
			"faces": {
				"north": {"uv": [1, 3, 3.5, 4], "texture": "#0"},
				"east": {"uv": [6, 5, 6.5, 6], "texture": "#0"},
				"south": {"uv": [3.5, 3, 6, 4], "texture": "#0"},
				"west": {"uv": [6, 6, 6.5, 7], "texture": "#0"},
				"up": {"uv": [7.5, 4.5, 5, 4], "texture": "#0"},
				"down": {"uv": [7.5, 4.5, 5, 5], "texture": "#0"}
			}
		},
		{
			"from": [1.06589, 0.1, 11.1537],
			"to": [3.16589, 2.1, 12.2537],
			"rotation": {"angle": 0, "axis": "y", "origin": [1.66589, 1.1, 11.7037]},
			"faces": {
				"north": {"uv": [2, 6, 3, 7], "texture": "#0"},
				"east": {"uv": [2.5, 7, 3, 8], "texture": "#0"},
				"south": {"uv": [3, 6, 4, 7], "texture": "#0"},
				"west": {"uv": [3, 7, 3.5, 8], "texture": "#0"},
				"up": {"uv": [8, 3.5, 7, 3], "texture": "#0"},
				"down": {"uv": [4.5, 7, 3.5, 7.5], "texture": "#0"}
			}
		},
		{
			"from": [1.26589, 0.3, 10.0537],
			"to": [2.96589, 1.9, 11.1537],
			"rotation": {"angle": 0, "axis": "y", "origin": [1.66589, 1.1, 10.6037]},
			"faces": {
				"north": {"uv": [6, 3, 7, 4], "texture": "#0"},
				"east": {"uv": [4.5, 7, 5, 8], "texture": "#0"},
				"south": {"uv": [4, 6, 5, 7], "texture": "#0"},
				"west": {"uv": [5, 7, 5.5, 8], "texture": "#0"},
				"up": {"uv": [8, 4, 7, 3.5], "texture": "#0"},
				"down": {"uv": [8, 5, 7, 5.5], "texture": "#0"}
			}
		},
		{
			"from": [1.56589, 0.6, -3.8],
			"to": [2.66589, 1.6, 10.2],
			"rotation": {"angle": 0, "axis": "y", "origin": [1.66589, 1.1, 9.6037]},
			"faces": {
				"north": {"uv": [9, 2, 9.5, 2.5], "texture": "#0"},
				"east": {"uv": [0, 0, 7, 0.5], "texture": "#0"},
				"south": {"uv": [2.5, 9, 3, 9.5], "texture": "#0"},
				"west": {"uv": [0, 0.5, 7, 1], "texture": "#0"},
				"up": {"uv": [0.5, 8, 0, 1], "texture": "#0"},
				"down": {"uv": [1, 1, 0.5, 8], "texture": "#0"}
			}
		},
		{
			"from": [-4.43411, 0.6, -4.3],
			"to": [8.66589, 1.7, -3.8],
			"rotation": {"angle": 0, "axis": "y", "origin": [1.66589, 1.1, -4.3963]},
			"faces": {
				"north": {"uv": [1, 1, 7.5, 1.5], "texture": "#0"},
				"east": {"uv": [9, 2.5, 9.5, 3], "texture": "#0"},
				"south": {"uv": [1, 1.5, 7.5, 2], "texture": "#0"},
				"west": {"uv": [3, 9, 3.5, 9.5], "texture": "#0"},
				"up": {"uv": [7.5, 2.5, 1, 2], "texture": "#0"},
				"down": {"uv": [7.5, 2.5, 1, 3], "texture": "#0"}
			}
		},
		{
			"from": [8.26589, -1.4, -4.3],
			"to": [8.66589, 0.6, -3.8],
			"rotation": {"angle": 0, "axis": "y", "origin": [1.66589, 0, -4.3963]},
			"faces": {
				"north": {"uv": [5.5, 7, 6, 8], "texture": "#0"},
				"east": {"uv": [7, 5.5, 7.5, 6.5], "texture": "#0"},
				"south": {"uv": [6, 7, 6.5, 8], "texture": "#0"},
				"west": {"uv": [6.5, 7, 7, 8], "texture": "#0"},
				"up": {"uv": [9.5, 3.5, 9, 3], "texture": "#0"},
				"down": {"uv": [9.5, 3.5, 9, 4], "texture": "#0"}
			}
		},
		{
			"from": [7.26589, -1.4, -4.3],
			"to": [7.66589, 0.6, -3.8],
			"rotation": {"angle": 0, "axis": "y", "origin": [0.66589, 0, -4.3963]},
			"faces": {
				"north": {"uv": [3.5, 7.5, 4, 8.5], "texture": "#0"},
				"east": {"uv": [4, 7.5, 4.5, 8.5], "texture": "#0"},
				"south": {"uv": [7.5, 4, 8, 5], "texture": "#0"},
				"west": {"uv": [7.5, 5.5, 8, 6.5], "texture": "#0"},
				"up": {"uv": [9.5, 5, 9, 4.5], "texture": "#0"},
				"down": {"uv": [5.5, 9, 5, 9.5], "texture": "#0"}
			}
		},
		{
			"from": [6.26589, -1.4, -4.3],
			"to": [6.66589, 0.6, -3.8],
			"rotation": {"angle": 0, "axis": "y", "origin": [-0.33411, 0, -4.3963]},
			"faces": {
				"north": {"uv": [1.5, 8, 2, 9], "texture": "#0"},
				"east": {"uv": [2, 8, 2.5, 9], "texture": "#0"},
				"south": {"uv": [8, 2, 8.5, 3], "texture": "#0"},
				"west": {"uv": [2.5, 8, 3, 9], "texture": "#0"},
				"up": {"uv": [9.5, 6.5, 9, 6], "texture": "#0"},
				"down": {"uv": [7, 9, 6.5, 9.5], "texture": "#0"}
			}
		},
		{
			"from": [5.26589, -1.4, -4.3],
			"to": [5.66589, 0.6, -3.8],
			"rotation": {"angle": 0, "axis": "y", "origin": [-1.33411, 0, -4.3963]},
			"faces": {
				"north": {"uv": [3, 8, 3.5, 9], "texture": "#0"},
				"east": {"uv": [8, 3, 8.5, 4], "texture": "#0"},
				"south": {"uv": [8, 4, 8.5, 5], "texture": "#0"},
				"west": {"uv": [4.5, 8, 5, 9], "texture": "#0"},
				"up": {"uv": [9.5, 7, 9, 6.5], "texture": "#0"},
				"down": {"uv": [9.5, 7, 9, 7.5], "texture": "#0"}
			}
		},
		{
			"from": [4.26589, -1.4, -4.3],
			"to": [4.66589, 0.6, -3.8],
			"rotation": {"angle": 0, "axis": "y", "origin": [-2.33411, 0, -4.3963]},
			"faces": {
				"north": {"uv": [5, 8, 5.5, 9], "texture": "#0"},
				"east": {"uv": [8, 5, 8.5, 6], "texture": "#0"},
				"south": {"uv": [5.5, 8, 6, 9], "texture": "#0"},
				"west": {"uv": [6, 8, 6.5, 9], "texture": "#0"},
				"up": {"uv": [9.5, 8, 9, 7.5], "texture": "#0"},
				"down": {"uv": [8.5, 9, 8, 9.5], "texture": "#0"}
			}
		},
		{
			"from": [3.26589, -1.4, -4.3],
			"to": [3.66589, 0.6, -3.8],
			"rotation": {"angle": 0, "axis": "y", "origin": [-3.33411, 0, -4.3963]},
			"faces": {
				"north": {"uv": [8.5, 6, 9, 7], "texture": "#0"},
				"east": {"uv": [7, 8.5, 7.5, 9.5], "texture": "#0"},
				"south": {"uv": [8.5, 7, 9, 8], "texture": "#0"},
				"west": {"uv": [7.5, 8.5, 8, 9.5], "texture": "#0"},
				"up": {"uv": [10, 1.5, 9.5, 1], "texture": "#0"},
				"down": {"uv": [10, 1.5, 9.5, 2], "texture": "#0"}
			}
		},
		{
			"from": [2.36589, -1.4, -4.3],
			"to": [2.76589, 0.6, -3.8],
			"rotation": {"angle": 0, "axis": "y", "origin": [-4.23411, 0, -4.3963]},
			"faces": {
				"north": {"uv": [8.5, 8, 9, 9], "texture": "#0"},
				"east": {"uv": [0, 9, 0.5, 10], "texture": "#0"},
				"south": {"uv": [9, 0, 9.5, 1], "texture": "#0"},
				"west": {"uv": [0.5, 9, 1, 10], "texture": "#0"},
				"up": {"uv": [10, 2.5, 9.5, 2], "texture": "#0"},
				"down": {"uv": [3, 9.5, 2.5, 10], "texture": "#0"}
			}
		},
		{
			"from": [-4.43411, -1.4, -4.3],
			"to": [-4.03411, 0.6, -3.8],
			"rotation": {"angle": 0, "axis": "y", "origin": [-11.03411, 0, -4.3963]},
			"faces": {
				"north": {"uv": [7, 6.5, 7.5, 7.5], "texture": "#0"},
				"east": {"uv": [7.5, 0, 8, 1], "texture": "#0"},
				"south": {"uv": [7.5, 1, 8, 2], "texture": "#0"},
				"west": {"uv": [7.5, 2, 8, 3], "texture": "#0"},
				"up": {"uv": [9.5, 4.5, 9, 4], "texture": "#0"},
				"down": {"uv": [5, 9, 4.5, 9.5], "texture": "#0"}
			}
		},
		{
			"from": [-3.43411, -1.4, -4.3],
			"to": [-3.03411, 0.6, -3.8],
			"rotation": {"angle": 0, "axis": "y", "origin": [-10.03411, 0, -4.3963]},
			"faces": {
				"north": {"uv": [7.5, 6.5, 8, 7.5], "texture": "#0"},
				"east": {"uv": [7, 7.5, 7.5, 8.5], "texture": "#0"},
				"south": {"uv": [7.5, 7.5, 8, 8.5], "texture": "#0"},
				"west": {"uv": [0, 8, 0.5, 9], "texture": "#0"},
				"up": {"uv": [9.5, 5.5, 9, 5], "texture": "#0"},
				"down": {"uv": [6, 9, 5.5, 9.5], "texture": "#0"}
			}
		},
		{
			"from": [-2.43411, -1.4, -4.3],
			"to": [-2.03411, 0.6, -3.8],
			"rotation": {"angle": 0, "axis": "y", "origin": [-9.03411, 0, -4.3963]},
			"faces": {
				"north": {"uv": [8, 0, 8.5, 1], "texture": "#0"},
				"east": {"uv": [0.5, 8, 1, 9], "texture": "#0"},
				"south": {"uv": [1, 8, 1.5, 9], "texture": "#0"},
				"west": {"uv": [8, 1, 8.5, 2], "texture": "#0"},
				"up": {"uv": [9.5, 6, 9, 5.5], "texture": "#0"},
				"down": {"uv": [6.5, 9, 6, 9.5], "texture": "#0"}
			}
		},
		{
			"from": [-1.43411, -1.4, -4.3],
			"to": [-1.03411, 0.6, -3.8],
			"rotation": {"angle": 0, "axis": "y", "origin": [-8.03411, 0, -4.3963]},
			"faces": {
				"north": {"uv": [8, 6, 8.5, 7], "texture": "#0"},
				"east": {"uv": [6.5, 8, 7, 9], "texture": "#0"},
				"south": {"uv": [8, 7, 8.5, 8], "texture": "#0"},
				"west": {"uv": [8, 8, 8.5, 9], "texture": "#0"},
				"up": {"uv": [9.5, 8.5, 9, 8], "texture": "#0"},
				"down": {"uv": [9, 9, 8.5, 9.5], "texture": "#0"}
			}
		},
		{
			"from": [-0.43411, -1.4, -4.3],
			"to": [-0.03411, 0.6, -3.8],
			"rotation": {"angle": 0, "axis": "y", "origin": [-7.03411, 0, -4.3963]},
			"faces": {
				"north": {"uv": [8.5, 0, 9, 1], "texture": "#0"},
				"east": {"uv": [8.5, 1, 9, 2], "texture": "#0"},
				"south": {"uv": [8.5, 2, 9, 3], "texture": "#0"},
				"west": {"uv": [8.5, 3, 9, 4], "texture": "#0"},
				"up": {"uv": [9.5, 9, 9, 8.5], "texture": "#0"},
				"down": {"uv": [9.5, 9, 9, 9.5], "texture": "#0"}
			}
		},
		{
			"from": [0.56589, -1.4, -4.3],
			"to": [0.96589, 0.6, -3.8],
			"rotation": {"angle": 0, "axis": "y", "origin": [-6.03411, 0, -4.3963]},
			"faces": {
				"north": {"uv": [3.5, 8.5, 4, 9.5], "texture": "#0"},
				"east": {"uv": [4, 8.5, 4.5, 9.5], "texture": "#0"},
				"south": {"uv": [8.5, 4, 9, 5], "texture": "#0"},
				"west": {"uv": [8.5, 5, 9, 6], "texture": "#0"},
				"up": {"uv": [10, 0.5, 9.5, 0], "texture": "#0"},
				"down": {"uv": [10, 0.5, 9.5, 1], "texture": "#0"}
			}
		},
		{
			"from": [1.46589, -1.4, -4.3],
			"to": [1.86589, 0.6, -3.8],
			"rotation": {"angle": 0, "axis": "y", "origin": [-5.13411, 0, -4.3963]},
			"faces": {
				"north": {"uv": [1, 9, 1.5, 10], "texture": "#0"},
				"east": {"uv": [9, 1, 9.5, 2], "texture": "#0"},
				"south": {"uv": [1.5, 9, 2, 10], "texture": "#0"},
				"west": {"uv": [2, 9, 2.5, 10], "texture": "#0"},
				"up": {"uv": [10, 3, 9.5, 2.5], "texture": "#0"},
				"down": {"uv": [3.5, 9.5, 3, 10], "texture": "#0"}
			}
		},
		{
			"from": [2.61432, 0.1, 11.95],
			"to": [3.71432, 2.1, 15.95],
			"rotation": {"angle": 22.5, "axis": "y", "origin": [3.16432, 1.1, 13.45]},
			"faces": {
				"north": {"uv": [7, 0, 7.5, 1], "texture": "#0"},
				"east": {"uv": [1, 5, 3, 6], "texture": "#0"},
				"south": {"uv": [2, 7, 2.5, 8], "texture": "#0"},
				"west": {"uv": [3, 5, 5, 6], "texture": "#0"},
				"up": {"uv": [1.5, 8, 1, 6], "texture": "#0"},
				"down": {"uv": [2, 6, 1.5, 8], "texture": "#0"}
			}
		},
		{
			"from": [0.45, 0.1, 11.95],
			"to": [1.55, 2.1, 15.95],
			"rotation": {"angle": -22.5, "axis": "y", "origin": [1, 1.1, 13.45]},
			"faces": {
				"north": {"uv": [6.5, 5, 7, 6], "texture": "#0"},
				"east": {"uv": [1, 4, 3, 5], "texture": "#0"},
				"south": {"uv": [6.5, 6, 7, 7], "texture": "#0"},
				"west": {"uv": [3, 4, 5, 5], "texture": "#0"},
				"up": {"uv": [5.5, 7, 5, 5], "texture": "#0"},
				"down": {"uv": [6, 5, 5.5, 7], "texture": "#0"}
			}
		}
	],
	"display": {
		"thirdperson_righthand": {
			"rotation": [61.75, 0, 0],
			"translation": [4.5, 6.25, 3],
			"scale": [0.71, 0.71, 0.71]
		},
		"firstperson_righthand": {
			"rotation": [25, 0, 0],
			"translation": [4.5, 5.25, 1.75],
			"scale": [0.49, 0.49, 0.49]
		},
		"ground": {
			"translation": [2.75, 4.5, 1.25],
			"scale": [0.48, 0.48, 0.48]
		},
		"gui": {
			"rotation": [30, -150, 0],
			"translation": [-6.25, 5.25, 0],
			"scale": [0.81, 0.81, 0.81]
		}
	}
}