{"textures":{"0":"modelengine:entity/bee_totem","1":"modelengine:entity/totememerald","2":"modelengine:entity/totemgold"},"elements":[{"from":[5.168,8.0,4.199],"to":[10.832,13.664,4.199],"faces":{"east":{"uv":[4.0,0.0,0.0,3.0],"tintindex":0,"rotation":0,"texture":"#0"},"south":{"uv":[8.75,13.0,5.75,16.0],"tintindex":0,"rotation":0,"texture":"#0"},"north":{"uv":[16.0,0.0,10.0,6.0],"tintindex":0,"rotation":0,"texture":"#0"},"west":{"uv":[4.0,3.0,0.0,6.0],"tintindex":0,"rotation":0,"texture":"#0"},"up":{"uv":[7.0,0.0,4.0,4.0],"tintindex":0,"rotation":0,"texture":"#0"},"down":{"uv":[7.0,8.0,4.0,4.0],"tintindex":0,"rotation":0,"texture":"#0"}}},{"from":[5.1480002,7.98,6.604],"to":[10.852,13.684,9.396001],"faces":{"east":{"uv":[11.0,3.0,5.0,12.0],"tintindex":0,"rotation":0,"texture":"#1"},"south":{"uv":[13.0,47.0,0.0,64.0],"tintindex":0,"rotation":0,"texture":"#1"},"north":{"uv":[13.0,47.0,0.0,64.0],"tintindex":0,"rotation":0,"texture":"#1"},"west":{"uv":[11.0,3.0,5.0,12.0],"tintindex":0,"rotation":0,"texture":"#1"},"up":{"uv":[4.0,11.0,13.0,5.0],"tintindex":0,"rotation":0,"texture":"#1"},"down":{"uv":[4.0,11.0,13.0,5.0],"tintindex":0,"rotation":0,"texture":"#1"}}},{"from":[5.168,8.0,4.224],"to":[10.832,13.664,11.776],"faces":{"east":{"uv":[13.0,2.0,1.0,13.0],"tintindex":0,"rotation":0,"texture":"#2"},"south":{"uv":[14.0,2.0,2.0,14.0],"tintindex":0,"rotation":0,"texture":"#2"},"north":{"uv":[14.0,2.0,2.0,14.0],"tintindex":0,"rotation":0,"texture":"#2"},"west":{"uv":[13.0,2.0,1.0,13.0],"tintindex":0,"rotation":0,"texture":"#2"},"up":{"uv":[14.0,1.0,2.0,15.0],"tintindex":0,"rotation":0,"texture":"#2"},"down":{"uv":[14.0,1.0,2.0,15.0],"tintindex":0,"rotation":0,"texture":"#2"}}}],"display":{"gui":{"rotation":[30,225,0]}}}