{"textures":{"0":"modelengine:entity/bee_robot"},"elements":[{"from":[6.0,8.0,6.0],"to":[10.0,8.0,10.0],"faces":{"up":{"uv":[6.5,10.25,8.25,12.0],"tintindex":0,"rotation":0,"texture":"#0"},"down":{"uv":[8.25,12.0,6.5,10.25],"tintindex":0,"rotation":0,"texture":"#0"}}},{"from":[7.7000003,7.5,7.7],"to":[8.3,8.5,8.3],"faces":{"up":{"uv":[4.0,12.25,4.25,12.5],"tintindex":0,"rotation":0,"texture":"#0"},"down":{"uv":[4.0,12.25,4.25,12.5],"tintindex":0,"rotation":0,"texture":"#0"}}}],"display":{"gui":{"rotation":[30,225,0]}}}