{"textures":{"1":"modelengine:entity/lava_flow"},"elements":[{"from":[7.0,14.0,8.0],"to":[8.0,15.0,9.0],"faces":{"east":{"uv":[29.0,20.5,29.5,21.0],"tintindex":0,"rotation":0,"texture":"#1"},"south":{"uv":[30.5,20.5,31.0,21.0],"tintindex":0,"rotation":0,"texture":"#1"},"north":{"uv":[29.5,20.5,30.0,21.0],"tintindex":0,"rotation":0,"texture":"#1"},"west":{"uv":[30.0,20.5,30.5,21.0],"tintindex":0,"rotation":0,"texture":"#1"},"up":{"uv":[30.0,20.5,29.5,20.0],"tintindex":0,"rotation":0,"texture":"#1"},"down":{"uv":[30.5,20.0,30.0,20.5],"tintindex":0,"rotation":0,"texture":"#1"}}}],"display":{"gui":{"rotation":[30,225,0]}}}