{"textures":{"0":"modelengine:entity/enderman"},"elements":[{"from":[7.428571,-1.1428576,7.428571],"to":[8.571428,8.0,8.571428],"rotation":{"angle":0.0,"axis":"y","origin":[8.0,3.4285712,8.0]},"faces":{"east":{"uv":[14.0,2.125,14.5,4.0],"rotation":0,"texture":"#0","tintindex":0},"south":{"uv":[15.0,2.125,15.5,4.0],"rotation":0,"texture":"#0","tintindex":0},"north":{"uv":[15.5,2.125,16.0,4.0],"rotation":0,"texture":"#0","tintindex":0},"west":{"uv":[14.5,2.125,15.0,4.0],"rotation":0,"texture":"#0","tintindex":0},"up":{"uv":[15.0,0.0,15.5,0.25],"rotation":0,"texture":"#0","tintindex":0},"down":{"uv":[14.5,0.0,15.0,0.25],"rotation":0,"texture":"#0","tintindex":0}}},{"from":[6.857143,3.7142854,6.857143],"to":[9.142858,6.5714283,9.142858],"rotation":{"angle":0.0,"axis":"y","origin":[8.0,5.142857,8.0]},"faces":{"east":{"uv":[3.0,6.125,4.0,6.625],"rotation":0,"texture":"#0","tintindex":0},"south":{"uv":[3.0,6.125,4.0,6.625],"rotation":0,"texture":"#0","tintindex":0},"north":{"uv":[3.0,6.125,4.0,6.625],"rotation":0,"texture":"#0","tintindex":0},"west":{"uv":[3.0,6.125,4.0,6.625],"rotation":0,"texture":"#0","tintindex":0},"up":{"uv":[3.0,6.125,4.0,6.625],"rotation":0,"texture":"#0","tintindex":0},"down":{"uv":[3.0,6.125,4.0,6.625],"rotation":0,"texture":"#0","tintindex":0}}},{"from":[6.857143,-2.5714293,6.857143],"to":[9.142858,3.142857,9.142858],"rotation":{"angle":0.0,"axis":"y","origin":[8.0,0.28571415,8.0]},"faces":{"east":{"uv":[0.0,7.375,1.0,8.625],"rotation":0,"texture":"#0","tintindex":0},"south":{"uv":[0.0,7.375,1.0,8.625],"rotation":0,"texture":"#0","tintindex":0},"north":{"uv":[0.0,7.375,1.0,8.625],"rotation":0,"texture":"#0","tintindex":0},"west":{"uv":[0.0,7.375,1.0,8.625],"rotation":0,"texture":"#0","tintindex":0},"up":{"uv":[3.0,6.125,4.0,6.625],"rotation":0,"texture":"#0","tintindex":0},"down":{"uv":[1.0,6.125,2.0,6.625],"rotation":0,"texture":"#0","tintindex":0}}}],"display":{"head":{"translation":[0.0,-6.4,0.0],"scale":[4.0,4.0,4.0]}}}