{"textures":{"0":"modelengine:entity/piranha_plant"},"elements":[{"from":[7.7714286,7.6,7.7714286],"to":[8.342857,9.314285,8.342857],"rotation":{"angle":0.0,"axis":"y","origin":[8.057143,8.457143,6.857143]},"faces":{"east":{"uv":[8.25,8.0,9.0,11.5],"rotation":0,"texture":"#0","tintindex":0},"south":{"uv":[8.25,8.0,9.0,11.5],"rotation":0,"texture":"#0","tintindex":0},"north":{"uv":[8.25,8.0,9.0,11.5],"rotation":0,"texture":"#0","tintindex":0},"west":{"uv":[8.25,8.0,9.0,11.5],"rotation":0,"texture":"#0","tintindex":0},"up":{"uv":[11.5,8.0,12.25,9.5],"rotation":0,"texture":"#0","tintindex":0},"down":{"uv":[11.5,8.0,12.25,9.5],"rotation":0,"texture":"#0","tintindex":0}}}],"display":{"head":{"translation":[0.0,-6.4,0.0],"scale":[4.0,4.0,4.0]}}}