{
	"parent": "item/handheld",
	"textures": {
		"layer0": "item/netherite_sword"
	},
	
	"overrides": [
		{"predicate": {"custom_model_data":1}, "model": "item/netherite_sword/1"},
		{"predicate": {"custom_model_data":2}, "model": "item/netherite_sword/2"},
		{"predicate": {"custom_model_data":3}, "model": "item/netherite_sword/3"},
		{"predicate": {"custom_model_data":4}, "model": "item/netherite_sword/4"},
		{"predicate": {"custom_model_data":5}, "model": "item/netherite_sword/5"},
		{"predicate": {"custom_model_data":6}, "model": "item/netherite_sword/6"},
		{"predicate": {"custom_model_data":7}, "model": "item/netherite_sword/7"},
		{"predicate": {"custom_model_data":8}, "model": "item/netherite_sword/8"},
		{"predicate": {"custom_model_data":9}, "model": "item/netherite_sword/9"},
		{"predicate": {"custom_model_data":101}, "model": "item/netherite_sword/101"},
		{"predicate": {"custom_model_data":102}, "model": "item/netherite_sword/102"},
		{"predicate": {"custom_model_data":103}, "model": "item/netherite_sword/103"},
		{"predicate": {"custom_model_data":104}, "model": "item/netherite_sword/104"},
		{"predicate": {"custom_model_data":105}, "model": "item/netherite_sword/105"},
		{"predicate": {"custom_model_data":106}, "model": "item/netherite_sword/106"},
		{"predicate": {"custom_model_data":107}, "model": "item/netherite_sword/107"},
		{"predicate": {"custom_model_data":108}, "model": "item/netherite_sword/108"}
	]
}