{
	"credit": "Made with Blockbench",
	"textures": {
		"0": "block/equipment/texture_1",
		"1": "block/equipment/texture_2",
		"2": "block/equipment/texture_3",
		"particle": "block/equipment/texture_1"
	},
	"elements": [
		{
			"from": [7.1, 7, 7],
			"to": [8.9, 9, 9],
			"rotation": {"angle": -45, "axis": "x", "origin": [8, 8, 8]},
			"faces": {
				"north": {"uv": [0, 8, 3.5, 12], "texture": "#1"},
				"east": {"uv": [0, 0, 4, 4], "texture": "#1"},
				"south": {"uv": [8, 0, 11.5, 4], "texture": "#1"},
				"west": {"uv": [0, 4, 4, 8], "texture": "#1"},
				"up": {"uv": [7.5, 12, 4, 8], "texture": "#1"},
				"down": {"uv": [11.5, 4, 8, 8], "texture": "#1"}
			}
		},
		{
			"from": [7, 7, 7.4],
			"to": [9, 9, 8.6],
			"rotation": {"angle": 45, "axis": "z", "origin": [8, 8, 8]},
			"faces": {
				"north": {"uv": [4, 0, 8, 4], "texture": "#1"},
				"east": {"uv": [8, 8, 10.5, 12], "texture": "#1"},
				"south": {"uv": [4, 4, 8, 8], "texture": "#1"},
				"west": {"uv": [0, 12, 2.5, 16], "texture": "#1"},
				"up": {"uv": [16, 2.5, 12, 0], "texture": "#1"},
				"down": {"uv": [8, 12, 4, 14.5], "texture": "#1"}
			}
		},
		{
			"from": [7.3, 6.5, 8],
			"to": [15.3, 14.5, 8],
			"rotation": {"angle": 45, "axis": "z", "origin": [11.3, 10.5, 8]},
			"faces": {
				"north": {"uv": [0, 0, 8, 8], "rotation": 270, "texture": "#0"},
				"east": {"uv": [8, 0, 0, 0], "rotation": 90, "texture": "#0"},
				"south": {"uv": [0, 8, 8, 16], "rotation": 90, "texture": "#0"},
				"west": {"uv": [8, 0, 0, 0], "rotation": 90, "texture": "#0"},
				"up": {"uv": [0, 0, 0, 8], "rotation": 90, "texture": "#0"},
				"down": {"uv": [0, 0, 0, 8], "rotation": 90, "texture": "#0"}
			}
		},
		{
			"from": [7.3, 6.5, 8],
			"to": [15.3, 14.5, 8],
			"rotation": {"angle": 45, "axis": "z", "origin": [11.3, 10.5, 8]},
			"faces": {
				"north": {"uv": [0, 8, 8, 16], "rotation": 270, "texture": "#0"},
				"east": {"uv": [8, 0, 0, 0], "rotation": 270, "texture": "#0"},
				"south": {"uv": [0, 0, 8, 8], "rotation": 90, "texture": "#0"},
				"west": {"uv": [8, 0, 0, 0], "rotation": 270, "texture": "#0"},
				"up": {"uv": [0, 0, 0, 8], "rotation": 90, "texture": "#0"},
				"down": {"uv": [0, 0, 0, 8], "rotation": 90, "texture": "#0"}
			}
		},
		{
			"from": [0.7, 6.5, 8],
			"to": [8.7, 14.5, 8],
			"rotation": {"angle": -45, "axis": "z", "origin": [4.7, 10.5, 8]},
			"faces": {
				"north": {"uv": [0, 8, 8, 0], "rotation": 270, "texture": "#0"},
				"east": {"uv": [8, 0, 0, 0], "rotation": 90, "texture": "#0"},
				"south": {"uv": [0, 16, 8, 8], "rotation": 90, "texture": "#0"},
				"west": {"uv": [8, 0, 0, 0], "rotation": 90, "texture": "#0"},
				"up": {"uv": [0, 8, 0, 0], "rotation": 90, "texture": "#0"},
				"down": {"uv": [0, 8, 0, 0], "rotation": 90, "texture": "#0"}
			}
		},
		{
			"from": [0.7, 6.5, 8],
			"to": [8.7, 14.5, 8],
			"rotation": {"angle": -45, "axis": "z", "origin": [4.7, 10.5, 8]},
			"faces": {
				"north": {"uv": [0, 16, 8, 8], "rotation": 270, "texture": "#0"},
				"east": {"uv": [8, 0, 0, 0], "rotation": 270, "texture": "#0"},
				"south": {"uv": [0, 8, 8, 0], "rotation": 90, "texture": "#0"},
				"west": {"uv": [8, 0, 0, 0], "rotation": 270, "texture": "#0"},
				"up": {"uv": [0, 8, 0, 0], "rotation": 90, "texture": "#0"},
				"down": {"uv": [0, 8, 0, 0], "rotation": 90, "texture": "#0"}
			}
		},
		{
			"from": [4.2, 1, 8],
			"to": [12.2, 9, 8],
			"rotation": {"angle": 0, "axis": "x", "origin": [8.2, 5, 8]},
			"faces": {
				"north": {"uv": [0, 8, 8, 0], "texture": "#0"},
				"east": {"uv": [0, 8, 0, 0], "texture": "#0"},
				"south": {"uv": [0, 16, 8, 8], "texture": "#0"},
				"west": {"uv": [0, 8, 0, 0], "texture": "#0"},
				"up": {"uv": [8, 0, 0, 0], "texture": "#0"},
				"down": {"uv": [8, 0, 0, 0], "texture": "#0"}
			}
		},
		{
			"from": [4.2, 1, 8],
			"to": [12.2, 9, 8],
			"rotation": {"angle": 0, "axis": "x", "origin": [8.2, 5, 8]},
			"faces": {
				"north": {"uv": [0, 16, 8, 8], "texture": "#0"},
				"east": {"uv": [0, 8, 0, 0], "texture": "#0"},
				"south": {"uv": [0, 8, 8, 0], "texture": "#0"},
				"west": {"uv": [0, 8, 0, 0], "texture": "#0"},
				"up": {"uv": [8, 0, 0, 0], "rotation": 180, "texture": "#0"},
				"down": {"uv": [8, 0, 0, 0], "rotation": 180, "texture": "#0"}
			}
		},
		{
			"from": [-0.6, 5, 7.9],
			"to": [7.4, 13, 7.9],
			"rotation": {"angle": -22.5, "axis": "z", "origin": [3.4, 9, 7.9]},
			"faces": {
				"north": {"uv": [0, 8, 8, 16], "rotation": 270, "texture": "#2"},
				"east": {"uv": [8, 0, 0, 0], "rotation": 90, "texture": "#2"},
				"south": {"uv": [0, 0, 8, 8], "rotation": 90, "texture": "#2"},
				"west": {"uv": [8, 0, 0, 0], "rotation": 90, "texture": "#2"},
				"up": {"uv": [0, 0, 0, 8], "rotation": 90, "texture": "#2"},
				"down": {"uv": [0, 0, 0, 8], "rotation": 90, "texture": "#2"}
			}
		},
		{
			"from": [-0.6, 5, 7.899],
			"to": [7.4, 13, 7.899],
			"rotation": {"angle": -22.5, "axis": "z", "origin": [3.4, 9, 7.899]},
			"faces": {
				"north": {"uv": [0, 0, 8, 8], "rotation": 270, "texture": "#2"},
				"east": {"uv": [8, 0, 0, 0], "rotation": 90, "texture": "#2"},
				"south": {"uv": [0, 8, 8, 16], "rotation": 90, "texture": "#2"},
				"west": {"uv": [8, 0, 0, 0], "rotation": 90, "texture": "#2"},
				"up": {"uv": [0, 0, 0, 8], "rotation": 90, "texture": "#2"},
				"down": {"uv": [0, 0, 0, 8], "rotation": 90, "texture": "#2"}
			}
		},
		{
			"from": [8.6, 5, 7.9],
			"to": [16.6, 13, 7.9],
			"rotation": {"angle": 22.5, "axis": "z", "origin": [12.6, 9, 7.9]},
			"faces": {
				"north": {"uv": [0, 16, 8, 8], "rotation": 270, "texture": "#2"},
				"east": {"uv": [8, 0, 0, 0], "rotation": 90, "texture": "#2"},
				"south": {"uv": [0, 8, 8, 0], "rotation": 90, "texture": "#2"},
				"west": {"uv": [8, 0, 0, 0], "rotation": 90, "texture": "#2"},
				"up": {"uv": [0, 8, 0, 0], "rotation": 90, "texture": "#2"},
				"down": {"uv": [0, 8, 0, 0], "rotation": 90, "texture": "#2"}
			}
		},
		{
			"from": [8.6, 5, 7.899],
			"to": [16.6, 13, 7.899],
			"rotation": {"angle": 22.5, "axis": "z", "origin": [12.6, 9, 7.899]},
			"faces": {
				"north": {"uv": [0, 8, 8, 0], "rotation": 270, "texture": "#2"},
				"east": {"uv": [8, 0, 0, 0], "rotation": 90, "texture": "#2"},
				"south": {"uv": [0, 16, 8, 8], "rotation": 90, "texture": "#2"},
				"west": {"uv": [8, 0, 0, 0], "rotation": 90, "texture": "#2"},
				"up": {"uv": [0, 8, 0, 0], "rotation": 90, "texture": "#2"},
				"down": {"uv": [0, 8, 0, 0], "rotation": 90, "texture": "#2"}
			}
		}
	],
	"display": {
		"thirdperson_righthand": {
			"translation": [0, 0, -0.75],
			"scale": [0.77, 0.77, 0.77]
		},
		"ground": {
			"translation": [0, 8.75, 0]
		},
		"gui": {
			"rotation": [0, -150, 0]
		},
		"head": {
			"translation": [0, 0.5, 0.25],
			"scale": [4, 4, 4]
		}
	},
	"groups": [
		{
			"name": "idk",
			"origin": [8, 8, 8],
			"color": 0,
			"children": [0, 1]
		},
		{
			"name": "1st_leaf",
			"origin": [13, 11, 8],
			"color": 0,
			"children": [2, 3]
		},
		{
			"name": "2nd leaf",
			"origin": [4.7, 10.5, 8],
			"color": 0,
			"children": [4, 5]
		},
		{
			"name": "3rd leaf",
			"origin": [8.2, 5, 8],
			"color": 0,
			"children": [6, 7]
		},
		{
			"name": "4th_leaf'",
			"origin": [-1.3, 8.5, 8.099],
			"color": 0,
			"children": [8, 9]
		},
		{
			"name": "5th leaf",
			"origin": [12.6, 9, 8.099],
			"color": 0,
			"children": [10, 11]
		}
	]
}