{"textures":{"0":"modelengine:entity/snail"},"elements":[{"from":[4.0,8.0,-1.0],"to":[12.0,14.0,17.0],"faces":{"east":{"uv":[0.0,1.5,1.5,6.0],"tintindex":0,"rotation":90,"texture":"#0"},"south":{"uv":[3.5,0.0,5.5,1.5],"tintindex":0,"rotation":0,"texture":"#0"},"north":{"uv":[1.5,0.0,3.5,1.5],"tintindex":0,"rotation":0,"texture":"#0"},"west":{"uv":[3.5,1.5,5.0,6.0],"tintindex":0,"rotation":90,"texture":"#0"},"up":{"uv":[1.5,1.5,3.5,6.0],"tintindex":0,"rotation":0,"texture":"#0"},"down":{"uv":[5.0,1.5,7.0,6.0],"tintindex":0,"rotation":0,"texture":"#0"}}}],"display":{"gui":{"rotation":[30,225,0]}}}