{"textures":{"0":"modelengine:entity/piranha_plant"},"elements":[{"from":[6.4,8.171429,5.3714285],"to":[9.828571,11.6,8.8],"rotation":{"angle":0.0,"axis":"y","origin":[8.114285,9.885715,7.0857143]},"faces":{"east":{"uv":[0.0,1.0,2.25,6.5],"rotation":0,"texture":"#0","tintindex":0},"south":{"uv":[13.0,0.0,15.5,4.5],"rotation":0,"texture":"#0","tintindex":0},"north":{"uv":[0.75,0.5,3.25,6.5],"rotation":0,"texture":"#0","tintindex":0},"west":{"uv":[1.5,9.0,4.0,14.0],"rotation":0,"texture":"#0","tintindex":0},"up":{"uv":[9.5,0.0,12.0,4.5],"rotation":0,"texture":"#0","tintindex":0},"down":{"uv":[1.5,6.5,4.0,11.5],"rotation":180,"texture":"#0","tintindex":0}}},{"from":[8.0,9.024658,6.325035],"to":[8.057143,13.024658,9.753607],"rotation":{"angle":22.5,"axis":"x","origin":[8.028571,11.024658,8.039321]},"faces":{"east":{"uv":[12.5,0.0,16.0,5.5],"rotation":180,"texture":"#0","tintindex":0},"south":{"uv":[12.75,6.0,16.0,7.0],"rotation":180,"texture":"#0","tintindex":0},"north":{"uv":[12.75,6.0,15.75,8.0],"rotation":180,"texture":"#0","tintindex":0},"west":{"uv":[12.25,1.0,15.75,6.5],"rotation":180,"texture":"#0","tintindex":0},"up":{"uv":[12.75,6.0,15.75,6.5],"rotation":180,"texture":"#0","tintindex":0},"down":{"uv":[12.75,6.0,15.75,7.0],"rotation":180,"texture":"#0","tintindex":0}}},{"from":[8.0,10.342051,4.9908075],"to":[8.057143,13.199194,7.2765217],"rotation":{"angle":-22.5,"axis":"x","origin":[8.028571,11.770622,6.1336646]},"faces":{"east":{"uv":[12.5,1.0,15.0,6.0],"rotation":180,"texture":"#0","tintindex":0},"south":{"uv":[12.75,6.0,15.25,7.0],"rotation":180,"texture":"#0","tintindex":0},"north":{"uv":[13.0,5.5,15.5,7.5],"rotation":180,"texture":"#0","tintindex":0},"west":{"uv":[12.5,1.0,15.0,6.0],"rotation":180,"texture":"#0","tintindex":0},"up":{"uv":[12.75,5.5,15.25,7.5],"rotation":180,"texture":"#0","tintindex":0},"down":{"uv":[12.75,6.0,15.25,7.5],"rotation":180,"texture":"#0","tintindex":0}}}],"display":{"head":{"translation":[0.0,-6.4,0.0],"scale":[4.0,4.0,4.0]}}}