{"textures":{"0":"modelengine:entity/enderman"},"elements":[{"from":[4.5714283,3.885714,6.285714],"to":[11.428572,12.457144,9.714286],"rotation":{"angle":0.0,"axis":"y","origin":[8.0,8.171429,8.0]},"faces":{"east":{"uv":[11.0,2.0,12.75,4.0],"rotation":0,"texture":"#0","tintindex":0},"south":{"uv":[9.5,2.0,12.5,4.0],"rotation":0,"texture":"#0","tintindex":0},"north":{"uv":[9.5,2.0,12.5,4.0],"rotation":0,"texture":"#0","tintindex":0},"west":{"uv":[9.0,2.0,10.5,4.0],"rotation":0,"texture":"#0","tintindex":0},"up":{"uv":[9.5,2.875,12.5,3.625],"rotation":0,"texture":"#0","tintindex":0},"down":{"uv":[9.5,2.875,12.5,3.625],"rotation":0,"texture":"#0","tintindex":0}}},{"from":[4.0,2.9714284,5.714286],"to":[12.0,12.685715,10.285714],"rotation":{"angle":0.0,"axis":"y","origin":[8.0,7.8285713,8.0]},"faces":{"east":{"uv":[6.5,6.625,8.0,8.625],"rotation":0,"texture":"#0","tintindex":0},"south":{"uv":[4.5,8.75,7.5,10.75],"rotation":0,"texture":"#0","tintindex":0},"north":{"uv":[4.5,6.625,7.5,8.625],"rotation":0,"texture":"#0","tintindex":0},"west":{"uv":[4.0,6.625,5.5,8.625],"rotation":0,"texture":"#0","tintindex":0},"up":{"uv":[9.25,8.875,13.25,9.875],"rotation":0,"texture":"#0","tintindex":0},"down":{"uv":[0.0,9.5,3.0,13.25],"rotation":0,"texture":"#0","tintindex":0}}}],"display":{"head":{"translation":[0.0,-6.4,0.0],"scale":[4.0,4.0,4.0]}}}