{"textures":{"0":"modelengine:entity/enderman"},"elements":[{"from":[5.714286,8.114285,6.285714],"to":[10.285714,12.685715,10.857143],"rotation":{"angle":0.0,"axis":"y","origin":[8.0,10.4,8.571428]},"faces":{"east":{"uv":[0.0,1.0,2.0,2.0],"rotation":0,"texture":"#0","tintindex":0},"south":{"uv":[6.0,1.0,8.0,2.0],"rotation":0,"texture":"#0","tintindex":0},"north":{"uv":[2.0,1.0,4.0,2.0],"rotation":0,"texture":"#0","tintindex":0},"west":{"uv":[4.0,1.0,6.0,2.0],"rotation":0,"texture":"#0","tintindex":0},"up":{"uv":[2.0,0.0,4.0,1.0],"rotation":0,"texture":"#0","tintindex":0},"down":{"uv":[6.0,3.0,8.0,4.0],"rotation":0,"texture":"#0","tintindex":0}}}],"display":{"head":{"translation":[0.0,-6.4,0.0],"scale":[4.0,4.0,4.0]}}}