{"textures":{"0":"modelengine:entity/inferno"},"elements":[{"from":[15.319225,-0.6708317,4.5714283],"to":[15.890654,16.472027,11.428572],"rotation":{"angle":22.5,"axis":"z","origin":[15.60494,7.900597,8.0]},"faces":{"east":{"uv":[0.0,8.25,3.0,16.0],"rotation":0,"texture":"#0","tintindex":0},"south":{"uv":[3.0,8.25,3.25,16.0],"rotation":0,"texture":"#0","tintindex":0},"north":{"uv":[3.0,8.25,3.25,16.0],"rotation":0,"texture":"#0","tintindex":0},"west":{"uv":[3.25,8.25,6.25,16.0],"rotation":0,"texture":"#0","tintindex":0},"up":{"uv":[1.5,7.75,4.5,8.0],"rotation":90,"texture":"#0","tintindex":0},"down":{"uv":[3.25,7.25,6.25,7.5],"rotation":90,"texture":"#0","tintindex":0}}}],"display":{"head":{"translation":[0.0,-6.4,0.0],"scale":[4.0,4.0,4.0]}}}