{"textures":{"0":"modelengine:entity/bee_radioactive","1":"modelengine:entity/glowing"},"elements":[{"from":[5.048,7.98,4.104],"to":[8.102,13.684,11.896],"faces":{"east":{"uv":[1.25,2.036,14.754,13.0],"tintindex":0,"rotation":0,"texture":"#1"},"south":{"uv":[4.636,2.036,11.364,13.964],"tintindex":0,"rotation":0,"texture":"#1"},"north":{"uv":[4.636,2.036,11.364,13.964],"tintindex":0,"rotation":0,"texture":"#1"},"west":{"uv":[1.25,2.036,14.754,13.0],"tintindex":0,"rotation":0,"texture":"#1"},"up":{"uv":[11.364,1.496,4.636,15.0],"tintindex":0,"rotation":0,"texture":"#1"},"down":{"uv":[11.364,1.496,4.636,15.0],"tintindex":0,"rotation":0,"texture":"#1"}}},{"from":[5.168,8.0,4.224],"to":[10.832,13.664,11.776],"faces":{"east":{"uv":[4.0,0.0,0.0,3.0],"tintindex":0,"rotation":0,"texture":"#0"},"south":{"uv":[3.0,6.0,0.0,9.0],"tintindex":0,"rotation":0,"texture":"#0"},"north":{"uv":[16.0,0.0,10.0,6.0],"tintindex":0,"rotation":0,"texture":"#0"},"west":{"uv":[4.0,3.0,0.0,6.0],"tintindex":0,"rotation":0,"texture":"#0"},"up":{"uv":[7.0,0.0,4.0,4.0],"tintindex":0,"rotation":0,"texture":"#0"},"down":{"uv":[7.0,8.0,4.0,4.0],"tintindex":0,"rotation":0,"texture":"#0"}}},{"from":[5.418,8.0,4.0950003],"to":[8.082,13.664,4.0950003],"faces":{"east":{"uv":[4.0,0.0,0.0,3.0],"tintindex":0,"rotation":0,"texture":"#0"},"south":{"uv":[16.0,13.0,13.0,16.0],"tintindex":0,"rotation":0,"texture":"#0"},"north":{"uv":[13.0,0.0,10.0,6.0],"tintindex":0,"rotation":0,"texture":"#0"},"west":{"uv":[4.0,3.0,0.0,6.0],"tintindex":0,"rotation":0,"texture":"#0"},"up":{"uv":[7.0,0.0,4.0,4.0],"tintindex":0,"rotation":0,"texture":"#0"},"down":{"uv":[7.0,8.0,4.0,4.0],"tintindex":0,"rotation":0,"texture":"#0"}}}],"display":{"gui":{"rotation":[30,225,0]}}}