{
	"credit": "Made with Blockbench",
	"texture_size": [32, 32],
	"textures": {
		"0": "block/equipment/vacuum_1",
		"1": "block/equipment/vacuum_2",
		"2": "block/equipment/vacuum_3",
		"3": "block/equipment/vacuum_4",
		"particle": "vacuum_1"
	},
	"elements": [
		{
			"from": [5, 1, 5.8],
			"to": [6.5, 2.1, 6],
			"rotation": {"angle": 0, "axis": "y", "origin": [7, 0, 4]},
			"faces": {
				"north": {"uv": [0, 0, 3, 2], "texture": "#2"},
				"east": {"uv": [0, 8, 1, 10], "texture": "#2"},
				"south": {"uv": [0, 2, 3, 4], "texture": "#2"},
				"west": {"uv": [8, 0, 9, 2], "texture": "#2"},
				"up": {"uv": [7, 3, 4, 2], "texture": "#2"},
				"down": {"uv": [7, 4, 4, 5], "texture": "#2"}
			}
		},
		{
			"from": [9.5, 1, 5.8],
			"to": [11, 2.1, 6],
			"rotation": {"angle": 0, "axis": "y", "origin": [11.5, 0, 4]},
			"faces": {
				"north": {"uv": [0, 4, 3, 6], "texture": "#2"},
				"east": {"uv": [2, 8, 3, 10], "texture": "#2"},
				"south": {"uv": [4, 0, 7, 2], "texture": "#2"},
				"west": {"uv": [8, 2, 9, 4], "texture": "#2"},
				"up": {"uv": [3, 7, 0, 6], "texture": "#2"},
				"down": {"uv": [7, 6, 4, 7], "texture": "#2"}
			}
		},
		{
			"from": [4, 0, 6],
			"to": [12, 2.5, 9],
			"rotation": {"angle": 0, "axis": "y", "origin": [7, 0, 7]},
			"faces": {
				"north": {"uv": [0, 6, 8, 8.5], "texture": "#0"},
				"east": {"uv": [8, 3, 11, 5.5], "texture": "#0"},
				"south": {"uv": [8, 0, 16, 2.5], "texture": "#0"},
				"west": {"uv": [8, 6, 11, 8.5], "texture": "#0"},
				"up": {"uv": [8, 3, 0, 0], "texture": "#0"},
				"down": {"uv": [8, 3, 0, 6], "texture": "#0"}
			}
		},
		{
			"from": [6.0001, 9.11742, 8.82398],
			"to": [9.9999, 13.61722, 11.82378],
			"rotation": {"angle": 22.5, "axis": "x", "origin": [7, 9.11732, 9.82388]},
			"faces": {
				"north": {"uv": [3, 3.5, 5, 5.75], "texture": "#3"},
				"east": {"uv": [5, 2.5, 6.5, 4.75], "texture": "#3"},
				"south": {"uv": [4, 0, 6, 2.25], "texture": "#3"},
				"west": {"uv": [5, 5, 6.5, 7.25], "texture": "#3"},
				"up": {"uv": [8, 1.5, 6, 0], "texture": "#3"},
				"down": {"uv": [5, 6, 3, 7.5], "texture": "#3"}
			}
		},
		{
			"from": [6, 3, 8.9],
			"to": [10, 9.5, 11.9],
			"rotation": {"angle": 0, "axis": "y", "origin": [7, 3, 9.9]},
			"faces": {
				"north": {"uv": [0, 0, 2, 3.25], "texture": "#3"},
				"east": {"uv": [0, 3.5, 1.5, 6.75], "texture": "#3"},
				"south": {"uv": [2, 0, 4, 3.25], "texture": "#3"},
				"west": {"uv": [1.5, 3.5, 3, 6.75], "texture": "#3"},
				"up": {"uv": [8.5, 3, 6.5, 1.5], "texture": "#3"},
				"down": {"uv": [8.5, 3, 6.5, 4.5], "texture": "#3"}
			}
		},
		{
			"from": [7.3002, 9.00401, 9.19369],
			"to": [8.7, 15.50381, 10.29349],
			"rotation": {"angle": 22.5, "axis": "x", "origin": [8.0001, 12.50391, 9.79359]},
			"color": 4,
			"faces": {
				"north": {"uv": [0, 0, 0.7, 3.25], "texture": "#missing"},
				"east": {"uv": [0, 0, 0.55, 3.25], "texture": "#missing"},
				"south": {"uv": [0, 0, 0.7, 3.25], "texture": "#missing"},
				"west": {"uv": [0, 0, 0.55, 3.25], "texture": "#missing"},
				"up": {"uv": [0, 0, 0.7, 0.55], "texture": "#missing"},
				"down": {"uv": [0, 0, 0.7, 0.55], "texture": "#missing"}
			}
		},
		{
			"from": [7.2999, 2.4999, 7.8999],
			"to": [8.7001, 9.5001, 9.0001],
			"rotation": {"angle": 0, "axis": "y", "origin": [7, 2.5, 7]},
			"faces": {
				"north": {"uv": [0, 0, 1.5, 7], "texture": "#1"},
				"east": {"uv": [0, 7, 1, 14], "texture": "#1"},
				"south": {"uv": [2, 0, 3.5, 7], "texture": "#1"},
				"west": {"uv": [1, 7, 2, 14], "texture": "#1"},
				"up": {"uv": [6.5, 9, 5, 8], "texture": "#1"},
				"down": {"uv": [9.5, 5, 8, 6], "texture": "#1"}
			}
		},
		{
			"from": [7.3002, 9.00401, 9.19369],
			"to": [8.7, 15.50381, 10.29349],
			"rotation": {"angle": 22.5, "axis": "x", "origin": [8.0001, 12.50391, 9.79359]},
			"faces": {
				"north": {"uv": [4, 0, 5.5, 6.5], "texture": "#1"},
				"east": {"uv": [2, 7, 3, 13.5], "texture": "#1"},
				"south": {"uv": [6, 0, 7.5, 6.5], "texture": "#1"},
				"west": {"uv": [3, 7, 4, 13.5], "texture": "#1"},
				"up": {"uv": [9.5, 7, 8, 6], "texture": "#1"},
				"down": {"uv": [8.5, 8, 7, 9], "texture": "#1"}
			}
		},
		{
			"from": [7.3001, 15.08406, 10.40355],
			"to": [8.7001, 15.48406, 11.40355],
			"rotation": {"angle": 0, "axis": "y", "origin": [8.0001, 18.58406, 10.90355]},
			"faces": {
				"north": {"uv": [9, 4, 10.5, 4.5], "texture": "#1"},
				"east": {"uv": [7, 9, 8, 9.5], "texture": "#1"},
				"south": {"uv": [5, 9, 6.5, 9.5], "texture": "#1"},
				"west": {"uv": [8, 9, 9, 9.5], "texture": "#1"},
				"up": {"uv": [9.5, 8, 8, 7], "texture": "#1"},
				"down": {"uv": [10.5, 1, 9, 2], "texture": "#1"}
			}
		},
		{
			"from": [7.5194, 15.17584, 10.38737],
			"to": [8.5192, 16.17564, 13.88717],
			"rotation": {"angle": 45, "axis": "z", "origin": [8.2193, 15.57574, 13.88727]},
			"faces": {
				"north": {"uv": [9, 2, 10, 3], "texture": "#1"},
				"east": {"uv": [4, 7, 7.5, 8], "texture": "#1"},
				"south": {"uv": [9, 3, 10, 4], "texture": "#1"},
				"west": {"uv": [8, 0, 11.5, 1], "texture": "#1"},
				"up": {"uv": [9, 4.5, 8, 1], "texture": "#1"},
				"down": {"uv": [5, 8, 4, 11.5], "texture": "#1"}
			}
		}
	],
	"display": {
		"thirdperson_righthand": {
			"rotation": [72.5, 0, 0],
			"translation": [0, 1, -7.25]
		},
		"firstperson_righthand": {
			"translation": [-1.5, 2.75, 1.75],
			"scale": [0.54, 0.54, 0.54]
		},
		"ground": {
			"translation": [0, 4, 0],
			"scale": [0.73, 0.73, 0.73]
		},
		"gui": {
			"rotation": [30, -150, 0],
			"translation": [1, -0.5, 0],
			"scale": [0.82, 0.82, 0.82]
		}
	},
	"groups": [
		{
			"name": "vacuum",
			"origin": [7, 0, 7],
			"color": 0,
			"children": [0, 1, 2]
		},
		{
			"name": "pich",
			"origin": [7, 3, 9.9],
			"color": 0,
			"children": [3, 4]
		},
		5,
		{
			"name": "bars",
			"origin": [8.2193, 15.57574, 13.88727],
			"color": 0,
			"children": [6, 7, 8, 9]
		}
	]
}