{
	"credit": "Made with Blockbench",
	"textures": {
		"0": "block/yellow_concrete",
		"1": "block/red_concrete_powder",
		"2": "block/light_gray_concrete_powder",
		"particle": "block/yellow_concrete"
	},
	"elements": [
		{
			"from": [7, 3, 7],
			"to": [9, 12, 9],
			"faces": {
				"north": {"uv": [1, 0, 3, 9], "texture": "#0"},
				"east": {"uv": [1, 0, 3, 9], "texture": "#0"},
				"south": {"uv": [1, 0, 3, 9], "texture": "#0"},
				"west": {"uv": [1, 0, 3, 9], "texture": "#0"},
				"up": {"uv": [1, 0, 3, 2], "texture": "#0"},
				"down": {"uv": [1, 0, 3, 2], "texture": "#0"}
			}
		},
		{
			"from": [6.5, 0, 6.5],
			"to": [9.5, 3, 9.5],
			"faces": {
				"north": {"uv": [0, 0, 3, 3], "texture": "#1"},
				"east": {"uv": [0, 0, 3, 3], "texture": "#1"},
				"south": {"uv": [0, 0, 3, 3], "texture": "#1"},
				"west": {"uv": [0, 0, 3, 3], "texture": "#1"},
				"up": {"uv": [0, 0, 3, 3], "texture": "#1"},
				"down": {"uv": [0, 0, 3, 3], "texture": "#1"}
			}
		},
		{
			"from": [7.25, 18.75, 1],
			"to": [8.75, 20.25, 5],
			"rotation": {"angle": -45, "axis": "x", "origin": [8, 13, 8]},
			"faces": {
				"north": {"uv": [0, 0, 1.5, 1.5], "rotation": 180, "texture": "#2"},
				"east": {"uv": [0, 0, 1.5, 4], "rotation": 90, "texture": "#2"},
				"south": {"uv": [0, 0, 1.5, 1.5], "texture": "#2"},
				"west": {"uv": [0, 0, 1.5, 4], "rotation": 270, "texture": "#2"},
				"up": {"uv": [0, 0, 1.5, 4], "texture": "#2"},
				"down": {"uv": [0, 0, 1.5, 4], "rotation": 180, "texture": "#2"}
			}
		},
		{
			"from": [6.75, 12, 3],
			"to": [9.25, 14.5, 8],
			"rotation": {"angle": 22.5, "axis": "x", "origin": [8, 13, 8]},
			"faces": {
				"north": {"uv": [0, 0, 2.5, 2.5], "rotation": 180, "texture": "#1"},
				"east": {"uv": [0, 0, 2.5, 5], "rotation": 90, "texture": "#1"},
				"south": {"uv": [0, 0, 2.5, 2.5], "texture": "#1"},
				"west": {"uv": [0, 0, 2.5, 5], "rotation": 270, "texture": "#1"},
				"up": {"uv": [0, 0, 2.5, 5], "texture": "#1"},
				"down": {"uv": [0, 0, 2.5, 5], "rotation": 180, "texture": "#1"}
			}
		},
		{
			"from": [7, 14, 0.5],
			"to": [9, 16, 4.5],
			"rotation": {"angle": 0, "axis": "x", "origin": [8, 13, 8]},
			"faces": {
				"north": {"uv": [0, 0, 2, 2], "rotation": 180, "texture": "#2"},
				"east": {"uv": [0, 0, 2, 4], "rotation": 90, "texture": "#2"},
				"south": {"uv": [0, 0, 2, 2], "texture": "#2"},
				"west": {"uv": [0, 0, 2, 4], "rotation": 270, "texture": "#2"},
				"up": {"uv": [0, 0, 2, 4], "texture": "#2"},
				"down": {"uv": [0, 0, 2, 4], "rotation": 180, "texture": "#2"}
			}
		},
		{
			"from": [6.5, 10, 6.5],
			"to": [9.5, 14, 9.5],
			"rotation": {"angle": -45, "axis": "x", "origin": [8, 13, 8]},
			"faces": {
				"north": {"uv": [0, 0, 3, 4], "texture": "#1"},
				"east": {"uv": [0, 0, 3, 4], "texture": "#1"},
				"south": {"uv": [0, 0, 3, 4], "texture": "#1"},
				"west": {"uv": [0, 0, 3, 4], "texture": "#1"},
				"up": {"uv": [0, 0, 3, 3], "texture": "#1"},
				"down": {"uv": [0, 0, 3, 3], "texture": "#1"}
			}
		},
		{
			"from": [6.65, 12, 7.5],
			"to": [9.35, 16, 10.5],
			"rotation": {"angle": 0, "axis": "x", "origin": [8, 13, 8]},
			"faces": {
				"north": {"uv": [0, 0, 2.7, 4], "texture": "#1"},
				"east": {"uv": [0, 0, 3, 4], "texture": "#1"},
				"south": {"uv": [0, 0, 2.7, 4], "texture": "#1"},
				"west": {"uv": [0, 0, 3, 4], "texture": "#1"},
				"up": {"uv": [0, 0, 2.7, 3], "texture": "#1"},
				"down": {"uv": [0, 0, 2.7, 3], "texture": "#1"}
			}
		}
	],
	"display": {
		"thirdperson_righthand": {
			"translation": [0, 0.25, 0]
		},
		"thirdperson_lefthand": {
			"translation": [0, 0.25, 0]
		},
		"firstperson_righthand": {
			"translation": [1, 2.5, 0]
		},
		"firstperson_lefthand": {
			"translation": [1, 2.5, 0]
		},
		"ground": {
			"rotation": [23, 0, 0],
			"translation": [0, 6.25, 0]
		},
		"gui": {
			"rotation": [0, 121, 30],
			"translation": [1, 0, 0]
		},
		"head": {
			"scale": [1.66, 1.66, 1.66]
		},
		"fixed": {
			"translation": [-1, 0, 0],
			"scale": [3.66, 1, 1]
		}
	},
	"groups": [
		0,
		1,
		{
			"name": "group",
			"origin": [8, 13, 8],
			"color": 0,
			"children": [2, 3, 4, 5, 6]
		}
	]
}