{"textures":{"0":"modelengine:entity/bee_sculk","2":"modelengine:entity/sculk_sensor_tendril_active"},"elements":[{"from":[7.0,16.0,7.0],"to":[9.0,18.0,9.0],"faces":{"east":{"uv":[0.0,0.0,2.0,2.0],"tintindex":0,"rotation":0,"texture":"#2"},"south":{"uv":[0.0,0.0,2.0,2.0],"tintindex":0,"rotation":0,"texture":"#2"},"north":{"uv":[0.0,0.0,2.0,2.0],"tintindex":0,"rotation":0,"texture":"#2"},"west":{"uv":[0.0,0.0,2.0,2.0],"tintindex":0,"rotation":0,"texture":"#2"},"up":{"uv":[0.0,0.0,2.0,2.0],"tintindex":0,"rotation":0,"texture":"#2"},"down":{"uv":[0.0,0.0,2.0,2.0],"tintindex":0,"rotation":0,"texture":"#2"}}},{"from":[5.168,8.0,4.224],"to":[10.832,13.664,11.776],"faces":{"east":{"uv":[4.0,0.0,0.0,3.0],"tintindex":0,"rotation":0,"texture":"#0"},"south":{"uv":[3.0,6.0,0.0,9.0],"tintindex":0,"rotation":0,"texture":"#0"},"north":{"uv":[16.0,0.0,10.0,6.0],"tintindex":0,"rotation":0,"texture":"#0"},"west":{"uv":[4.0,3.0,0.0,6.0],"tintindex":0,"rotation":0,"texture":"#0"},"up":{"uv":[7.0,0.0,4.0,4.0],"tintindex":0,"rotation":0,"texture":"#0"},"down":{"uv":[7.0,8.0,4.0,4.0],"tintindex":0,"rotation":0,"texture":"#0"}}}],"display":{"gui":{"rotation":[30,225,0]}}}