{
    "parent": "item/handheld",
    "textures": {
        "layer0": "minecraft:item/copper_ingot"
    },
    "overrides": [
        {"predicate": {"custom_model_data":1}, "model": "item/copper_ingot/1"},
        {"predicate": {"custom_model_data":2}, "model": "item/copper_ingot/2"},
        {"predicate": {"custom_model_data":3}, "model": "item/copper_ingot/3"},
        {"predicate": {"custom_model_data":4}, "model": "item/copper_ingot/4"},
        {"predicate": {"custom_model_data":5}, "model": "item/copper_ingot/5"},
        {"predicate": {"custom_model_data":6}, "model": "item/copper_ingot/6"},
        {"predicate": {"custom_model_data":7}, "model": "item/copper_ingot/7"},
        {"predicate": {"custom_model_data":8}, "model": "item/copper_ingot/8"},
        {"predicate": {"custom_model_data":9}, "model": "item/copper_ingot/9"},
        {"predicate": {"custom_model_data":10}, "model": "item/copper_ingot/10"},
        {"predicate": {"custom_model_data":11}, "model": "item/copper_ingot/11"},
        {"predicate": {"custom_model_data":12}, "model": "item/copper_ingot/12"},
        {"predicate": {"custom_model_data":13}, "model": "item/copper_ingot/13"},
        {"predicate": {"custom_model_data":14}, "model": "item/copper_ingot/14"},
        {"predicate": {"custom_model_data":15}, "model": "item/copper_ingot/15"},
        {"predicate": {"custom_model_data":16}, "model": "item/copper_ingot/16"},
        {"predicate": {"custom_model_data":17}, "model": "item/copper_ingot/17"},
        {"predicate": {"custom_model_data":18}, "model": "item/copper_ingot/18"},
        {"predicate": {"custom_model_data":19}, "model": "item/copper_ingot/19"},
        {"predicate": {"custom_model_data":20}, "model": "item/copper_ingot/20"},
        {"predicate": {"custom_model_data":21}, "model": "item/copper_ingot/21"},
        {"predicate": {"custom_model_data":22}, "model": "item/copper_ingot/22"},
        {"predicate": {"custom_model_data":23}, "model": "item/copper_ingot/23"},
        {"predicate": {"custom_model_data":24}, "model": "item/copper_ingot/24"},
        {"predicate": {"custom_model_data":25}, "model": "item/copper_ingot/25"},
        {"predicate": {"custom_model_data":26}, "model": "item/copper_ingot/26"},
        {"predicate": {"custom_model_data":27}, "model": "item/copper_ingot/27"},
        {"predicate": {"custom_model_data":28}, "model": "item/copper_ingot/28"},
        {"predicate": {"custom_model_data":29}, "model": "item/copper_ingot/29"},
        {"predicate": {"custom_model_data":30}, "model": "item/copper_ingot/30"},
        {"predicate": {"custom_model_data":31}, "model": "item/copper_ingot/31"},
        {"predicate": {"custom_model_data":32}, "model": "item/copper_ingot/32"},
        {"predicate": {"custom_model_data":33}, "model": "item/copper_ingot/33"},
        {"predicate": {"custom_model_data":34}, "model": "item/copper_ingot/34"},
        {"predicate": {"custom_model_data":35}, "model": "item/copper_ingot/35"},
        {"predicate": {"custom_model_data":36}, "model": "item/copper_ingot/36"},
        {"predicate": {"custom_model_data":37}, "model": "item/copper_ingot/37"},
        {"predicate": {"custom_model_data":38}, "model": "item/copper_ingot/38"},
        {"predicate": {"custom_model_data":39}, "model": "item/copper_ingot/39"},
        {"predicate": {"custom_model_data":40}, "model": "item/copper_ingot/40"},
        {"predicate": {"custom_model_data":41}, "model": "item/copper_ingot/41"},
        {"predicate": {"custom_model_data":42}, "model": "item/copper_ingot/42"},
        {"predicate": {"custom_model_data":43}, "model": "item/copper_ingot/43"},
        {"predicate": {"custom_model_data":44}, "model": "item/copper_ingot/44"},
        {"predicate": {"custom_model_data":45}, "model": "item/copper_ingot/45"},
        {"predicate": {"custom_model_data":46}, "model": "item/copper_ingot/46"},
        {"predicate": {"custom_model_data":47}, "model": "item/copper_ingot/47"},
        {"predicate": {"custom_model_data":48}, "model": "item/copper_ingot/48"},
        {"predicate": {"custom_model_data":49}, "model": "item/copper_ingot/49"},
        {"predicate": {"custom_model_data":50}, "model": "item/copper_ingot/50"}
        ]
}
