{
    "parent": "item/handheld",
    "textures": {
        "layer0": "minecraft:item/leather"
    },
    "overrides": [
        {"predicate": {"custom_model_data":1}, "model": "item/leather/1"},
        {"predicate": {"custom_model_data":2}, "model": "item/leather/2"},
        {"predicate": {"custom_model_data":3}, "model": "item/leather/3"},
        {"predicate": {"custom_model_data":4}, "model": "item/leather/4"},
        {"predicate": {"custom_model_data":5}, "model": "item/leather/5"},
        {"predicate": {"custom_model_data":6}, "model": "item/leather/6"},
        {"predicate": {"custom_model_data":7}, "model": "item/leather/7"},
        {"predicate": {"custom_model_data":8}, "model": "item/leather/8"},
        {"predicate": {"custom_model_data":9}, "model": "item/leather/9"},
        {"predicate": {"custom_model_data":10}, "model": "item/leather/10"},
        {"predicate": {"custom_model_data":11}, "model": "item/leather/11"},
        {"predicate": {"custom_model_data":12}, "model": "item/leather/12"},
        {"predicate": {"custom_model_data":13}, "model": "item/leather/13"},
        {"predicate": {"custom_model_data":14}, "model": "item/leather/14"},
        {"predicate": {"custom_model_data":15}, "model": "item/leather/15"},
        {"predicate": {"custom_model_data":16}, "model": "item/leather/16"},
        {"predicate": {"custom_model_data":17}, "model": "item/leather/17"},
        {"predicate": {"custom_model_data":18}, "model": "item/leather/18"},
        {"predicate": {"custom_model_data":19}, "model": "item/leather/19"},
        {"predicate": {"custom_model_data":20}, "model": "item/leather/20"},
        {"predicate": {"custom_model_data":21}, "model": "item/leather/21"},
        {"predicate": {"custom_model_data":22}, "model": "item/leather/22"},
        {"predicate": {"custom_model_data":23}, "model": "item/leather/23"},
        {"predicate": {"custom_model_data":24}, "model": "item/leather/24"},
        {"predicate": {"custom_model_data":25}, "model": "item/leather/25"},
        {"predicate": {"custom_model_data":26}, "model": "item/leather/26"},
        {"predicate": {"custom_model_data":27}, "model": "item/leather/27"},
        {"predicate": {"custom_model_data":28}, "model": "item/leather/28"},
        {"predicate": {"custom_model_data":29}, "model": "item/leather/29"},
        {"predicate": {"custom_model_data":30}, "model": "item/leather/30"},
        {"predicate": {"custom_model_data":31}, "model": "item/leather/31"},
        {"predicate": {"custom_model_data":32}, "model": "item/leather/32"},
        {"predicate": {"custom_model_data":33}, "model": "item/leather/33"},
        {"predicate": {"custom_model_data":34}, "model": "item/leather/34"},
        {"predicate": {"custom_model_data":35}, "model": "item/leather/35"},
        {"predicate": {"custom_model_data":36}, "model": "item/leather/36"},
        {"predicate": {"custom_model_data":37}, "model": "item/leather/37"},
        {"predicate": {"custom_model_data":38}, "model": "item/leather/38"},
        {"predicate": {"custom_model_data":39}, "model": "item/leather/39"},
        {"predicate": {"custom_model_data":40}, "model": "item/leather/40"},
        {"predicate": {"custom_model_data":41}, "model": "item/leather/41"},
        {"predicate": {"custom_model_data":42}, "model": "item/leather/42"},
        {"predicate": {"custom_model_data":43}, "model": "item/leather/43"},
        {"predicate": {"custom_model_data":44}, "model": "item/leather/44"},
        {"predicate": {"custom_model_data":45}, "model": "item/leather/45"},
        {"predicate": {"custom_model_data":46}, "model": "item/leather/46"},
        {"predicate": {"custom_model_data":47}, "model": "item/leather/47"},
        {"predicate": {"custom_model_data":48}, "model": "item/leather/48"},
        {"predicate": {"custom_model_data":49}, "model": "item/leather/49"},
        {"predicate": {"custom_model_data":50}, "model": "item/leather/50"}
        ]
}
