{
	"credit": "Made with Blockbench",
	"textures": {
		"0": "block/red_bee_nest_top",
		"1": "block/red_bee_nest_side",
		"2": "block/red_bee_nest_top",
		"3": "block/yellow_concrete",
		"particle": "barrel_bottom"
	},
	"elements": [
		{
			"from": [1, 0, 11],
			"to": [15, 16, 13],
			"faces": {
				"north": {"uv": [0, 0, 14, 16], "texture": "#missing"},
				"east": {"uv": [0, 0, 2, 16], "texture": "#1"},
				"south": {"uv": [0, 0, 14, 16], "texture": "#1"},
				"west": {"uv": [0, 0, 2, 16], "texture": "#1"},
				"up": {"uv": [1, 11, 15, 13], "texture": "#2"},
				"down": {"uv": [1, 11, 15, 13], "texture": "#0"}
			}
		},
		{
			"from": [0, 0, 5],
			"to": [16, 16, 11],
			"faces": {
				"north": {"uv": [0, 0, 16, 16], "texture": "#1"},
				"east": {"uv": [0, 0, 6, 16], "texture": "#1"},
				"south": {"uv": [0, 0, 16, 16], "texture": "#1"},
				"west": {"uv": [0, 0, 6, 16], "texture": "#1"},
				"up": {"uv": [0, 5, 16, 11], "texture": "#2"},
				"down": {"uv": [0, 5, 16, 11], "texture": "#0"}
			}
		},
		{
			"from": [2, 0, 13],
			"to": [14, 16, 14],
			"faces": {
				"north": {"uv": [0, 0, 12, 16], "texture": "#missing"},
				"east": {"uv": [0, 0, 1, 16], "texture": "#1"},
				"south": {"uv": [0, 0, 12, 16], "texture": "#1"},
				"west": {"uv": [0, 0, 1, 16], "texture": "#1"},
				"up": {"uv": [2, 13, 14, 14], "texture": "#2"},
				"down": {"uv": [2, 13, 14, 14], "texture": "#0"}
			}
		},
		{
			"from": [3, 0, 14],
			"to": [13, 16, 15],
			"faces": {
				"north": {"uv": [0, 0, 10, 16], "texture": "#missing"},
				"east": {"uv": [0, 0, 1, 16], "texture": "#1"},
				"south": {"uv": [0, 0, 10, 16], "texture": "#1"},
				"west": {"uv": [0, 0, 1, 16], "texture": "#1"},
				"up": {"uv": [3, 14, 13, 15], "texture": "#2"},
				"down": {"uv": [3, 14, 13, 15], "texture": "#0"}
			}
		},
		{
			"from": [5, 0, 15],
			"to": [11, 16, 16],
			"faces": {
				"north": {"uv": [0, 0, 6, 16], "texture": "#missing"},
				"east": {"uv": [0, 0, 1, 16], "texture": "#1"},
				"south": {"uv": [0, 0, 6, 16], "texture": "#1"},
				"west": {"uv": [0, 0, 1, 16], "texture": "#1"},
				"up": {"uv": [5, 15, 11, 16], "texture": "#2"},
				"down": {"uv": [5, 15, 11, 16], "texture": "#0"}
			}
		},
		{
			"from": [1, 0, 3],
			"to": [15, 16, 5],
			"faces": {
				"north": {"uv": [0, 0, 14, 16], "texture": "#1"},
				"east": {"uv": [0, 0, 2, 16], "texture": "#1"},
				"south": {"uv": [0, 0, 14, 16], "texture": "#missing"},
				"west": {"uv": [0, 0, 2, 16], "texture": "#1"},
				"up": {"uv": [1, 3, 15, 5], "texture": "#2"},
				"down": {"uv": [1, 3, 15, 5], "texture": "#0"}
			}
		},
		{
			"from": [2, 0, 2],
			"to": [14, 16, 3],
			"faces": {
				"north": {"uv": [0, 0, 12, 16], "texture": "#1"},
				"east": {"uv": [0, 0, 1, 16], "texture": "#1"},
				"south": {"uv": [0, 0, 12, 16], "texture": "#missing"},
				"west": {"uv": [0, 0, 1, 16], "texture": "#1"},
				"up": {"uv": [2, 2, 14, 3], "texture": "#2"},
				"down": {"uv": [2, 2, 14, 3], "texture": "#0"}
			}
		},
		{
			"from": [3, 0, 1],
			"to": [13, 16, 2],
			"faces": {
				"north": {"uv": [0, 0, 10, 16], "texture": "#1"},
				"east": {"uv": [0, 0, 1, 16], "texture": "#1"},
				"south": {"uv": [0, 0, 10, 16], "texture": "#missing"},
				"west": {"uv": [0, 0, 1, 16], "texture": "#1"},
				"up": {"uv": [3, 1, 13, 2], "texture": "#2"},
				"down": {"uv": [3, 1, 13, 2], "texture": "#0"}
			}
		},
		{
			"from": [5, 0, 0],
			"to": [11, 16, 1],
			"faces": {
				"north": {"uv": [0, 0, 6, 16], "texture": "#1"},
				"east": {"uv": [0, 0, 1, 16], "texture": "#1"},
				"south": {"uv": [0, 0, 6, 16], "texture": "#missing"},
				"west": {"uv": [0, 0, 1, 16], "texture": "#1"},
				"up": {"uv": [5, 0, 11, 1], "texture": "#2"},
				"down": {"uv": [5, 0, 11, 1], "texture": "#0"}
			}
		},
		{
			"from": [2.75, 6, 14],
			"to": [13.25, 11.5, 16.25],
			"rotation": {"angle": 0, "axis": "x", "origin": [8, 0, 8]},
			"faces": {
				"north": {"uv": [0, 0, 10.5, 5.5], "texture": "#3"},
				"east": {"uv": [0, 0, 2.25, 5.5], "texture": "#3"},
				"south": {"uv": [0, 0, 10.5, 5.5], "texture": "#3"},
				"west": {"uv": [0, 0, 2.25, 5.5], "texture": "#3"},
				"up": {"uv": [0, 0, 2.25, 10.5], "rotation": 90, "texture": "#3"},
				"down": {"uv": [0, 0, 2.25, 10.5], "rotation": 270, "texture": "#3"}
			}
		}
	],
	"display": {
		"thirdperson_righthand": {
			"scale": [0.3, 0.3, 0.3]
		},
		"firstperson_righthand": {
			"scale": [0.47, 0.47, 0.47]
		},
		"ground": {
			"translation": [0, 7.25, 0]
		},
		"gui": {
			"rotation": [30, 30, 0],
			"scale": [0.68, 0.68, 0.68]
		},
		"head": {
			"translation": [0, -11.75, 8]
		}
	}
}