{
    "providers": [
        {"type": "bitmap", "file": "minecraft:guis/vault.png","ascent": 20,"height": 135,"chars": ["🈵"]},
        {"type": "bitmap", "file": "minecraft:guis/blender-precraft.png","ascent": 20,"height": 135,"chars": ["腐"]},
        {"type": "bitmap", "file": "minecraft:guis/blender-postcraft.png","ascent": 20,"height": 135,"chars": ["觴"]},

        {"type": "bitmap", "file": "minecraft:guis/spixel.png","ascent": -2000,"height": -3,"chars": ["會"]},
        {"type": "bitmap", "file": "minecraft:guis/pixel.png","ascent": -2000,"height": -3,"chars": ["七"]},
        {"type": "bitmap", "file": "minecraft:guis/pixel.png","ascent": -2000,"height": -25,"chars": ["﹀"]},
        {"type": "bitmap", "file": "minecraft:guis/pixel.png","ascent": -2000,"height": -22,"chars": ["▵"]},
        {"type": "bitmap", "file": "minecraft:guis/pixel.png","ascent": -2000,"height": -30,"chars": ["海"]},
        {"type": "bitmap", "file": "minecraft:guis/scoreboard.png","ascent": 55,"height": 185,"chars": ["⠴"]},



        {"type": "bitmap", "file": "minecraft:guis/redextract.png","ascent":-3,"height": 160,"chars": ["伍"]},
        {"type": "bitmap", "file": "minecraft:guis/blueextract.png","ascent":-3,"height": 160,"chars": ["佰"]},
        {"type": "bitmap", "file": "minecraft:guis/glue.png","ascent":-3,"height": 160,"chars": ["鐸"]},
        {"type": "bitmap", "file": "minecraft:guis/oil.png","ascent":-3,"height": 160,"chars": ["非"]},
        {"type": "bitmap", "file": "minecraft:guis/enzymes.png","ascent":-3,"height": 160,"chars": ["號"]},



        {"type": "bitmap", "file": "minecraft:guis/speed.png","ascent":-3,"height": 160,"chars": ["俉"]},
        {"type": "bitmap", "file": "minecraft:guis/focus.png","ascent":-3,"height": 160,"chars": ["俩"]},
        {"type": "bitmap", "file": "minecraft:guis/crown.png","ascent":-3,"height": 160,"chars": ["倆"]},
        {"type": "bitmap", "file": "minecraft:guis/stache.png","ascent":-3,"height": 160,"chars": ["億"]},
        {"type": "bitmap", "file": "minecraft:guis/sword.png","ascent":-3,"height": 160,"chars": ["兩"]},
        {"type": "bitmap", "file": "minecraft:guis/redflower.png","ascent":-3,"height": 160,"chars": ["㊕"]},
        {"type": "bitmap", "file": "minecraft:guis/blueflower.png","ascent":-3,"height": 160,"chars": ["㊃"]},
        {"type": "bitmap", "file": "minecraft:guis/whiteflower.png","ascent":-3,"height": 160,"chars": ["㊖"]},
        {"type": "bitmap", "file": "minecraft:guis/flamepower.png","ascent": -3,"height": 160,"chars": ["字"]},
        {"type": "bitmap", "file": "minecraft:guis/purpleflower.png","ascent":-3,"height": 160,"chars": ["㊆"]},
        {"type": "bitmap", "file": "minecraft:guis/jump.png","ascent":-3,"height": 160,"chars": ["螌"]},
        {"type": "bitmap", "file": "minecraft:guis/landingzone.png","ascent":-3,"height": 160,"chars": ["色"]},
        {"type": "bitmap", "file": "minecraft:guis/toxiczone.png","ascent":-3,"height": 160,"chars": ["☣"]},


        {"type": "bitmap", "file": "minecraft:guis/flower.png","ascent": 8,"height": 10,"chars": ["㦻"]},
        {"type": "bitmap", "file": "minecraft:guis/hexagon.png","ascent": 8,"height": 10,"chars": ["⬣"]},

        {"type": "bitmap", "file": "minecraft:guis/line.png","ascent": 8.5,"height": 9,"chars": ["︴"]},

        {"type": "bitmap", "file": "minecraft:guis/screenshots/screenshot_amethyst.png","ascent": 23,"height": 50,"chars": ["🇦"]},
        {"type": "bitmap", "file": "minecraft:guis/screenshots/screenshot_angel.png","ascent": 25,"height": 54,"chars": ["🇧"]},
        {"type": "bitmap", "file": "minecraft:guis/screenshots/screenshot_angry.png","ascent": 23,"height": 50,"chars": ["🇨"]},
        {"type": "bitmap", "file": "minecraft:guis/screenshots/screenshot_basic.png","ascent": 23,"height": 50,"chars": ["🇩"]},
        {"type": "bitmap", "file": "minecraft:guis/screenshots/screenshot_blind.png","ascent": 23,"height": 50,"chars": ["🇪"]},
        {"type": "bitmap", "file": "minecraft:guis/screenshots/screenshot_breeze.png","ascent": 23,"height": 50,"chars": ["🇫"]},
        {"type": "bitmap", "file": "minecraft:guis/screenshots/screenshot_captain.png","ascent": 27,"height": 59,"chars": ["🇬"]},
        {"type": "bitmap", "file": "minecraft:guis/screenshots/screenshot_diamond.png","ascent": 24,"height": 50,"chars": ["🇭"]},
        {"type": "bitmap", "file": "minecraft:guis/screenshots/screenshot_drone.png","ascent": 24,"height": 53,"chars": ["🇮"]},
        {"type": "bitmap", "file": "minecraft:guis/screenshots/screenshot_enderman.png","ascent": 23,"height": 50,"chars": ["🇯"]},
        {"type": "bitmap", "file": "minecraft:guis/screenshots/screenshot_gold.png","ascent": 23,"height": 50,"chars": ["🇰"]},
        {"type": "bitmap", "file": "minecraft:guis/screenshots/screenshot_king.png","ascent": 26,"height": 69,"chars": ["🇱"]},
        {"type": "bitmap", "file": "minecraft:guis/screenshots/screenshot_lapis.png","ascent": 41,"height": 69,"chars": ["🇲"]},
        {"type": "bitmap", "file": "minecraft:guis/screenshots/screenshot_miner.png","ascent": 26,"height": 56,"chars": ["🇳"]},
        {"type": "bitmap", "file": "minecraft:guis/screenshots/screenshot_molten.png","ascent": 24,"height": 51,"chars": ["🇴"]},
        {"type": "bitmap", "file": "minecraft:guis/screenshots/screenshot_phantom.png","ascent": 23,"height": 50,"chars": ["🇵"]},
        {"type": "bitmap", "file": "minecraft:guis/screenshots/screenshot_queen.png","ascent": 26,"height": 56,"chars": ["🇶"]},
        {"type": "bitmap", "file": "minecraft:guis/screenshots/screenshot_radioactive.png","ascent": 23,"height": 50,"chars": ["🇷"]},
        {"type": "bitmap", "file": "minecraft:guis/screenshots/screenshot_redstone.png","ascent": 41,"height": 69,"chars": ["🇸"]},
        {"type": "bitmap", "file": "minecraft:guis/screenshots/screenshot_ruby.png","ascent": 24,"height": 50,"chars": ["🇹"]},
        {"type": "bitmap", "file": "minecraft:guis/screenshots/screenshot_sculk.png","ascent": 24,"height": 51,"chars": ["🇺"]},
        {"type": "bitmap", "file": "minecraft:guis/screenshots/screenshot_spider.png","ascent": 23,"height": 50,"chars": ["🇻"]},
        {"type": "bitmap", "file": "minecraft:guis/screenshots/screenshot_totem.png","ascent": 23,"height": 50,"chars": ["🇼"]},
        {"type": "bitmap", "file": "minecraft:guis/screenshots/screenshot_volcano.png","ascent": 35,"height": 63,"chars": ["🇽"]},
        {"type": "bitmap", "file": "minecraft:guis/screenshots/screenshot_warden.png","ascent": 35,"height": 62,"chars": ["🇾"]},




        {"type": "bitmap", "file": "minecraft:guis/0.png","ascent": 2,"height": 160,"chars": ["⓾"]},
        {"type": "bitmap", "file": "minecraft:guis/9.png","ascent": 2,"height": 160,"chars": ["⓽"]},
        {"type": "bitmap", "file": "minecraft:guis/8.png","ascent": 2,"height": 160,"chars": ["⓼"]},
        {"type": "bitmap", "file": "minecraft:guis/7.png","ascent": 2,"height": 160,"chars": ["⓻"]},
        {"type": "bitmap", "file": "minecraft:guis/4.png","ascent": 2,"height": 160,"chars": ["⓸"]},
        {"type": "bitmap", "file": "minecraft:guis/3.png","ascent": 2,"height": 160,"chars": ["⓷"]},
        {"type": "bitmap", "file": "minecraft:guis/2.png","ascent": 2,"height": 160,"chars": ["⓶"]},
        {"type": "bitmap", "file": "minecraft:guis/1.png","ascent": 2,"height": 160,"chars": ["⓵"]},
        {"type": "bitmap", "file": "minecraft:guis/6.png","ascent": 2,"height": 160,"chars": ["⓺"]},
        {"type": "bitmap", "file": "minecraft:guis/5.png","ascent": 2,"height": 160,"chars": ["⓹"]},
        {"type": "bitmap", "file": "minecraft:guis/0.png","ascent": -19,"height": 160,"chars": ["⑽"]},
        {"type": "bitmap", "file": "minecraft:guis/9.png","ascent": -19,"height": 160,"chars": ["⑼"]},
        {"type": "bitmap", "file": "minecraft:guis/8.png","ascent": -19,"height": 160,"chars": ["⑻"]},
        {"type": "bitmap", "file": "minecraft:guis/7.png","ascent": -19,"height": 160,"chars": ["⑺"]},
        {"type": "bitmap", "file": "minecraft:guis/4.png","ascent": -19,"height": 160,"chars": ["⑷"]},
        {"type": "bitmap", "file": "minecraft:guis/3.png","ascent": -19,"height": 160,"chars": ["⑶"]},
        {"type": "bitmap", "file": "minecraft:guis/2.png","ascent": -19,"height": 160,"chars": ["⑵"]},
        {"type": "bitmap", "file": "minecraft:guis/1.png","ascent": -19,"height": 160,"chars": ["⑴"]},
        {"type": "bitmap", "file": "minecraft:guis/dot.png","ascent": -19,"height": 160,"chars": ["¤"]},
        {"type": "bitmap", "file": "minecraft:guis/6.png","ascent": -19,"height": 160,"chars": ["⑹"]},
        {"type": "bitmap", "file": "minecraft:guis/5.png","ascent": -19,"height": 160,"chars": ["⑸"]},
        {"type": "bitmap", "file": "minecraft:guis/x.png","ascent": -19,"height": 160,"chars": ["◍"]},
        {"type": "bitmap", "file": "minecraft:guis/colon.png","ascent": 2,"height": 160,"chars": ["十"]},

        {"type": "bitmap", "file": "minecraft:guis/a.png","ascent": 6,"height": 100,"chars": ["𝔞"]},
        {"type": "bitmap", "file": "minecraft:guis/b.png","ascent": 6,"height": 100,"chars": ["𝔟"]},
        {"type": "bitmap", "file": "minecraft:guis/c.png","ascent": 6,"height": 100,"chars": ["𝔠"]},
        {"type": "bitmap", "file": "minecraft:guis/d.png","ascent": 6,"height": 100,"chars": ["𝔡"]},
        {"type": "bitmap", "file": "minecraft:guis/e.png","ascent": 6,"height": 100,"chars": ["𝔢"]},
        {"type": "bitmap", "file": "minecraft:guis/f.png","ascent": 6,"height": 100,"chars": ["𝔣"]},
        {"type": "bitmap", "file": "minecraft:guis/g.png","ascent": 6,"height": 100,"chars": ["𝔤"]},
        {"type": "bitmap", "file": "minecraft:guis/h.png","ascent": 6,"height": 100,"chars": ["𝔥"]},
        {"type": "bitmap", "file": "minecraft:guis/i.png","ascent": 6,"height": 100,"chars": ["𝔦"]},
        {"type": "bitmap", "file": "minecraft:guis/j.png","ascent": 6,"height": 100,"chars": ["𝔧"]},
        {"type": "bitmap", "file": "minecraft:guis/k.png","ascent": 6,"height": 100,"chars": ["𝔨"]},
        {"type": "bitmap", "file": "minecraft:guis/l.png","ascent": 6,"height": 100,"chars": ["𝔩"]},
        {"type": "bitmap", "file": "minecraft:guis/m.png","ascent": 6,"height": 100,"chars": ["𝔪"]},
        {"type": "bitmap", "file": "minecraft:guis/n.png","ascent": 6,"height": 100,"chars": ["𝔫"]},
        {"type": "bitmap", "file": "minecraft:guis/o.png","ascent": 6,"height": 100,"chars": ["𝔬"]},
        {"type": "bitmap", "file": "minecraft:guis/p.png","ascent": 6,"height": 100,"chars": ["𝔭"]},
        {"type": "bitmap", "file": "minecraft:guis/q.png","ascent": 6,"height": 100,"chars": ["𝔮"]},
        {"type": "bitmap", "file": "minecraft:guis/r.png","ascent": 6,"height": 100,"chars": ["𝔯"]},
        {"type": "bitmap", "file": "minecraft:guis/s.png","ascent": 6,"height": 100,"chars": ["𝔰"]},
        {"type": "bitmap", "file": "minecraft:guis/t.png","ascent": 6,"height": 100,"chars": ["𝔱"]},
        {"type": "bitmap", "file": "minecraft:guis/u.png","ascent": 6,"height": 100,"chars": ["𝔲"]},
        {"type": "bitmap", "file": "minecraft:guis/v.png","ascent": 6,"height": 100,"chars": ["𝔳"]},
        {"type": "bitmap", "file": "minecraft:guis/w.png","ascent": 6,"height": 100,"chars": ["𝔴"]},
        {"type": "bitmap", "file": "minecraft:guis/x.png","ascent": 6,"height": 100,"chars": ["𝔵"]},
        {"type": "bitmap", "file": "minecraft:guis/y.png","ascent": 6,"height": 100,"chars": ["𝔶"]},
        {"type": "bitmap", "file": "minecraft:guis/z.png","ascent": 6,"height": 100,"chars": ["𝔷"]},
        {"type": "bitmap", "file": "minecraft:guis/t0.png","ascent": 6,"height": 100,"chars": ["𝟘"]},
        {"type": "bitmap", "file": "minecraft:guis/t1.png","ascent": 6,"height": 100,"chars": ["𝟙"]},
        {"type": "bitmap", "file": "minecraft:guis/t2.png","ascent": 6,"height": 100,"chars": ["𝟚"]},
        {"type": "bitmap", "file": "minecraft:guis/t3.png","ascent": 6,"height": 100,"chars": ["𝟛"]},
        {"type": "bitmap", "file": "minecraft:guis/t4.png","ascent": 6,"height": 100,"chars": ["𝟜"]},
        {"type": "bitmap", "file": "minecraft:guis/t5.png","ascent": 6,"height": 100,"chars": ["𝟝"]},
        {"type": "bitmap", "file": "minecraft:guis/t6.png","ascent": 6,"height": 100,"chars": ["𝟞"]},
        {"type": "bitmap", "file": "minecraft:guis/t7.png","ascent": 6,"height": 100,"chars": ["𝟟"]},
        {"type": "bitmap", "file": "minecraft:guis/t8.png","ascent": 6,"height": 100,"chars": ["𝟠"]},
        {"type": "bitmap", "file": "minecraft:guis/t9.png","ascent": 6,"height": 100,"chars": ["𝟡"]},

        {"type": "bitmap", "file": "minecraft:guis/tdot.png","ascent": 6,"height": 100,"chars": ["腺"]},
        {"type": "bitmap", "file": "minecraft:guis/tplus.png","ascent": 6,"height": 100,"chars": ["嗌"]},
        {"type": "bitmap", "file": "minecraft:guis/tpercent.png","ascent": 6,"height": 100,"chars": ["钷"]},





        {"type": "bitmap", "file": "minecraft:guis/a.png", "ascent": 9, "height": 100, "chars": ["𝖆"]},
        {"type": "bitmap", "file": "minecraft:guis/b.png", "ascent": 9, "height": 100, "chars": ["𝖇"]},
        {"type": "bitmap", "file": "minecraft:guis/c.png", "ascent": 9, "height": 100, "chars": ["𝖈"]},
        {"type": "bitmap", "file": "minecraft:guis/d.png", "ascent": 9, "height": 100, "chars": ["𝖉"]},
        {"type": "bitmap", "file": "minecraft:guis/e.png", "ascent": 9, "height": 100, "chars": ["𝖊"]},
        {"type": "bitmap", "file": "minecraft:guis/f.png", "ascent": 9, "height": 100, "chars": ["𝖋"]},
        {"type": "bitmap", "file": "minecraft:guis/g.png", "ascent": 9, "height": 100, "chars": ["𝖌"]},
        {"type": "bitmap", "file": "minecraft:guis/h.png", "ascent": 9, "height": 100, "chars": ["𝖍"]},
        {"type": "bitmap", "file": "minecraft:guis/i.png", "ascent": 9, "height": 100, "chars": ["𝖎"]},
        {"type": "bitmap", "file": "minecraft:guis/j.png", "ascent": 9, "height": 100, "chars": ["𝖏"]},
        {"type": "bitmap", "file": "minecraft:guis/k.png", "ascent": 9, "height": 100, "chars": ["𝖐"]},
        {"type": "bitmap", "file": "minecraft:guis/l.png", "ascent": 9, "height": 100, "chars": ["𝖑"]},
        {"type": "bitmap", "file": "minecraft:guis/m.png", "ascent": 9, "height": 100, "chars": ["𝖒"]},
        {"type": "bitmap", "file": "minecraft:guis/n.png", "ascent": 9, "height": 100, "chars": ["𝖓"]},
        {"type": "bitmap", "file": "minecraft:guis/o.png", "ascent": 9, "height": 100, "chars": ["𝖔"]},
        {"type": "bitmap", "file": "minecraft:guis/p.png", "ascent": 9, "height": 100, "chars": ["𝖕"]},
        {"type": "bitmap", "file": "minecraft:guis/q.png", "ascent": 9, "height": 100, "chars": ["𝖖"]},
        {"type": "bitmap", "file": "minecraft:guis/r.png", "ascent": 9, "height": 100, "chars": ["𝖗"]},
        {"type": "bitmap", "file": "minecraft:guis/s.png", "ascent": 9, "height": 100, "chars": ["𝖘"]},
        {"type": "bitmap", "file": "minecraft:guis/t.png", "ascent": 9, "height": 100, "chars": ["𝖙"]},
        {"type": "bitmap", "file": "minecraft:guis/u.png", "ascent": 9, "height": 100, "chars": ["𝖚"]},
        {"type": "bitmap", "file": "minecraft:guis/v.png", "ascent": 9, "height": 100, "chars": ["𝖛"]},
        {"type": "bitmap", "file": "minecraft:guis/w.png", "ascent": 9, "height": 100, "chars": ["𝖜"]},
        {"type": "bitmap", "file": "minecraft:guis/x.png", "ascent": 9, "height": 100, "chars": ["𝖝"]},
        {"type": "bitmap", "file": "minecraft:guis/y.png", "ascent": 9, "height": 100, "chars": ["𝖞"]},
        {"type": "bitmap", "file": "minecraft:guis/z.png", "ascent": 9, "height": 100, "chars": ["𝖟"]},

        {"type": "bitmap", "file": "minecraft:guis/t0.png", "ascent": 9, "height": 100, "chars": ["𝟬"]},
        {"type": "bitmap", "file": "minecraft:guis/t1.png", "ascent": 9, "height": 100, "chars": ["𝟭"]},
        {"type": "bitmap", "file": "minecraft:guis/t2.png", "ascent": 9, "height": 100, "chars": ["𝟮"]},
        {"type": "bitmap", "file": "minecraft:guis/t3.png", "ascent": 9, "height": 100, "chars": ["𝟯"]},
        {"type": "bitmap", "file": "minecraft:guis/t4.png", "ascent": 9, "height": 100, "chars": ["𝟰"]},
        {"type": "bitmap", "file": "minecraft:guis/t5.png", "ascent": 9, "height": 100, "chars": ["𝟱"]},
        {"type": "bitmap", "file": "minecraft:guis/t6.png", "ascent": 9, "height": 100, "chars": ["𝟲"]},
        {"type": "bitmap", "file": "minecraft:guis/t7.png", "ascent": 9, "height": 100, "chars": ["𝟳"]},
        {"type": "bitmap", "file": "minecraft:guis/t8.png", "ascent": 9, "height": 100, "chars": ["𝟴"]},
        {"type": "bitmap", "file": "minecraft:guis/t9.png", "ascent": 9, "height": 100, "chars": ["𝟵"]},
        {"type": "bitmap", "file": "minecraft:guis/tdot.png","ascent": 9,"height": 100,"chars": ["髃"]},
        {"type": "bitmap", "file": "minecraft:guis/tplus.png","ascent": 9,"height": 100,"chars": ["兝"]},
        {"type": "bitmap", "file": "minecraft:guis/tpercent.png","ascent": 9,"height": 100,"chars": ["孈"]},

        {"type": "bitmap", "file": "minecraft:guis/a.png", "ascent": 12, "height": 100, "chars": ["𝗮"]},
        {"type": "bitmap", "file": "minecraft:guis/b.png", "ascent": 12, "height": 100, "chars": ["𝗯"]},
        {"type": "bitmap", "file": "minecraft:guis/c.png", "ascent": 12, "height": 100, "chars": ["𝗰"]},
        {"type": "bitmap", "file": "minecraft:guis/d.png", "ascent": 12, "height": 100, "chars": ["𝗱"]},
        {"type": "bitmap", "file": "minecraft:guis/e.png", "ascent": 12, "height": 100, "chars": ["𝗲"]},
        {"type": "bitmap", "file": "minecraft:guis/f.png", "ascent": 12, "height": 100, "chars": ["𝗳"]},
        {"type": "bitmap", "file": "minecraft:guis/g.png", "ascent": 12, "height": 100, "chars": ["𝗴"]},
        {"type": "bitmap", "file": "minecraft:guis/h.png", "ascent": 12, "height": 100, "chars": ["𝗵"]},
        {"type": "bitmap", "file": "minecraft:guis/i.png", "ascent": 12, "height": 100, "chars": ["𝗶"]},
        {"type": "bitmap", "file": "minecraft:guis/j.png", "ascent": 12, "height": 100, "chars": ["𝗷"]},
        {"type": "bitmap", "file": "minecraft:guis/k.png", "ascent": 12, "height": 100, "chars": ["𝗸"]},
        {"type": "bitmap", "file": "minecraft:guis/l.png", "ascent": 12, "height": 100, "chars": ["𝗹"]},
        {"type": "bitmap", "file": "minecraft:guis/m.png", "ascent": 12, "height": 100, "chars": ["𝗺"]},
        {"type": "bitmap", "file": "minecraft:guis/n.png", "ascent": 12, "height": 100, "chars": ["𝗻"]},
        {"type": "bitmap", "file": "minecraft:guis/o.png", "ascent": 12, "height": 100, "chars": ["𝗼"]},
        {"type": "bitmap", "file": "minecraft:guis/p.png", "ascent": 12, "height": 100, "chars": ["𝗽"]},
        {"type": "bitmap", "file": "minecraft:guis/q.png", "ascent": 12, "height": 100, "chars": ["𝗾"]},
        {"type": "bitmap", "file": "minecraft:guis/r.png", "ascent": 12, "height": 100, "chars": ["𝗿"]},
        {"type": "bitmap", "file": "minecraft:guis/s.png", "ascent": 12, "height": 100, "chars": ["𝘀"]},
        {"type": "bitmap", "file": "minecraft:guis/t.png", "ascent": 12, "height": 100, "chars": ["𝘁"]},
        {"type": "bitmap", "file": "minecraft:guis/u.png", "ascent": 12, "height": 100, "chars": ["𝘂"]},
        {"type": "bitmap", "file": "minecraft:guis/v.png", "ascent": 12, "height": 100, "chars": ["𝘃"]},
        {"type": "bitmap", "file": "minecraft:guis/w.png", "ascent": 12, "height": 100, "chars": ["𝘄"]},
        {"type": "bitmap", "file": "minecraft:guis/x.png", "ascent": 12, "height": 100, "chars": ["𝘅"]},
        {"type": "bitmap", "file": "minecraft:guis/y.png", "ascent": 12, "height": 100, "chars": ["𝘆"]},
        {"type": "bitmap", "file": "minecraft:guis/z.png", "ascent": 12, "height": 100, "chars": ["𝘇"]},
        {"type": "bitmap", "file": "minecraft:guis/t0.png", "ascent": 12, "height": 100, "chars": ["⓿"]},
        {"type": "bitmap", "file": "minecraft:guis/t1.png", "ascent": 12, "height": 100, "chars": ["➊"]},
        {"type": "bitmap", "file": "minecraft:guis/t2.png", "ascent": 12, "height": 100, "chars": ["➋"]},
        {"type": "bitmap", "file": "minecraft:guis/t3.png", "ascent": 12, "height": 100, "chars": ["➌"]},
        {"type": "bitmap", "file": "minecraft:guis/t4.png", "ascent": 12, "height": 100, "chars": ["➍"]},
        {"type": "bitmap", "file": "minecraft:guis/t5.png", "ascent": 12, "height": 100, "chars": ["➎"]},
        {"type": "bitmap", "file": "minecraft:guis/t6.png", "ascent": 12, "height": 100, "chars": ["➏"]},
        {"type": "bitmap", "file": "minecraft:guis/t7.png", "ascent": 12, "height": 100, "chars": ["➐"]},
        {"type": "bitmap", "file": "minecraft:guis/t8.png", "ascent": 12, "height": 100, "chars": ["➑"]},
        {"type": "bitmap", "file": "minecraft:guis/t9.png", "ascent": 12, "height": 100, "chars": ["➒"]},
        {"type": "bitmap", "file": "minecraft:guis/tdot.png","ascent": 12,"height": 100,"chars": ["歘"]},
        {"type": "bitmap", "file": "minecraft:guis/tplus.png","ascent": 12,"height": 100,"chars": ["韯"]},
        {"type": "bitmap", "file": "minecraft:guis/tpercent.png","ascent": 12,"height": 100,"chars": ["鏂"]}







    ]
}



